AG-313-A02_13_1_1_843_R	PF00392.20	46.3	4.1e-13	45.6	6.8e-13
AG-313-A07_20_11_9308_10015_R	PF00392.20	68.7	4.3e-20	67.9	7.4e-20
AG-313-A07_9_7_5207_5896_R	PF00392.20	55.1	7.1e-16	54.8	9.2e-16
AG-313-A14_1_46_40818_41477_F	PF00392.20	52.8	3.7e-15	51.6	9e-15
AG-313-B05_9_15_13027_13371_F	PF00392.20	43.2	3.9e-12	42.8	5.2e-12
AG-313-B09_1_134_140203_140862_R	PF00392.20	54.3	1.3e-15	52.4	5.2e-15
AG-313-B09_29_5_5157_5924_R	PF00392.20	40.9	1.9e-11	40.1	3.5e-11
AG-313-D08_11_57_55860_56042_F	PF00392.20	27.9	2.2e-07	27.7	2.7e-07
AG-313-D21_10_4_3143_3802_R	PF00392.20	52.9	3.6e-15	51.7	8.7e-15
AG-313-F06_46_6_4890_5612_F	PF00392.20	61.5	7.5e-18	60.7	1.4e-17
AG-313-L16_44_4_1744_2454_R	PF00392.20	67.8	8.1e-20	66.9	1.6e-19
AG-313-L22_1_47_44529_45215_R	PF00392.20	47.4	1.9e-13	46.8	2.9e-13
AG-313-L22_20_2_1059_1772_R	PF00392.20	55.2	6.9e-16	51.4	1e-14
AG-313-M16_58_1_10_654_F	PF00392.20	52.1	6.3e-15	51.2	1.2e-14
AG-319-B05_4_28_24697_25458_F	PF00392.20	66.6	1.9e-19	65.8	3.3e-19
AG-319-D09_6_79_76097_76858_R	PF00392.20	66.2	2.5e-19	65.4	4.4e-19
AG-319-D22_6_10_11972_12346_F	PF00392.20	47.8	1.4e-13	47.1	2.3e-13
AG-319-E11_24_13_13414_14214_R	PF00392.20	51.6	8.9e-15	50.9	1.6e-14
AG-319-F04_19_13_14205_14966_R	PF00392.20	66.6	1.9e-19	65.8	3.3e-19
AG-319-F15_10_43_39516_40250_F	PF00392.20	66.6	1.9e-19	65.9	3.2e-19
AG-319-F15_32_20_20109_20903_F	PF00392.20	61.5	7.5e-18	60.6	1.4e-17
AG-319-F15_39_8_7323_8060_R	PF00392.20	68.5	4.7e-20	67.7	8.6e-20
AG-319-G15_2_40_45682_46395_F	PF00392.20	73.3	1.5e-21	72.1	3.7e-21
AG-319-G15_6_41_40200_40961_R	PF00392.20	66.6	1.9e-19	65.8	3.3e-19
AG-319-I09_13_10_12287_13009_R	PF00392.20	75.3	3.7e-22	74.0	9.1e-22
AG-319-I10_65_5_4053_4487_F	PF00392.20	69.4	2.6e-20	68.8	3.9e-20
AG-319-I14_7_1_3_302_R	PF00392.20	63.1	2.3e-18	63.1	2.3e-18
AG-319-I20_27_8_7312_7980_R	PF00392.20	64.9	6.6e-19	64.1	1.2e-18
AG-319-J15_13_11_7640_7984_R	PF00392.20	44.7	1.3e-12	44.3	1.8e-12
AG-319-J18_15_22_20836_21546_F	PF00392.20	61.6	6.8e-18	60.9	1.2e-17
AG-319-J18_23_17_14581_15360_R	PF00392.20	61.9	5.6e-18	61.1	1e-17
AG-319-J21_10_6_4040_4699_F	PF00392.20	53.5	2.3e-15	52.6	4.3e-15
AG-319-L15_18_4_2871_4046_F	PF00392.20	47.0	2.5e-13	45.9	5.6e-13
AG-319-L17_39_2_481_1242_R	PF00392.20	65.7	3.5e-19	65.0	6.1e-19
AG-319-M03_63_5_4609_5316_R	PF00392.20	73.7	1.2e-21	72.4	3e-21
AG-319-M23_17_18_15144_15488_R	PF00392.20	47.8	1.4e-13	47.4	1.9e-13
AG-319-O13_5_51_59407_59751_R	PF00392.20	47.8	1.4e-13	47.4	1.9e-13
AG-319-P03_111_4_1946_2305_F	PF00392.20	76.0	2.3e-22	75.2	3.8e-22
AG-319-P21_37_12_9854_10633_R	PF00392.20	61.9	5.6e-18	61.1	1e-17
AG-325-A07_22_6_4490_5149_R	PF00392.20	49.2	5.2e-14	48.1	1.1e-13
AG-325-A10_11_18_17597_18304_R	PF00392.20	45.6	7e-13	44.9	1.2e-12
AG-325-A22_7_23_24671_25015_R	PF00392.20	46.8	2.8e-13	46.5	3.7e-13
AG-325-A23_16_2_777_1436_R	PF00392.20	49.7	3.6e-14	48.6	8.1e-14
AG-325-B15_8_24_18588_19574_F	PF00392.20	49.4	4.5e-14	46.4	3.9e-13
AG-325-C06_7_21_15359_16018_R	PF00392.20	49.3	4.9e-14	48.1	1.1e-13
AG-325-C19_29_4_3154_3813_F	PF00392.20	49.2	5.2e-14	48.1	1.1e-13
AG-325-D16_8_16_14131_14790_F	PF00392.20	49.2	5.2e-14	48.1	1.1e-13
AG-325-E03_1_3_1243_1944_R	PF00392.20	51.9	7.6e-15	51.2	1.2e-14
AG-325-E04_27_5_6757_7470_R	PF00392.20	41.8	1.1e-11	41.1	1.7e-11
AG-325-F06_1_41_37686_38345_R	PF00392.20	49.2	5.2e-14	48.1	1.1e-13
AG-325-G05_8_32_32642_33361_R	PF00392.20	62.2	4.4e-18	61.6	6.7e-18
AG-325-G07_6_3_1705_2049_R	PF00392.20	43.8	2.5e-12	43.4	3.2e-12
AG-325-G13_11_20_18023_18682_F	PF00392.20	51.0	1.5e-14	49.8	3.3e-14
AG-325-I21_7_9_7613_9103_F	PF00392.20	49.3	4.8e-14	48.2	1e-13
AG-325-J18_1_31_34696_35349_F	PF00392.20	57.3	1.5e-16	55.9	4.1e-16
AG-325-J18_1_8_8344_9105_F	PF00392.20	55.8	4.6e-16	54.9	8.2e-16
AG-325-L20_1_64_61653_62312_R	PF00392.20	49.2	5.2e-14	48.1	1.1e-13
AG-325-N10_7_7_5758_6102_F	PF00392.20	47.4	1.9e-13	47.0	2.4e-13
AG-325-P09_20_4_2501_3175_F	PF00392.20	51.7	8.8e-15	50.9	1.5e-14
AG-325-P16_1_174_158881_159582_R	PF00392.20	49.7	3.7e-14	49.0	5.7e-14
AG-325-P17_11_25_19204_19863_R	PF00392.20	49.2	5.2e-14	48.1	1.1e-13
AG-333-A20_25_2_599_943_F	PF00392.20	44.3	1.8e-12	43.8	2.5e-12
AG-333-B05_22_3_1000_1308_F	PF00392.20	53.5	2.4e-15	53.2	3e-15
AG-333-B07_6_3_933_1922_R	PF00392.20	51.1	1.3e-14	49.7	3.7e-14
AG-333-B20_3_11_9832_10818_R	PF00392.20	42.9	4.6e-12	41.6	1.2e-11
AG-333-C22_14_9_6721_7362_F	PF00392.20	56.0	4e-16	55.2	6.8e-16
AG-333-E09_13_9_9743_10471_R	PF00392.20	71.4	6.1e-21	68.8	3.8e-20
AG-333-E20_1_3_2082_2882_R	PF00392.20	64.1	1.1e-18	59.9	2.3e-17
AG-333-F05_8_1_3_920_F	PF00392.20	43.1	4.1e-12	41.7	1.1e-11
AG-333-F23_15_3_1590_2291_F	PF00392.20	73.6	1.2e-21	69.1	3.2e-20
AG-333-G13_7_14_12690_13679_R	PF00392.20	51.3	1.2e-14	49.7	3.7e-14
AG-333-G16_5_3_2767_3753_R	PF00392.20	47.7	1.5e-13	46.4	3.9e-13
AG-333-J16_19_12_10510_11217_F	PF00392.20	68.1	6.4e-20	67.4	1e-19
AG-333-J16_26_6_7231_7920_F	PF00392.20	55.2	7e-16	54.7	9.6e-16
AG-333-J22_1_2_549_1556_R	PF00392.20	48.9	6.5e-14	47.3	2e-13
AG-333-K16_2_43_47534_48247_F	PF00392.20	54.0	1.6e-15	52.9	3.6e-15
AG-333-L15_1_162_147751_148095_F	PF00392.20	46.8	2.8e-13	46.5	3.7e-13
AG-333-P18_1_8_7960_8949_R	PF00392.20	51.7	8.5e-15	49.9	3.2e-14
AG-337-B13_4_73_85784_86686_R	PF00392.20	56.2	3.2e-16	34.2	2.6e-09
AG-337-C02_3_64_62068_62727_R	PF00392.20	49.2	5.2e-14	48.1	1.1e-13
AG-337-D02_30_3_3268_4254_R	PF00392.20	46.8	2.9e-13	45.4	8.1e-13
AG-337-I11_46_6_4472_5209_F	PF00392.20	72.8	2.2e-21	72.0	4e-21
AG-337-J14_4_62_95335_95940_F	PF00392.20	54.6	1.1e-15	53.9	1.8e-15
AG-337-J18_16_24_20575_21561_F	PF00392.20	47.5	1.8e-13	46.4	3.9e-13
AG-337-L10_11_10_8668_9654_R	PF00392.20	48.5	8.6e-14	47.5	1.7e-13
AG-337-L15_2_97_91921_92580_F	PF00392.20	49.2	5.2e-14	48.1	1.1e-13
AG-337-M07_6_53_45235_45753_F	PF00392.20	49.5	4e-14	48.7	7.6e-14
AG-337-M09_7_23_23158_23859_F	PF00392.20	52.8	3.8e-15	50.5	2e-14
AG-337-M22_36_3_2113_2850_F	PF00392.20	73.8	1e-21	73.1	1.8e-21
AG-337-M23_34_2_704_1690_F	PF00392.20	47.6	1.6e-13	46.4	3.9e-13
AG-337-N06_32_1_3_995_F	PF00392.20	49.6	3.8e-14	48.6	8e-14
AG-337-P20_44_2_1639_2298_R	PF00392.20	49.1	5.4e-14	48.1	1.1e-13
AG-343-A23_40_5_4008_4667_F	PF00392.20	58.1	8.5e-17	56.7	2.4e-16
AG-343-C06_3_37_34754_35515_F	PF00392.20	68.9	3.6e-20	67.5	9.9e-20
AG-343-C18_21_16_13579_13830_R	PF00392.20	46.8	3e-13	46.6	3.4e-13
AG-343-F09_17_13_12391_13122_F	PF00392.20	66.1	2.8e-19	65.1	5.7e-19
AG-343-G17_10_7_6270_7031_R	PF00392.20	55.5	5.5e-16	54.8	9.3e-16
AG-343-G19_37_9_8945_9343_R	PF00392.20	63.8	1.4e-18	63.1	2.4e-18
AG-343-J11_3_58_59272_59616_F	PF00392.20	44.3	1.8e-12	43.8	2.5e-12
AG-343-K16_16_25_25747_26490_R	PF00392.20	52.9	3.5e-15	51.9	7.3e-15
AG-343-L04_1_34_49613_50602_R	PF00392.20	49.8	3.2e-14	48.3	9.7e-14
AG-343-L05_22_17_14966_15310_R	PF00392.20	44.3	1.8e-12	43.8	2.5e-12
AG-343-N19_11_13_15444_16181_R	PF00392.20	58.7	5.5e-17	57.5	1.3e-16
AG-343-P20_16_30_29906_30607_R	PF00392.20	51.0	1.4e-14	50.3	2.3e-14
AG-349-A05_4_40_44628_45614_R	PF00392.20	46.7	3.1e-13	45.6	6.9e-13
AG-349-A14_67_2_668_2086_R	PF00392.20	50.0	2.9e-14	48.9	6.5e-14
AG-349-B16_34_3_1007_1993_F	PF00392.20	49.7	3.6e-14	48.6	7.9e-14
AG-349-B18_6_23_28019_29005_R	PF00392.20	46.0	5e-13	44.9	1.1e-12
AG-349-B21_11_24_22944_23678_F	PF00392.20	62.6	3.3e-18	59.8	2.5e-17
AG-349-C13_15_18_20574_21560_R	PF00392.20	44.7	1.3e-12	43.7	2.6e-12
AG-349-C14_30_21_20437_20751_F	PF00392.20	31.5	1.8e-08	31.0	2.5e-08
AG-349-C16_6_35_39561_40547_R	PF00392.20	48.7	7.5e-14	47.7	1.5e-13
AG-349-C19_15_7_5634_6620_R	PF00392.20	49.7	3.7e-14	48.6	7.9e-14
AG-349-D09_11_19_15428_16423_F	PF00392.20	45.7	6.5e-13	44.6	1.4e-12
AG-349-D14_1_50_46150_47136_F	PF00392.20	49.8	3.3e-14	48.6	7.9e-14
AG-349-E02_3_3_688_1674_F	PF00392.20	47.1	2.3e-13	46.1	4.7e-13
AG-349-E04_8_13_12213_13199_R	PF00392.20	48.6	7.8e-14	47.7	1.5e-13
AG-349-E11_25_4_3114_4100_F	PF00392.20	49.7	3.6e-14	48.6	7.9e-14
AG-349-E16_35_1_106_1092_F	PF00392.20	50.1	2.7e-14	48.6	7.9e-14
AG-349-G11_8_37_40632_41618_R	PF00392.20	49.6	3.9e-14	48.6	7.9e-14
AG-349-G16_7_22_17793_18779_F	PF00392.20	44.8	1.2e-12	43.7	2.6e-12
AG-349-G23_3_47_43037_44023_F	PF00392.20	50.0	2.9e-14	48.6	7.9e-14
AG-349-I11_4_12_13282_14268_R	PF00392.20	44.8	1.2e-12	43.7	2.6e-12
AG-349-I16_61_3_1472_2458_R	PF00392.20	49.7	3.6e-14	48.6	7.9e-14
AG-349-I23_4_44_41041_41385_R	PF00392.20	45.4	7.8e-13	44.9	1.2e-12
AG-349-J09_29_1_1_651_R	PF00392.20	45.0	1e-12	43.9	2.4e-12
AG-349-J23_19_5_3914_4900_F	PF00392.20	46.7	3e-13	45.8	6e-13
AG-349-K03_3_42_45207_46193_R	PF00392.20	46.4	3.9e-13	45.3	8.4e-13
AG-349-K14_16_7_5975_6670_R	PF00392.20	63.5	1.7e-18	63.0	2.5e-18
AG-349-L19_45_2_486_1472_F	PF00392.20	45.7	6.4e-13	44.6	1.4e-12
AG-349-M02_6_34_31062_32048_F	PF00392.20	46.7	3e-13	45.8	6e-13
AG-349-M17_6_40_36070_37056_F	PF00392.20	46.8	2.9e-13	45.8	6e-13
AG-349-N10_24_14_11730_12716_F	PF00392.20	48.5	8.5e-14	47.5	1.7e-13
AG-349-N20_1_24_19527_20513_F	PF00392.20	46.8	2.8e-13	45.8	6e-13
AG-349-N22_2_22_17796_18782_F	PF00392.20	46.4	3.9e-13	45.3	8.4e-13
AG-349-N23_7_13_12420_13406_R	PF00392.20	49.8	3.4e-14	48.6	7.9e-14
AG-349-O04_2_51_47279_48265_F	PF00392.20	49.0	6e-14	47.5	1.7e-13
AG-349-O22_1_15_14278_14979_F	PF00392.20	53.1	3.2e-15	51.2	1.2e-14
AG-349-O23_22_4_2635_3621_F	PF00392.20	46.6	3.3e-13	45.4	8.1e-13
AG-349-P02_27_3_2737_3723_R	PF00392.20	50.3	2.3e-14	48.6	7.9e-14
AG-349-P06_31_3_2400_3386_R	PF00392.20	50.3	2.4e-14	48.6	7.9e-14
AG-349-P18_1_72_69720_70706_F	PF00392.20	47.9	1.3e-13	46.4	3.9e-13
AG-359-A03_52_8_6012_6749_F	PF00392.20	64.3	9.8e-19	62.6	3.4e-18
AG-359-A03_5_62_63853_64860_F	PF00392.20	61.7	6.3e-18	39.7	4.6e-11
AG-359-A09_32_1_2_226_R	PF00392.20	47.6	1.7e-13	47.4	1.9e-13
AG-359-A09_68_3_2176_2385_F	PF00392.20	64.1	1.1e-18	64.0	1.3e-18
AG-359-A11_40_7_9995_10597_R	PF00392.20	58.0	9.2e-17	57.2	1.6e-16
AG-359-B02_1_70_77773_78759_R	PF00392.20	47.1	2.3e-13	46.1	4.7e-13
AG-359-C02_9_3_1895_2554_F	PF00392.20	49.1	5.6e-14	48.0	1.2e-13
AG-359-C20_15_6_4221_4946_F	PF00392.20	52.4	5.1e-15	50.8	1.7e-14
AG-359-D14_7_24_21787_22437_R	PF00392.20	63.6	1.7e-18	62.5	3.7e-18
AG-359-D16_1_27_22363_23022_F	PF00392.20	49.1	5.6e-14	48.0	1.2e-13
AG-359-F18_14_10_9561_10220_F	PF00392.20	49.2	5.2e-14	48.1	1.1e-13
AG-359-I05_3_32_27930_28916_F	PF00392.20	49.6	3.7e-14	48.6	7.9e-14
AG-359-I23_12_28_30421_30798_F	PF00392.20	70.3	1.3e-20	69.5	2.3e-20
AG-359-J09_36_8_7201_7428_F	PF00392.20	40.0	3.8e-11	39.8	4.3e-11
AG-359-J11_6_20_20544_21263_R	PF00392.20	57.7	1.1e-16	56.4	2.9e-16
AG-359-J14_21_19_19481_20248_R	PF00392.20	89.4	1.4e-26	88.2	3.5e-26
AG-359-L15_30_7_7556_8317_R	PF00392.20	73.8	1e-21	72.0	3.9e-21
AG-359-N23_2_47_49477_50178_F	PF00392.20	51.7	8.6e-15	51.1	1.3e-14
AG-359-O07_2_52_59034_59729_R	PF00392.20	62.3	4.2e-18	61.7	6.3e-18
AG-359-P16_4_37_32324_32983_R	PF00392.20	49.3	4.9e-14	48.1	1.1e-13
AG-359-P22_2_33_38038_39024_R	PF00392.20	47.6	1.6e-13	46.6	3.4e-13
AG-360-A14_45_2_780_1442_R	PF00392.20	57.6	1.2e-16	56.1	3.6e-16
AG-360-C08_8_3_2775_3434_R	PF00392.20	49.1	5.6e-14	48.0	1.2e-13
AG-360-I11_8_10_9952_10611_F	PF00392.20	49.1	5.6e-14	48.0	1.2e-13
AG-360-L02_2_29_29494_29667_F	PF00392.20	22.2	1.4e-05	22.1	1.5e-05
AG-360-L03_29_5_3286_3981_R	PF00392.20	62.5	3.5e-18	62.0	5.2e-18
AG-360-L14_1_38_32080_33066_F	PF00392.20	47.6	1.6e-13	46.6	3.4e-13
AG-360-L21_22_5_4169_5155_F	PF00392.20	49.7	3.5e-14	48.6	7.9e-14
AG-360-L23_1_17_13531_14517_F	PF00392.20	47.8	1.4e-13	46.7	3e-13
AG-360-M13_26_10_9047_9748_R	PF00392.20	61.8	6.2e-18	61.0	1e-17
AG-360-N18_23_7_5789_6448_F	PF00392.20	49.1	5.6e-14	48.0	1.2e-13
AG-365-F15_21_10_7325_8746_F	PF00392.20	43.9	2.4e-12	42.8	5.3e-12
AG-365-F22_2_14_14932_15693_R	PF00392.20	55.8	4.6e-16	54.9	8.2e-16
AG-365-F22_5_5_3630_4283_F	PF00392.20	57.9	9.9e-17	56.4	2.8e-16
AG-365-L20_13_6_4790_5143_F	PF00392.20	47.5	1.8e-13	47.0	2.5e-13
AG-365-M08_4_6_5264_5728_R	PF00392.20	48.3	9.6e-14	47.4	1.9e-13
AG-365-M17_6_46_44309_44653_R	PF00392.20	44.3	1.8e-12	43.8	2.5e-12
AG-365-P02_3_33_31966_32703_F	PF00392.20	63.1	2.4e-18	61.6	6.8e-18
AG-365-P19_21_19_17147_17491_R	PF00392.20	44.3	1.8e-12	43.8	2.5e-12
AG-390-A10_5_3_2070_2786_R	PF00392.20	62.3	4.3e-18	61.6	6.8e-18
AG-390-A18_24_14_13266_13967_F	PF00392.20	50.5	2e-14	49.9	3e-14
AG-390-A18_5_9_8187_8948_R	PF00392.20	57.9	1e-16	56.5	2.6e-16
AG-390-B07_12_47_34593_36056_F	PF00392.20	46.5	3.7e-13	44.7	1.3e-12
AG-390-B07_5_63_73827_74588_R	PF00392.20	62.2	4.6e-18	56.5	2.7e-16
AG-390-B14_2_85_90233_90994_F	PF00392.20	62.2	4.6e-18	56.5	2.7e-16
AG-390-B18_8_44_42361_42705_R	PF00392.20	45.5	7.1e-13	45.1	9.5e-13
AG-390-C03_4_3_1296_2051_F	PF00392.20	69.2	2.8e-20	68.2	5.9e-20
AG-390-C11_5_1_2_322_R	PF00392.20	68.2	6.2e-20	67.8	8.2e-20
AG-390-C18_11_17_13469_14155_F	PF00392.20	52.7	4e-15	52.1	6.2e-15
AG-390-C18_14_15_14325_15041_F	PF00392.20	52.5	4.9e-15	51.8	7.9e-15
AG-390-E02_12_11_11811_13322_F	PF00392.20	45.0	1.1e-12	44.0	2.2e-12
AG-390-E03_37_16_13372_13734_R	PF00392.20	52.9	3.6e-15	52.4	5e-15
AG-390-E03_4_64_68902_70392_R	PF00392.20	50.5	1.9e-14	49.6	3.9e-14
AG-390-E15_5_49_40918_41253_F	PF00392.20	52.9	3.5e-15	52.7	4.2e-15
AG-390-F02_9_20_21408_22124_R	PF00392.20	47.8	1.4e-13	46.5	3.6e-13
AG-390-G02_6_57_54141_54530_F	PF00392.20	52.5	4.9e-15	52.1	6.2e-15
AG-390-G04_2_1_3_494_R	PF00392.20	56.9	2.1e-16	56.3	3e-16
AG-390-I07_4_36_30282_30941_R	PF00392.20	49.2	5.2e-14	48.1	1.1e-13
AG-390-I23_15_14_10943_11707_R	PF00392.20	62.6	3.3e-18	61.8	5.8e-18
AG-390-N13_20_3_1045_1422_F	PF00392.20	50.8	1.7e-14	50.4	2.2e-14
AG-390-N20_9_41_38719_39063_R	PF00392.20	45.5	7.1e-13	45.1	9.5e-13
AG-390-O03_10_26_23060_23404_F	PF00392.20	45.5	7.1e-13	45.1	9.5e-13
AG-390-O13_2_20_18883_19665_F	PF00392.20	70.8	9.1e-21	69.8	1.9e-20
AG-390-P06_37_9_9125_9700_F	PF00392.20	51.7	8.6e-15	51.0	1.4e-14
AG-390-P06_4_49_49973_50749_F	PF00392.20	54.4	1.2e-15	53.7	2e-15
AG-404-B19_37_2_108_1094_R	PF00392.20	51.1	1.3e-14	49.7	3.7e-14
AG-404-D14_5_101_87325_88311_F	PF00392.20	49.6	3.8e-14	48.6	7.9e-14
AG-404-E03_4_15_15689_16426_R	PF00392.20	61.2	9.4e-18	59.5	3.2e-17
AG-404-E19_3_64_59829_60815_F	PF00392.20	49.6	3.8e-14	48.5	8.6e-14
AG-404-F17_17_1_131_1117_F	PF00392.20	49.5	4e-14	48.6	7.9e-14
AG-404-G18_11_4_3166_3819_F	PF00392.20	57.6	1.2e-16	56.2	3.4e-16
AG-404-J02_8_18_20504_21490_R	PF00392.20	49.6	3.9e-14	48.6	7.9e-14
AG-404-J17_8_23_27239_27838_F	PF00392.20	47.1	2.3e-13	46.4	3.8e-13
AG-404-K13_10_24_20182_20574_F	PF00392.20	45.1	9.6e-13	44.5	1.5e-12
AG-404-K13_2_42_56841_57179_R	PF00392.20	45.1	1e-12	44.6	1.4e-12
AG-404-L07_1_18_14946_15935_F	PF00392.20	50.3	2.3e-14	48.8	6.8e-14
AG-404-O15_3_93_82310_83296_F	PF00392.20	48.5	8.4e-14	47.5	1.7e-13
AG-404-P15_6_35_44953_45942_R	PF00392.20	50.2	2.6e-14	48.7	7.2e-14
AG-410-C14_12_10_5970_6434_F	PF00392.20	48.3	9.5e-14	47.4	1.9e-13
AG-410-E20_3_75_84229_84918_F	PF00392.20	59.6	3e-17	58.8	5.3e-17
AG-410-J19_2_31_31479_31823_F	PF00392.20	45.5	7.1e-13	45.1	9.5e-13
AG-410-J22_23_12_12215_12949_R	PF00392.20	66.2	2.6e-19	65.1	5.4e-19
AG-410-K11_29_6_7031_7930_R	PF00392.20	85.6	2.1e-25	44.2	1.9e-12
AG-410-K11_91_3_1332_2231_R	PF00392.20	94.0	5.3e-28	47.1	2.4e-13
AG-410-K16_2_29_28150_28791_R	PF00392.20	57.9	1e-16	57.0	1.9e-16
AG-410-M04_17_33_34001_34654_R	PF00392.20	61.4	8.1e-18	59.1	4e-17
AG-410-O07_24_9_7427_8137_R	PF00392.20	69.0	3.4e-20	66.5	2e-19
AG-410-O07_83_2_1258_2046_R	PF00392.20	54.8	9.1e-16	53.3	2.8e-15
AG-414-A09_5_12_19210_20199_R	PF00392.20	51.4	1e-14	49.7	3.7e-14
AG-414-E10_1_28_25113_25499_F	PF00392.20	46.3	4.3e-13	45.7	6.3e-13
AG-414-N05_2_29_23792_24841_F	PF00392.20	51.8	7.9e-15	50.2	2.5e-14
AG-414-N20_18_17_16550_17038_R	PF00392.20	37.9	1.8e-10	37.1	3.2e-10
AG-414-O08_10_31_30724_31068_R	PF00392.20	45.5	7.1e-13	45.1	9.5e-13
AG-414-O15_1_55_59736_60389_R	PF00392.20	57.3	1.5e-16	55.9	4.1e-16
AG-414-P01_15_8_7852_8196_R	PF00392.20	45.1	9.6e-13	44.7	1.3e-12
AG-422-A17_3_18_14377_15363_F	PF00392.20	49.6	3.8e-14	48.6	7.9e-14
AG-422-B02_73_3_2046_2411_F	PF00392.20	55.4	6e-16	54.8	8.9e-16
AG-422-B03_18_26_26669_27430_R	PF00392.20	63.7	1.5e-18	62.5	3.5e-18
AG-422-B14_4_13_11201_12187_F	PF00392.20	49.4	4.3e-14	48.5	8.3e-14
AG-422-C02_13_4_3603_4640_F	PF00392.20	48.6	7.9e-14	47.4	1.9e-13
AG-422-C03_3_22_24485_25471_R	PF00392.20	45.5	7.4e-13	44.4	1.7e-12
AG-422-C15_21_13_12692_13678_R	PF00392.20	49.8	3.4e-14	48.6	7.9e-14
AG-422-C16_40_2_349_1335_R	PF00392.20	49.7	3.7e-14	48.6	7.9e-14
AG-422-D02_3_85_93250_94236_R	PF00392.20	47.9	1.3e-13	46.4	3.9e-13
AG-422-D03_32_7_7654_7974_R	PF00392.20	46.4	4e-13	45.8	5.8e-13
AG-422-D11_50_4_2647_3486_F	PF00392.20	47.9	1.3e-13	46.9	2.6e-13
AG-422-D19_1_8_5273_5932_R	PF00392.20	49.1	5.6e-14	48.0	1.2e-13
AG-422-D21_2_49_44490_45482_F	PF00392.20	49.8	3.4e-14	48.6	8e-14
AG-422-E08_2_46_52049_52810_F	PF00392.20	58.0	9.5e-17	56.5	2.7e-16
AG-422-E08_3_79_75573_76277_F	PF00392.20	55.0	7.8e-16	55.0	7.8e-16
AG-422-E22_3_11_9236_10222_F	PF00392.20	45.9	5.3e-13	44.8	1.2e-12
AG-422-F02_26_13_10091_11077_F	PF00392.20	46.4	3.9e-13	45.3	8.4e-13
AG-422-F04_2_28_24516_25502_F	PF00392.20	48.4	9.3e-14	47.5	1.7e-13
AG-422-F08_11_3_3201_4187_R	PF00392.20	46.0	5e-13	45.1	9.9e-13
AG-422-F09_11_28_24684_25670_F	PF00392.20	49.7	3.6e-14	48.6	7.9e-14
AG-422-F18_9_19_21021_22007_R	PF00392.20	46.4	4e-13	45.3	8.4e-13
AG-422-G18_16_18_14638_15624_F	PF00392.20	48.2	1.1e-13	47.1	2.2e-13
AG-422-G20_29_6_4376_5362_F	PF00392.20	48.9	6.1e-14	47.5	1.7e-13
AG-422-G21_10_46_42058_43044_F	PF00392.20	49.7	3.7e-14	48.6	7.9e-14
AG-422-I06_69_4_2138_3124_F	PF00392.20	50.1	2.7e-14	48.6	7.9e-14
AG-422-I14_6_47_44669_45013_R	PF00392.20	45.3	8.6e-13	44.7	1.3e-12
AG-422-J09_23_16_15259_15960_F	PF00392.20	49.9	3.1e-14	49.3	4.8e-14
AG-422-J13_29_1_3_194_R	PF00392.20	35.0	1.4e-09	34.8	1.6e-09
AG-422-K05_9_2_962_1717_R	PF00392.20	70.9	8.8e-21	70.2	1.4e-20
AG-422-K10_10_15_12218_13204_F	PF00392.20	49.5	4e-14	48.6	7.9e-14
AG-422-K13_1_28_30027_31013_R	PF00392.20	46.7	3.2e-13	45.6	6.9e-13
AG-422-K21_11_4_2839_3579_R	PF00392.20	63.1	2.3e-18	62.3	4.2e-18
AG-422-L02_23_7_4515_5501_F	PF00392.20	47.6	1.6e-13	46.6	3.4e-13
AG-422-L23_103_1_3_440_R	PF00392.20	68.4	5.2e-20	68.4	5.2e-20
AG-422-L23_80_6_4676_5410_F	PF00392.20	73.9	9.8e-22	73.9	9.8e-22
AG-422-M05_17_14_11206_11550_R	PF00392.20	46.8	3e-13	46.4	3.9e-13
AG-422-M14_1_28_24162_25148_F	PF00392.20	49.7	3.6e-14	48.6	7.9e-14
AG-422-M20_41_8_6328_7314_F	PF00392.20	49.7	3.7e-14	48.6	7.9e-14
AG-422-M23_10_3_1682_2668_R	PF00392.20	49.3	4.7e-14	48.0	1.2e-13
AG-422-N13_113_2_1095_1700_R	PF00392.20	54.4	1.2e-15	53.6	2.1e-15
AG-422-P11_26_4_2455_3441_F	PF00392.20	45.3	8.3e-13	43.7	2.6e-12
AG-422-P14_17_9_8794_9765_R	PF00392.20	47.7	1.6e-13	46.6	3.3e-13
AG-422-P15_2_14_15816_16802_R	PF00392.20	47.9	1.3e-13	46.4	3.9e-13
AG-426-A10_50_5_2071_3474_F	PF00392.20	50.2	2.5e-14	48.1	1.1e-13
AG-426-A10_72_4_4901_5635_R	PF00392.20	50.9	1.5e-14	50.0	2.9e-14
AG-426-A21_18_9_6998_7984_F	PF00392.20	46.6	3.2e-13	45.6	6.6e-13
AG-426-B13_10_40_42392_43162_R	PF00392.20	65.3	4.9e-19	64.4	9e-19
AG-426-B15_10_13_11368_12354_F	PF00392.20	49.6	3.7e-14	48.6	7.9e-14
AG-426-D16_47_1_94_1080_F	PF00392.20	49.7	3.5e-14	48.8	6.8e-14
AG-426-D19_25_2_430_774_R	PF00392.20	46.8	3e-13	46.4	3.9e-13
AG-426-E02_10_14_11829_12815_F	PF00392.20	44.8	1.2e-12	43.7	2.6e-12
AG-426-E09_55_4_4624_5367_R	PF00392.20	52.9	3.7e-15	52.1	6.5e-15
AG-426-F07_3_17_14071_15057_F	PF00392.20	49.5	4.1e-14	48.6	7.9e-14
AG-426-I22_32_2_227_1213_F	PF00392.20	47.8	1.4e-13	46.7	3e-13
AG-426-I23_2_20_15815_16801_F	PF00392.20	46.4	4e-13	45.3	8.4e-13
AG-426-K10_1_168_156714_157700_F	PF00392.20	47.6	1.6e-13	46.6	3.4e-13
AG-426-L03_13_25_24647_25363_F	PF00392.20	53.5	2.4e-15	52.7	4.1e-15
AG-426-L03_9_33_29122_29811_R	PF00392.20	58.0	9.3e-17	57.1	1.7e-16
AG-426-L09_8_24_20274_20933_F	PF00392.20	49.1	5.6e-14	48.0	1.2e-13
AG-426-L14_10_6_5125_6111_R	PF00392.20	49.7	3.7e-14	48.6	7.9e-14
AG-426-M03_3_9_7293_8279_R	PF00392.20	44.8	1.2e-12	43.7	2.6e-12
AG-426-N02_33_4_2458_3444_F	PF00392.20	44.8	1.2e-12	43.7	2.6e-12
AG-426-N10_11_25_28482_29192_R	PF00392.20	65.5	4e-19	63.7	1.6e-18
AG-426-N14_9_40_36445_37431_F	PF00392.20	46.7	3.1e-13	45.6	6.9e-13
AG-426-N22_16_8_6488_6826_R	PF00392.20	36.9	3.6e-10	36.4	5.2e-10
AG-426-N22_9_42_47176_47859_F	PF00392.20	44.3	1.7e-12	43.2	3.7e-12
AG-426-O19_64_9_4889_5074_F	PF00392.20	27.7	2.6e-07	27.4	3.4e-07
AG-426-P22_1_9_7714_8700_R	PF00392.20	46.4	3.9e-13	45.3	8.4e-13
AG-430-A01_21_3_2644_3630_R	PF00392.20	47.6	1.6e-13	46.6	3.4e-13
AG-430-B14_63_1_3_488_R	PF00392.20	52.8	4e-15	51.5	9.7e-15
AG-430-B21_1_91_98229_98888_R	PF00392.20	49.1	5.6e-14	48.0	1.2e-13
AG-430-C07_6_27_36642_37250_F	PF00392.20	48.3	9.6e-14	47.5	1.7e-13
AG-430-D05_12_7_4490_5476_F	PF00392.20	46.8	2.9e-13	45.8	6e-13
AG-430-E04_50_1_129_1100_F	PF00392.20	47.9	1.3e-13	46.4	3.8e-13
AG-430-E22_4_10_9684_10343_F	PF00392.20	49.2	5.2e-14	48.1	1.1e-13
AG-430-F09_31_5_3732_4901_R	PF00392.20	51.2	1.2e-14	50.2	2.5e-14
AG-430-G09_8_17_13659_14645_F	PF00392.20	49.6	4e-14	48.6	7.9e-14
AG-430-M10_8_2_226_1212_F	PF00392.20	46.3	4e-13	45.3	8.4e-13
AG-430-O16_11_4_2398_2742_F	PF00392.20	44.3	1.8e-12	43.8	2.5e-12
AG-430-P05_14_29_23354_24055_R	PF00392.20	51.6	9.2e-15	49.9	3.2e-14
AG-435-E08_14_1_3_422_R	PF00392.20	53.6	2.1e-15	52.0	6.9e-15
AG-435-E09_10_12_9660_10649_F	PF00392.20	48.7	7.5e-14	47.3	2e-13
AG-435-E09_10_2_828_1817_R	PF00392.20	48.7	7.5e-14	47.3	2e-13
AG-435-K14_1_20_16179_17168_F	PF00392.20	50.6	1.9e-14	46.4	3.9e-13
AG-435-K18_34_2_760_1746_R	PF00392.20	51.3	1.1e-14	49.7	3.7e-14
AG-435-M03_12_12_11365_11634_F	PF00392.20	22.7	9.4e-06	22.1	1.5e-05
AG-435-M05_34_4_2624_2968_F	PF00392.20	44.3	1.8e-12	43.8	2.5e-12
AG-435-M14_1_150_136501_137487_F	PF00392.20	49.6	3.9e-14	48.6	7.9e-14
AG-435-O17_20_3_3687_4373_R	PF00392.20	54.2	1.5e-15	53.0	3.3e-15
AG-439-A03_13_2_321_665_F	PF00392.20	48.6	7.7e-14	48.2	1e-13
AG-439-A15_3_9_7968_8342_F	PF00392.20	47.8	1.4e-13	47.1	2.3e-13
AG-439-A19_2_66_55666_56382_F	PF00392.20	67.8	7.9e-20	67.0	1.5e-19
AG-439-B17_9_34_37018_38004_R	PF00392.20	47.9	1.3e-13	47.0	2.6e-13
AG-439-C07_21_24_20465_21166_F	PF00392.20	51.3	1.1e-14	50.7	1.7e-14
AG-439-D21_6_3_549_1157_F	PF00392.20	46.0	5.2e-13	44.6	1.4e-12
AG-439-G12_10_33_38091_39077_R	PF00392.20	50.5	2.1e-14	48.8	6.8e-14
AG-439-I03_11_27_22290_23279_F	PF00392.20	51.2	1.2e-14	49.7	3.7e-14
AG-439-L08_6_7_5451_6134_R	PF00392.20	37.4	2.5e-10	36.4	5e-10
AG-439-L12_3_16_15005_15994_F	PF00392.20	51.2	1.2e-14	49.7	3.7e-14
AG-439-O19_1_53_54337_54681_R	PF00392.20	44.3	1.8e-12	43.8	2.5e-12
AG-447-A06_15_26_30278_31012_F	PF00392.20	51.8	7.9e-15	51.2	1.3e-14
AG-447-A06_5_87_98198_98974_F	PF00392.20	53.7	2.1e-15	52.9	3.5e-15
AG-447-A08_4_83_83071_83415_F	PF00392.20	45.5	7.1e-13	45.1	9.5e-13
AG-447-A18_1_156_156538_156882_R	PF00392.20	45.2	8.9e-13	44.7	1.3e-12
AG-447-C17_9_3_1524_1868_R	PF00392.20	44.2	1.8e-12	43.8	2.5e-12
AG-447-C21_14_24_21858_22565_R	PF00392.20	68.1	6.4e-20	67.4	1e-19
AG-447-C21_2_126_128607_129296_R	PF00392.20	55.0	7.9e-16	54.8	9.2e-16
AG-447-E09_6_29_28897_29667_R	PF00392.20	68.1	6.4e-20	67.3	1.2e-19
AG-447-G08_7_27_24835_25179_F	PF00392.20	45.5	7.1e-13	45.1	9.5e-13
AG-447-G11_1_39_46762_47541_R	PF00392.20	55.5	5.7e-16	54.4	1.2e-15
AG-447-G11_19_18_15856_16557_R	PF00392.20	51.7	8.5e-15	51.1	1.3e-14
AG-447-G11_6_63_63040_63801_F	PF00392.20	58.1	8.3e-17	56.6	2.5e-16
AG-447-I02_3_9_8305_8649_R	PF00392.20	45.5	7.1e-13	45.1	9.5e-13
AG-447-I07_14_3_3048_3734_F	PF00392.20	51.8	7.8e-15	51.2	1.2e-14
AG-447-K02_1_37_31037_31726_R	PF00392.20	54.8	9.1e-16	54.3	1.3e-15
AG-447-K17_50_3_1483_2244_R	PF00392.20	61.6	7e-18	56.5	2.6e-16
AG-447-K19_12_30_27701_28045_F	PF00392.20	44.2	1.8e-12	43.8	2.5e-12
AG-447-L14_15_12_11052_11693_F	PF00392.20	55.3	6.2e-16	54.7	1e-15
AG-447-L18_1_4_1934_2305_R	PF00392.20	53.5	2.3e-15	53.1	3.1e-15
AG-447-L18_8_25_16178_16891_R	PF00392.20	67.9	7.4e-20	67.0	1.5e-19
AG-447-M14_3_51_44786_45445_F	PF00392.20	49.2	5e-14	48.1	1.1e-13
AG-447-P15_58_5_4230_5027_F	PF00392.20	57.8	1.1e-16	56.2	3.4e-16
AG-453-B09_12_3_2432_3469_R	PF00392.20	49.6	3.8e-14	48.5	8.6e-14
AG-453-B15_13_13_10441_11427_F	PF00392.20	48.7	7.5e-14	47.7	1.5e-13
AG-453-C06_25_3_2374_3360_R	PF00392.20	49.7	3.5e-14	48.6	7.9e-14
AG-453-C10_2_103_96204_96905_R	PF00392.20	52.1	6.4e-15	49.9	3.2e-14
AG-453-C18_2_16_12740_13726_F	PF00392.20	46.4	4e-13	45.3	8.4e-13
AG-453-E09_23_18_15561_15881_F	PF00392.20	47.0	2.6e-13	46.6	3.3e-13
AG-453-E17_10_23_18931_19590_F	PF00392.20	49.1	5.6e-14	48.0	1.2e-13
AG-453-E22_16_11_10197_11183_R	PF00392.20	46.4	3.9e-13	45.3	8.4e-13
AG-453-F13_15_2_377_1363_R	PF00392.20	46.8	2.8e-13	45.8	6e-13
AG-453-F21_9_20_21814_22800_R	PF00392.20	49.6	3.9e-14	48.6	7.9e-14
AG-453-F22_11_29_31044_31406_F	PF00392.20	62.3	4.1e-18	61.8	6.2e-18
AG-453-G11_4_33_26201_26860_F	PF00392.20	49.2	5.2e-14	48.1	1.1e-13
AG-453-G18_3_24_22959_23945_R	PF00392.20	48.4	9e-14	47.5	1.7e-13
AG-453-G18_3_8_5078_6064_F	PF00392.20	48.4	9e-14	47.5	1.7e-13
AG-453-J07_16_2_296_1282_F	PF00392.20	49.8	3.4e-14	48.6	7.9e-14
AG-453-J13_12_17_12015_12740_R	PF00392.20	51.4	1e-14	50.5	2e-14
AG-453-J17_1_5_3964_4950_F	PF00392.20	50.0	2.9e-14	48.9	6.5e-14
AG-453-L16_12_17_13869_14519_F	PF00392.20	48.8	7e-14	48.0	1.2e-13
AG-453-M02_1_29_25785_26771_F	PF00392.20	44.8	1.2e-12	43.7	2.6e-12
AG-453-M20_26_7_5520_6506_R	PF00392.20	49.7	3.6e-14	48.6	7.9e-14
AG-453-N10_1_50_53061_54047_R	PF00392.20	48.8	7e-14	47.7	1.5e-13
AG-453-N14_10_35_36333_37028_F	PF00392.20	62.5	3.5e-18	62.0	5.2e-18
AG-453-N17_18_4_3944_4930_R	PF00392.20	49.7	3.5e-14	48.6	7.9e-14
AG-453-O06_3_19_21037_22023_R	PF00392.20	51.4	1.1e-14	47.5	1.7e-13
AG-453-O16_13_4_4627_5364_R	PF00392.20	64.2	1.1e-18	63.4	1.8e-18
AG-453-O16_5_6_4559_4969_R	PF00392.20	49.3	4.8e-14	48.8	6.6e-14
AG-453-O23_5_7_4524_5510_F	PF00392.20	48.7	7.6e-14	47.5	1.7e-13
AG-453-P13_6_4_1767_2111_F	PF00392.20	45.5	7.1e-13	45.1	9.5e-13
AG-453-P17_2_55_56000_56344_F	PF00392.20	44.3	1.8e-12	43.8	2.5e-12
AG-453-P18_17_25_15860_16537_R	PF00392.20	55.8	4.6e-16	52.0	6.9e-15
AG-453-P18_17_4_2477_3154_F	PF00392.20	55.8	4.6e-16	52.0	6.9e-15
AG-457-C05_17_9_7300_8061_F	PF00392.20	65.7	3.7e-19	64.7	7.5e-19
AG-457-D08_22_3_2705_3691_R	PF00392.20	46.5	3.4e-13	45.4	8.1e-13
AG-457-E19_10_7_5533_5916_F	PF00392.20	45.0	1e-12	44.5	1.6e-12
AG-457-F08_2_70_73436_74125_R	PF00392.20	58.0	9.4e-17	57.1	1.7e-16
AG-457-F13_1_5_4440_5426_F	PF00392.20	48.7	7.6e-14	46.9	2.6e-13
AG-457-F19_1_19_15902_16891_F	PF00392.20	51.5	9.5e-15	49.7	3.7e-14
AG-457-G09_8_7_5075_5782_F	PF00392.20	60.1	2e-17	59.0	4.4e-17
AG-457-G11_5_8_6750_7739_F	PF00392.20	47.3	2e-13	45.7	6.3e-13
AG-457-I22_3_32_26214_26873_R	PF00392.20	49.2	5.2e-14	48.1	1.1e-13
AG-457-J13_3_10_8999_9985_F	PF00392.20	49.6	3.8e-14	48.6	7.9e-14
AG-457-K05_5_77_83818_84492_R	PF00392.20	45.7	6.6e-13	44.9	1.1e-12
AG-457-K15_3_47_41542_42201_F	PF00392.20	49.1	5.6e-14	48.0	1.2e-13
AG-457-M10_1_10_7717_8703_F	PF00392.20	48.5	8.7e-14	46.9	2.6e-13
AG-457-M13_13_29_30734_31372_R	PF00392.20	50.5	2e-14	49.5	4.1e-14
AG-457-P03_4_10_8318_8956_R	PF00392.20	50.5	2e-14	49.5	4.1e-14
AG-461-B23_5_5_4193_4852_F	PF00392.20	49.2	5.2e-14	48.1	1.1e-13
AG-461-C08_32_8_6206_7177_R	PF00392.20	49.2	5.1e-14	47.7	1.5e-13
AG-461-E10_32_6_4038_4868_F	PF00392.20	60.7	1.3e-17	57.7	1.2e-16
AG-461-E17_25_11_12928_13281_F	PF00392.20	74.0	9.3e-22	73.4	1.4e-21
AG-461-F08_2_3_2017_3003_R	PF00392.20	49.6	3.9e-14	48.6	7.9e-14
AG-461-F09_22_9_9885_10661_R	PF00392.20	52.5	4.7e-15	51.7	8.5e-15
AG-461-F11_17_4_2717_3703_F	PF00392.20	47.9	1.3e-13	46.1	4.6e-13
AG-461-F13_18_5_2681_3388_R	PF00392.20	42.4	6.9e-12	41.5	1.3e-11
AG-461-G22_19_1_1_996_F	PF00392.20	47.8	1.4e-13	46.4	3.9e-13
AG-461-I21_15_8_6626_7333_F	PF00392.20	67.5	1e-19	66.8	1.6e-19
AG-461-I23_27_5_3277_3996_R	PF00392.20	62.2	4.4e-18	61.6	6.7e-18
AG-461-K02_6_45_48288_48944_F	PF00392.20	54.7	1e-15	54.7	1e-15
AG-461-K14_10_4_3111_3770_F	PF00392.20	49.2	5.2e-14	48.1	1.1e-13
AG-461-K23_39_11_10413_11045_R	PF00392.20	49.0	5.7e-14	49.0	5.7e-14
AG-461-K23_79_15_10900_11325_R	PF00392.20	37.8	1.8e-10	36.5	4.7e-10
AG-461-L06_1_51_52695_53039_R	PF00392.20	46.8	3e-13	46.4	3.9e-13
AG-461-L23_8_5_4090_5076_R	PF00392.20	48.0	1.2e-13	46.4	3.9e-13
AG-461-M10_26_4_2900_3886_F	PF00392.20	47.7	1.5e-13	46.4	3.9e-13
AG-461-M16_6_4_4333_5319_R	PF00392.20	48.2	1.1e-13	46.7	3.1e-13
AG-461-M22_5_27_26925_27269_R	PF00392.20	46.8	2.8e-13	46.5	3.7e-13
AG-461-N11_19_20_16193_16546_F	PF00392.20	48.4	9e-14	47.5	1.7e-13
AG-461-O03_1_30_34496_35482_R	PF00392.20	50.2	2.6e-14	48.6	7.9e-14
AG-461-O19_6_17_13701_14378_F	PF00392.20	70.6	1.1e-20	70.6	1.1e-20
AG-461-P02_14_12_11762_12748_R	PF00392.20	49.7	3.7e-14	48.6	7.9e-14
AG-461-P07_2_45_44663_45364_F	PF00392.20	52.9	3.5e-15	52.3	5.6e-15
AG-461-P09_9_8_5199_6185_F	PF00392.20	46.7	3.1e-13	45.6	6.9e-13
AG-461-P11_1_30_33246_34232_R	PF00392.20	47.6	1.6e-13	46.4	3.9e-13
AG-461-P16_18_18_15568_16269_R	PF00392.20	52.8	3.9e-15	52.1	6.3e-15
AG-464-F04_83_6_3750_4427_R	PF00392.20	57.4	1.4e-16	56.6	2.6e-16
AG-464-F04_83_7_4457_5143_R	PF00392.20	66.5	2e-19	65.6	3.8e-19
AG-464-K22_29_9_7765_8451_F	PF00392.20	62.2	4.4e-18	62.2	4.4e-18
AG-464-L03_7_10_8188_8901_R	PF00392.20	55.2	6.8e-16	51.4	1e-14
AG-464-N07_51_3_1630_2337_R	PF00392.20	76.9	1.2e-22	75.6	2.8e-22
AG-464-N07_63_7_4643_4855_R	PF00392.20	24.6	2.5e-06	24.3	3.1e-06
AG-464-N22_15_19_15516_16193_R	PF00392.20	59.0	4.4e-17	58.3	7.2e-17
AG-464-N22_15_20_16223_16909_R	PF00392.20	67.4	1.1e-19	66.4	2.2e-19
AG-470-A17_4_15_15508_16494_R	PF00392.20	46.4	3.9e-13	45.3	8.4e-13
AG-470-E05_1_81_78179_79165_F	PF00392.20	47.9	1.3e-13	46.4	3.9e-13
AG-470-F06_4_3_3023_4009_R	PF00392.20	47.6	1.6e-13	46.4	3.9e-13
AG-470-I19_3_14_14603_15574_R	PF00392.20	47.9	1.3e-13	46.4	3.8e-13
AG-470-I23_43_4_2402_3205_F	PF00392.20	67.1	1.3e-19	63.2	2.1e-18
AG-470-J15_26_5_4700_5686_R	PF00392.20	47.9	1.3e-13	46.4	3.9e-13
AG-470-L07_18_10_10098_10757_F	PF00392.20	49.1	5.4e-14	48.1	1.1e-13
AG-470-L10_3_8_7838_8824_R	PF00392.20	51.2	1.2e-14	50.1	2.7e-14
AG-470-L22_6_2_219_1205_F	PF00392.20	47.8	1.4e-13	46.4	3.9e-13
AG-470-M17_7_12_11891_12592_F	PF00392.20	53.1	3.1e-15	51.5	9.7e-15
AG-470-M22_62_3_1157_2128_R	PF00392.20	49.2	5.1e-14	47.7	1.5e-13
AG-470-N07_6_4_3344_3577_R	PF00392.20	37.4	2.5e-10	37.1	3.1e-10
AG-470-O17_2_3_3488_4474_R	PF00392.20	48.0	1.3e-13	46.4	3.9e-13
AG-470-P03_29_17_17643_17873_F	PF00392.20	54.3	1.3e-15	54.1	1.5e-15
AG-470-P20_126_6_3926_4204_F	PF00392.20	47.9	1.3e-13	47.5	1.7e-13
AG-470-P20_3_37_36279_37019_F	PF00392.20	68.8	3.8e-20	68.2	5.9e-20
AG-470-P20_43_21_19232_19639_F	PF00392.20	48.9	6.3e-14	48.6	8e-14
AG-891-A04_103_1_3434_4195_R	PF00392.20	68.7	4.2e-20	67.5	9.7e-20
AG-891-A04_105_3_2087_2764_F	PF00392.20	65.5	4.1e-19	63.6	1.6e-18
AG-891-A04_47_9_7039_7743_R	PF00392.20	67.3	1.1e-19	66.4	2.2e-19
AG-891-A07_2_95_95210_95971_F	PF00392.20	58.1	8.3e-17	56.6	2.5e-16
AG-891-A07_5_22_18637_19338_F	PF00392.20	52.7	4e-15	52.1	6.2e-15
AG-891-A09_12_3_1735_2394_F	PF00392.20	49.1	5.6e-14	48.0	1.2e-13
AG-891-A14_15_14_11773_12240_R	PF00392.20	43.7	2.8e-12	42.7	5.3e-12
AG-891-A20_2_12_11582_12241_F	PF00392.20	49.1	5.6e-14	48.0	1.2e-13
AG-891-A21_10_51_46988_47749_F	PF00392.20	55.8	4.6e-16	54.9	8.2e-16
AG-891-A21_20_15_14084_14629_F	PF00392.20	52.5	4.8e-15	51.8	8.1e-15
AG-891-B07_69_2_1249_1983_F	PF00392.20	69.7	2e-20	67.6	9.1e-20
AG-891-B08_3_91_103701_104687_R	PF00392.20	46.7	3.1e-13	45.6	6.9e-13
AG-891-B14_8_26_27656_28375_R	PF00392.20	57.6	1.2e-16	56.4	2.9e-16
AG-891-C05_12_22_17614_18600_F	PF00392.20	46.4	3.9e-13	45.3	8.4e-13
AG-891-C06_1_133_188558_189163_F	PF00392.20	57.1	1.8e-16	56.3	3.2e-16
AG-891-C11_1_187_188506_189207_F	PF00392.20	55.6	5.2e-16	51.9	7.4e-15
AG-891-D09_1_19_13205_13942_F	PF00392.20	64.3	9.8e-19	62.6	3.4e-18
AG-891-D09_18_7_7635_8312_R	PF00392.20	62.3	4.1e-18	62.3	4.1e-18
AG-891-D19_20_3_3300_4286_R	PF00392.20	46.4	3.9e-13	45.3	8.4e-13
AG-891-E04_32_2_984_1643_R	PF00392.20	49.1	5.6e-14	48.0	1.2e-13
AG-891-E08_4_43_41266_41925_R	PF00392.20	49.2	5.2e-14	48.1	1.1e-13
AG-891-E19_1_75_66822_67556_R	PF00392.20	70.7	9.7e-21	69.7	2.1e-20
AG-891-E19_2_62_63069_63806_R	PF00392.20	64.3	1e-18	63.4	1.8e-18
AG-891-E22_3_83_80348_81007_R	PF00392.20	49.1	5.6e-14	48.0	1.2e-13
AG-891-F11_8_38_30264_30923_F	PF00392.20	49.1	5.6e-14	48.0	1.2e-13
AG-891-F19_20_6_4455_5114_F	PF00392.20	49.1	5.6e-14	48.0	1.2e-13
AG-891-G05_2_133_128625_129284_F	PF00392.20	49.1	5.6e-14	48.0	1.2e-13
AG-891-G23_5_47_40685_41344_F	PF00392.20	49.1	5.6e-14	48.0	1.2e-13
AG-891-I05_3_35_39473_40459_R	PF00392.20	46.4	3.9e-13	45.3	8.4e-13
AG-891-I10_12_7_12295_13188_R	PF00392.20	55.9	4e-16	54.5	1.1e-15
AG-891-I16_3_40_44692_45678_R	PF00392.20	47.6	1.6e-13	46.6	3.4e-13
AG-891-J04_2_197_198358_198930_R	PF00392.20	37.7	2e-10	37.1	3.1e-10
AG-891-J05_4_16_14041_14700_F	PF00392.20	49.1	5.6e-14	48.0	1.2e-13
AG-891-J18_5_32_25891_26550_F	PF00392.20	49.1	5.6e-14	48.0	1.2e-13
AG-891-J19_3_40_40394_41164_F	PF00392.20	67.3	1.1e-19	66.5	2e-19
AG-891-K07_6_25_28950_29936_R	PF00392.20	47.6	1.6e-13	46.6	3.4e-13
AG-891-K23_8_50_54589_55281_F	PF00392.20	52.2	6e-15	49.9	3.1e-14
AG-891-L09_103_2_308_1048_R	PF00392.20	63.8	1.4e-18	61.3	8.8e-18
AG-891-L09_16_25_27182_27430_R	PF00392.20	26.7	5.4e-07	26.4	6.9e-07
AG-891-L15_2_21_14929_15588_R	PF00392.20	49.1	5.6e-14	48.0	1.2e-13
AG-891-L23_13_11_11454_12191_R	PF00392.20	58.3	7.3e-17	57.6	1.3e-16
AG-891-L23_26_6_5969_6637_F	PF00392.20	54.8	9.3e-16	53.7	2e-15
AG-891-N09_16_11_12953_13615_R	PF00392.20	43.4	3.4e-12	43.4	3.4e-12
AG-891-N09_7_50_47415_48182_R	PF00392.20	89.4	1.4e-26	88.2	3.5e-26
AG-891-O02_2_54_59090_60076_R	PF00392.20	50.1	2.7e-14	48.9	6.3e-14
AG-891-O18_2_9_6619_7605_R	PF00392.20	46.4	3.9e-13	45.3	8.4e-13
AG-891-P07_15_7_6588_7241_F	PF00392.20	59.8	2.5e-17	58.6	5.8e-17
AG-891-P07_19_6_5802_6563_F	PF00392.20	58.0	9e-17	57.2	1.6e-16
AG-892-A13_17_4_3026_4012_F	PF00392.20	45.7	6.5e-13	44.6	1.4e-12
AG-892-A16_2_55_49768_50754_F	PF00392.20	46.7	3.1e-13	45.6	6.9e-13
AG-892-A23_6_68_77887_78873_R	PF00392.20	47.6	1.6e-13	46.6	3.4e-13
AG-892-B09_41_1_1_201_R	PF00392.20	65.8	3.5e-19	65.6	3.8e-19
AG-892-B18_9_13_11090_11434_R	PF00392.20	46.8	3e-13	46.4	3.9e-13
AG-892-B20_35_4_4096_5196_R	PF00392.20	39.6	5e-11	38.8	8.9e-11
AG-892-C17_6_19_21378_22364_R	PF00392.20	45.8	5.8e-13	44.7	1.3e-12
AG-892-D10_7_37_32057_32716_R	PF00392.20	49.1	5.6e-14	48.0	1.2e-13
AG-892-E11_39_2_215_559_R	PF00392.20	46.7	3e-13	46.4	3.9e-13
AG-892-E13_8_16_13244_14230_F	PF00392.20	46.4	3.9e-13	45.3	8.4e-13
AG-892-F18_4_91_91223_91567_F	PF00392.20	46.8	3e-13	46.4	3.9e-13
AG-892-F19_11_23_17561_18277_R	PF00392.20	61.1	9.8e-18	60.4	1.6e-17
AG-892-G03_9_46_40583_41242_F	PF00392.20	49.1	5.6e-14	48.0	1.2e-13
AG-892-G06_2_45_48598_49335_F	PF00392.20	64.3	9.8e-19	63.4	1.8e-18
AG-892-G09_1_174_184090_185076_R	PF00392.20	49.7	3.6e-14	48.6	7.9e-14
AG-892-G14_11_11_11363_12022_F	PF00392.20	49.2	5.2e-14	48.1	1.1e-13
AG-892-G17_1_124_103188_104174_F	PF00392.20	46.4	3.9e-13	45.3	8.4e-13
AG-892-J05_10_6_4481_5467_F	PF00392.20	46.4	3.9e-13	45.3	8.4e-13
AG-892-J13_8_20_18046_18705_F	PF00392.20	49.1	5.4e-14	48.1	1.1e-13
AG-892-J14_8_3_3660_4646_R	PF00392.20	44.8	1.2e-12	43.7	2.6e-12
AG-892-J18_9_24_19234_20220_F	PF00392.20	49.6	3.7e-14	48.6	7.9e-14
AG-892-K03_10_15_16344_17471_R	PF00392.20	49.6	3.8e-14	48.1	1.1e-13
AG-892-K10_7_46_42073_43059_F	PF00392.20	47.6	1.6e-13	46.6	3.4e-13
AG-892-K14_2_45_41806_42468_F	PF00392.20	45.0	1e-12	43.4	3.4e-12
AG-892-L04_1_156_142023_142892_F	PF00392.20	47.0	2.4e-13	46.1	4.9e-13
AG-892-M03_5_151_135286_135642_F	PF00392.20	37.9	1.8e-10	36.9	3.6e-10
AG-892-M07_4_23_19626_20285_F	PF00392.20	49.1	5.6e-14	48.0	1.2e-13
AG-892-M18_26_3_1861_2847_R	PF00392.20	49.6	3.9e-14	48.6	7.9e-14
AG-892-N06_6_37_31896_32555_R	PF00392.20	49.1	5.6e-14	48.0	1.2e-13
AG-892-O09_13_9_8598_9257_F	PF00392.20	49.2	5.2e-14	48.1	1.1e-13
AG-892-O21_1_38_41036_42022_R	PF00392.20	49.8	3.3e-14	48.6	7.9e-14
AG-892-P22_11_3_3690_4676_R	PF00392.20	46.4	3.9e-13	45.3	8.4e-13
AG-892-P23_1_26_23186_23530_F	PF00392.20	46.7	3e-13	46.4	3.9e-13
AG-893-A13_57_4_2110_3096_F	PF00392.20	50.1	2.7e-14	48.9	6.3e-14
AG-893-A23_11_5_4355_5032_F	PF00392.20	71.2	6.9e-21	70.6	1.1e-20
AG-893-B02_18_11_9912_10898_R	PF00392.20	46.8	2.9e-13	45.8	6e-13
AG-893-C05_9_9_8464_9450_R	PF00392.20	49.6	3.8e-14	48.6	7.9e-14
AG-893-C16_1_110_108991_109335_F	PF00392.20	46.8	3e-13	46.4	3.9e-13
AG-893-D17_1_62_64411_64755_F	PF00392.20	46.8	3e-13	46.4	3.9e-13
AG-893-E11_12_19_15908_16369_F	PF00392.20	44.4	1.6e-12	43.6	2.9e-12
AG-893-E15_1_103_102676_103335_R	PF00392.20	49.2	5.2e-14	48.1	1.1e-13
AG-893-E16_1_149_147390_148049_R	PF00392.20	49.1	5.6e-14	48.0	1.2e-13
AG-893-E21_3_57_56862_57521_R	PF00392.20	49.1	5.6e-14	48.0	1.2e-13
AG-893-E23_2_199_186264_186923_F	PF00392.20	49.1	5.6e-14	48.0	1.2e-13
AG-893-F20_6_64_58243_59229_F	PF00392.20	47.6	1.6e-13	46.6	3.4e-13
AG-893-G02_4_57_50330_51316_F	PF00392.20	47.5	1.7e-13	46.6	3.4e-13
AG-893-G11_35_3_3533_4519_R	PF00392.20	49.7	3.6e-14	48.6	7.9e-14
AG-893-G16_1_224_242550_243017_F	PF00392.20	46.5	3.5e-13	45.7	6.3e-13
AG-893-I14_20_11_8486_9472_F	PF00392.20	46.4	3.9e-13	45.3	8.4e-13
AG-893-J07_2_45_47172_47891_F	PF00392.20	57.0	1.9e-16	56.4	2.9e-16
AG-893-J13_54_8_7347_8249_F	PF00392.20	53.5	2.4e-15	29.5	7.5e-08
AG-893-J16_6_46_42194_43180_F	PF00392.20	47.2	2.1e-13	45.6	6.9e-13
AG-893-J17_5_34_33972_34748_R	PF00392.20	54.3	1.3e-15	53.4	2.5e-15
AG-893-J23_1_57_61863_62849_R	PF00392.20	50.3	2.3e-14	48.6	7.9e-14
AG-893-K05_2_146_132839_133825_F	PF00392.20	46.1	4.8e-13	45.0	1e-12
AG-893-K07_13_12_11297_12037_R	PF00392.20	63.2	2.2e-18	62.3	4.2e-18
AG-893-K07_1_77_73011_73649_F	PF00392.20	54.6	1e-15	53.8	1.8e-15
AG-893-K23_3_45_41632_42618_F	PF00392.20	46.3	4.1e-13	45.3	8.4e-13
AG-893-L03_6_30_24966_25952_F	PF00392.20	47.5	1.7e-13	46.6	3.4e-13
AG-893-M02_3_41_44690_45676_R	PF00392.20	44.8	1.2e-12	43.7	2.6e-12
AG-893-M05_3_43_44776_45522_F	PF00392.20	51.7	8.7e-15	50.9	1.6e-14
AG-893-M17_6_51_45247_45906_F	PF00392.20	49.6	3.9e-14	48.5	8.5e-14
AG-893-N10_4_49_54488_55141_R	PF00392.20	56.8	2.1e-16	55.4	5.9e-16
AG-893-O07_4_2_838_1824_F	PF00392.20	46.7	3.1e-13	45.6	6.9e-13
AG-893-O11_13_20_18840_19532_F	PF00392.20	52.8	4e-15	49.9	3.1e-14
AG-893-O15_108_3_1947_2621_F	PF00392.20	71.2	7.1e-21	70.6	1.1e-20
AG-893-O20_36_12_9165_9383_F	PF00392.20	75.9	2.3e-22	75.8	2.6e-22
AG-893-P11_5_45_41506_42165_R	PF00392.20	49.1	5.6e-14	48.0	1.2e-13
AG-893-P17_10_21_24422_25408_R	PF00392.20	47.6	1.6e-13	46.6	3.4e-13
AG-894-A20_23_2_962_1621_R	PF00392.20	49.1	5.6e-14	48.0	1.2e-13
AG-894-B10_25_8_7566_8336_R	PF00392.20	66.3	2.4e-19	65.4	4.4e-19
AG-894-B21_1_38_33522_34508_F	PF00392.20	46.4	3.9e-13	45.3	8.4e-13
AG-894-C08_2_43_45418_46152_F	PF00392.20	68.9	3.6e-20	67.6	9.1e-20
AG-894-C10_3_114_113281_113940_R	PF00392.20	49.1	5.6e-14	48.0	1.2e-13
AG-894-C11_2_14_14280_15266_R	PF00392.20	49.8	3.4e-14	48.6	7.9e-14
AG-894-D05_3_66_74732_75718_R	PF00392.20	48.5	8.7e-14	47.5	1.7e-13
AG-894-D07_2_52_45128_45787_F	PF00392.20	49.1	5.6e-14	48.0	1.2e-13
AG-894-D19_2_42_35649_36350_R	PF00392.20	55.6	5.2e-16	51.9	7.4e-15
AG-894-E21_4_17_11455_11793_F	PF00392.20	45.8	5.9e-13	45.4	7.7e-13
AG-894-F05_1_72_68325_69311_F	PF00392.20	48.9	6.3e-14	47.8	1.4e-13
AG-894-F10_2_25_26969_27658_R	PF00392.20	48.9	6.5e-14	47.4	1.9e-13
AG-894-F20_41_2_117_1103_R	PF00392.20	46.8	2.9e-13	45.8	6e-13
AG-894-G07_6_28_30399_31343_R	PF00392.20	46.3	4.2e-13	45.2	9.3e-13
AG-894-G16_7_24_27292_28278_R	PF00392.20	46.8	2.9e-13	45.8	6e-13
AG-894-G22_6_29_25474_26460_F	PF00392.20	44.8	1.2e-12	43.7	2.6e-12
AG-894-I14_7_18_17648_18634_R	PF00392.20	46.8	2.9e-13	45.8	6e-13
AG-894-I22_2_110_105259_105918_F	PF00392.20	49.2	5.2e-14	48.1	1.1e-13
AG-894-J17_1_72_78057_78827_F	PF00392.20	67.4	1e-19	66.5	2e-19
AG-894-J22_2_51_49922_50581_F	PF00392.20	49.1	5.6e-14	48.0	1.2e-13
AG-894-K10_16_29_25074_26060_F	PF00392.20	49.8	3.3e-14	48.6	7.9e-14
AG-894-K16_5_51_51779_52123_F	PF00392.20	46.7	3e-13	46.4	3.9e-13
AG-894-K20_6_42_39672_40331_R	PF00392.20	49.1	5.6e-14	48.0	1.2e-13
AG-894-L08_4_41_36952_37938_F	PF00392.20	44.8	1.2e-12	43.7	2.6e-12
AG-894-L14_1_75_82800_83786_R	PF00392.20	46.9	2.7e-13	45.8	6e-13
AG-894-M05_1_81_88578_89360_R	PF00392.20	70.8	9e-21	69.8	1.9e-20
AG-894-M09_14_46_52193_52948_R	PF00392.20	63.1	2.4e-18	62.2	4.4e-18
AG-894-M10_11_2_650_1636_F	PF00392.20	46.6	3.3e-13	45.6	6.6e-13
AG-894-M14_3_31_33923_34909_R	PF00392.20	47.6	1.6e-13	46.6	3.4e-13
AG-894-M20_4_41_44955_45941_R	PF00392.20	49.6	4e-14	48.6	7.9e-14
AG-894-N05_1_246_215176_216162_F	PF00392.20	46.7	3.2e-13	45.6	6.9e-13
AG-894-N18_8_32_25813_26472_F	PF00392.20	49.1	5.6e-14	48.0	1.2e-13
AG-894-O02_2_51_50242_50901_R	PF00392.20	49.1	5.6e-14	48.0	1.2e-13
AG-894-O04_2_2_1329_1988_F	PF00392.20	49.1	5.6e-14	48.0	1.2e-13
AG-894-O05_9_9_7219_8205_R	PF00392.20	49.7	3.6e-14	48.6	7.9e-14
AG-894-O08_8_53_48386_49372_F	PF00392.20	49.8	3.2e-14	48.6	7.9e-14
AG-894-P02_10_35_29142_29801_F	PF00392.20	49.1	5.4e-14	48.1	1.1e-13
AG-894-P07_6_36_31536_32195_R	PF00392.20	49.1	5.6e-14	48.0	1.2e-13
AG-894-P13_9_40_44562_45548_R	PF00392.20	49.6	3.9e-14	48.6	7.9e-14
AG-894-P21_4_18_15375_16034_F	PF00392.20	49.1	5.6e-14	48.0	1.2e-13
AG-895-A04_19_11_8633_9619_F	PF00392.20	46.2	4.5e-13	45.1	9.5e-13
AG-895-A09_4_11_7819_8478_R	PF00392.20	49.1	5.6e-14	48.0	1.2e-13
AG-895-A10_5_23_17528_18514_R	PF00392.20	46.4	3.9e-13	45.3	8.4e-13
AG-895-C15_12_4_3251_4237_F	PF00392.20	50.4	2.2e-14	49.4	4.6e-14
AG-895-D03_2_26_21188_22174_F	PF00392.20	46.7	3.1e-13	45.6	6.9e-13
AG-895-D05_7_58_61972_62958_R	PF00392.20	49.6	3.7e-14	48.6	7.9e-14
AG-895-E07_4_41_33634_34293_F	PF00392.20	49.1	5.6e-14	48.0	1.2e-13
AG-895-E22_7_14_9660_10319_R	PF00392.20	49.1	5.6e-14	48.0	1.2e-13
AG-895-F05_7_31_26827_27813_F	PF00392.20	49.8	3.2e-14	48.6	7.9e-14
AG-895-F09_1_107_121323_122057_F	PF00392.20	69.7	2e-20	67.6	9.1e-20
AG-895-F09_2_138_130913_131650_F	PF00392.20	71.2	7.2e-21	70.4	1.2e-20
AG-895-F19_19_5_3347_4006_F	PF00392.20	49.1	5.6e-14	48.0	1.2e-13
AG-895-I05_3_11_9122_10108_F	PF00392.20	49.7	3.6e-14	48.6	7.9e-14
AG-895-I10_23_2_1624_2283_F	PF00392.20	49.1	5.6e-14	48.0	1.2e-13
AG-895-I15_32_3_791_1777_F	PF00392.20	47.6	1.6e-13	46.6	3.4e-13
AG-895-J15_3_119_115537_116196_F	PF00392.20	49.1	5.6e-14	48.0	1.2e-13
AG-895-K19_10_18_15929_16357_F	PF00392.20	66.5	2.1e-19	65.8	3.5e-19
AG-895-L09_3_122_97820_98536_R	PF00392.20	61.1	1e-17	60.4	1.6e-17
AG-895-L18_7_3_2806_3465_R	PF00392.20	49.2	5.2e-14	48.1	1.1e-13
AG-895-M06_13_10_7964_8950_F	PF00392.20	48.8	7e-14	47.7	1.5e-13
AG-895-M18_9_16_17958_18944_R	PF00392.20	49.6	3.7e-14	48.6	7.9e-14
AG-895-M21_18_10_9143_10129_F	PF00392.20	46.4	3.9e-13	45.3	8.4e-13
AG-895-N02_1_24_27905_28600_R	PF00392.20	62.5	3.5e-18	62.0	5.2e-18
AG-895-N22_23_2_1367_2026_F	PF00392.20	49.1	5.6e-14	48.0	1.2e-13
AG-895-O13_25_5_2500_3246_R	PF00392.20	51.7	8.8e-15	50.9	1.6e-14
AG-895-P10_11_28_21905_22564_R	PF00392.20	49.1	5.6e-14	48.0	1.2e-13
AG-895-P19_20_3_2075_3061_R	PF00392.20	46.7	3.1e-13	45.6	6.9e-13
AG-896-A01_1_99_91653_92660_F	PF00392.20	52.7	4e-15	29.7	6.3e-08
AG-896-A01_5_99_95839_96621_F	PF00392.20	70.8	9.1e-21	69.8	1.9e-20
AG-896-A03_2_57_52801_53787_F	PF00392.20	44.8	1.2e-12	43.7	2.6e-12
AG-896-A20_7_58_59781_60125_F	PF00392.20	46.8	3e-13	46.4	3.9e-13
AG-896-B07_4_9_7285_7926_F	PF00392.20	53.7	2e-15	52.9	3.5e-15
AG-896-C14_22_1_1_297_R	PF00392.20	73.6	1.2e-21	73.4	1.4e-21
AG-896-C14_6_57_60421_61155_F	PF00392.20	69.7	2e-20	67.6	9.1e-20
AG-896-C22_26_5_4048_4707_F	PF00392.20	49.1	5.6e-14	48.0	1.2e-13
AG-896-E11_4_47_40684_41343_F	PF00392.20	49.1	5.6e-14	48.0	1.2e-13
AG-896-E23_5_63_68094_69080_R	PF00392.20	42.0	9.2e-12	40.8	2.1e-11
AG-896-F13_5_14_15233_15928_R	PF00392.20	62.6	3.4e-18	62.0	5.2e-18
AG-896-F14_6_3_3314_4048_R	PF00392.20	64.6	8.2e-19	63.5	1.7e-18
AG-896-G19_2_79_71673_72800_F	PF00392.20	49.6	3.8e-14	48.1	1.1e-13
AG-896-G20_58_3_1191_1535_R	PF00392.20	46.8	3e-13	46.4	3.9e-13
AG-896-G21_10_26_17658_18362_R	PF00392.20	69.2	3e-20	68.2	6e-20
AG-896-G21_2_52_56232_56993_R	PF00392.20	73.8	1.1e-21	72.0	3.9e-21
AG-896-I14_30_8_6799_7143_F	PF00392.20	46.8	3e-13	46.4	3.9e-13
AG-896-J04_20_14_15103_15765_R	PF00392.20	47.0	2.5e-13	45.9	5.5e-13
AG-896-J04_8_14_12894_13661_F	PF00392.20	89.5	1.4e-26	88.2	3.5e-26
AG-896-J08_1_33_28703_29689_F	PF00392.20	47.6	1.6e-13	46.6	3.4e-13
AG-896-J14_14_5_4113_5099_F	PF00392.20	47.2	2.2e-13	46.1	4.7e-13
AG-896-K09_14_9_8228_8902_R	PF00392.20	59.9	2.4e-17	59.0	4.5e-17
AG-896-K13_11_23_22956_23675_R	PF00392.20	61.8	5.9e-18	60.8	1.2e-17
AG-896-L23_3_29_26096_27082_F	PF00392.20	46.4	3.9e-13	45.3	8.4e-13
AG-896-M02_29_8_9153_9872_R	PF00392.20	61.8	5.8e-18	60.8	1.2e-17
AG-896-M21_1_78_74353_75012_R	PF00392.20	49.1	5.5e-14	48.0	1.2e-13
AG-896-N09_1_74_70878_71864_F	PF00392.20	44.8	1.2e-12	43.7	2.6e-12
AG-896-N14_5_94_110697_111590_F	PF00392.20	55.9	4.2e-16	54.4	1.3e-15
AG-896-O07_34_5_3000_3263_F	PF00392.20	40.1	3.5e-11	39.8	4.4e-11
AG-896-P01_3_11_7636_7830_F	PF00392.20	39.0	7.6e-11	38.9	8.7e-11
AG-897-B23_24_3_891_1334_F	PF00392.20	46.6	3.3e-13	45.6	6.7e-13
AG-897-E09_1_51_44989_45648_F	PF00392.20	49.1	5.6e-14	48.0	1.2e-13
AG-897-E14_8_5_4130_5116_F	PF00392.20	44.8	1.2e-12	43.7	2.6e-12
AG-897-F06_2_29_22164_22823_R	PF00392.20	49.1	5.6e-14	48.0	1.2e-13
AG-897-G20_19_26_29164_29880_F	PF00392.20	61.1	9.8e-18	60.4	1.6e-17
AG-897-G20_4_125_137028_137810_R	PF00392.20	70.9	8.9e-21	69.8	1.9e-20
AG-897-I10_23_1_63_1049_F	PF00392.20	46.6	3.2e-13	45.6	6.9e-13
AG-897-L14_20_9_11804_12409_R	PF00392.20	57.1	1.8e-16	56.3	3.2e-16
AG-897-M10_1_111_158738_159343_F	PF00392.20	57.1	1.8e-16	56.3	3.2e-16
AG-897-M14_2_49_45094_46080_F	PF00392.20	44.8	1.2e-12	43.7	2.6e-12
AG-897-O14_15_6_2446_3225_R	PF00392.20	51.0	1.4e-14	50.3	2.4e-14
AG-897-P03_6_41_44715_45701_R	PF00392.20	46.7	3.1e-13	45.6	6.9e-13
AG-898-A19_4_26_21101_22087_F	PF00392.20	44.8	1.2e-12	43.7	2.6e-12
AG-898-C09_8_3_1346_2332_R	PF00392.20	46.9	2.7e-13	45.8	6e-13
AG-898-D04_1_20_23880_24218_F	PF00392.20	61.3	8.3e-18	60.9	1.1e-17
AG-898-D16_1_22_25414_26421_R	PF00392.20	62.3	4e-18	40.4	2.9e-11
AG-898-D16_52_1_258_935_F	PF00392.20	61.3	8.7e-18	61.3	8.7e-18
AG-898-D16_7_2_1360_2814_F	PF00392.20	45.0	1e-12	43.9	2.2e-12
AG-898-E02_1_20_16285_17271_F	PF00392.20	49.6	3.9e-14	48.6	7.9e-14
AG-898-E18_36_3_2045_3031_R	PF00392.20	46.3	4e-13	45.3	8.4e-13
AG-898-F09_88_4_3780_4073_F	PF00392.20	59.5	3.1e-17	58.6	5.9e-17
AG-898-G07_1_2_299_1285_F	PF00392.20	47.6	1.6e-13	46.6	3.4e-13
AG-898-I03_2_13_12805_13506_F	PF00392.20	52.5	4.9e-15	50.6	1.9e-14
AG-898-J13_13_14_15233_15928_R	PF00392.20	59.9	2.4e-17	59.3	3.6e-17
AG-898-J17_9_37_39721_40503_R	PF00392.20	70.4	1.2e-20	69.4	2.6e-20
AG-898-J20_13_15_17623_18609_R	PF00392.20	46.9	2.7e-13	45.8	6e-13
AG-898-L02_35_9_7644_7874_F	PF00392.20	57.0	1.9e-16	56.7	2.4e-16
AG-898-L16_17_10_7655_8356_R	PF00392.20	52.1	6.2e-15	49.9	3.2e-14
AG-898-M03_2_24_19843_20502_F	PF00392.20	49.1	5.5e-14	48.0	1.2e-13
AG-898-N03_4_21_21430_22200_F	PF00392.20	63.5	1.8e-18	61.2	9.5e-18
AG-898-N07_3_21_15827_16486_R	PF00392.20	49.1	5.6e-14	48.0	1.2e-13
AG-898-N10_3_20_16610_17596_F	PF00392.20	46.6	3.2e-13	45.6	6.9e-13
AG-898-N21_16_8_7086_7745_F	PF00392.20	49.1	5.4e-14	48.1	1.1e-13
AG-898-N22_29_3_2769_3755_R	PF00392.20	46.7	3.1e-13	45.6	6.9e-13
AG-898-P23_17_4_4118_5104_R	PF00392.20	46.0	4.9e-13	45.0	1e-12
AG-899-B14_3_63_62936_63280_R	PF00392.20	46.8	3e-13	46.4	3.9e-13
AG-899-B22_24_13_10916_11902_F	PF00392.20	49.7	3.5e-14	48.6	7.9e-14
AG-899-C06_2_151_170267_171049_R	PF00392.20	71.0	7.9e-21	70.0	1.7e-20
AG-899-C09_2_40_35655_36314_R	PF00392.20	49.2	5.2e-14	48.1	1.1e-13
AG-899-C10_20_7_6407_7309_F	PF00392.20	55.8	4.4e-16	32.1	1.2e-08
AG-899-C14_5_21_15913_16572_R	PF00392.20	49.1	5.6e-14	48.0	1.2e-13
AG-899-E09_36_1_3_413_R	PF00392.20	50.2	2.6e-14	49.4	4.4e-14
AG-899-E18_18_3_2778_3761_R	PF00392.20	44.7	1.3e-12	43.7	2.6e-12
AG-899-F03_16_9_6582_7268_F	PF00392.20	53.8	1.8e-15	53.2	2.9e-15
AG-899-F05_26_3_3226_4212_R	PF00392.20	49.6	3.9e-14	48.6	7.9e-14
AG-899-F06_1_37_39382_40116_R	PF00392.20	69.7	2e-20	67.6	9.1e-20
AG-899-F17_20_4_2261_3064_F	PF00392.20	63.6	1.7e-18	60.6	1.4e-17
AG-899-F18_2_29_26063_27049_F	PF00392.20	44.8	1.2e-12	43.7	2.6e-12
AG-899-G14_4_81_73131_73790_F	PF00392.20	49.1	5.6e-14	48.0	1.2e-13
AG-899-G16_46_2_348_1334_F	PF00392.20	46.4	3.9e-13	45.3	8.4e-13
AG-899-G18_4_3_1725_2441_R	PF00392.20	61.1	9.9e-18	60.4	1.6e-17
AG-899-G23_3_37_24516_25253_F	PF00392.20	64.3	9.9e-19	62.6	3.4e-18
AG-899-G23_50_5_3362_3910_F	PF00392.20	61.0	1e-17	60.1	2.1e-17
AG-899-G23_6_2_499_1146_R	PF00392.20	32.4	9.2e-09	31.2	2.2e-08
AG-899-J07_5_12_9330_10316_F	PF00392.20	49.7	3.6e-14	48.6	7.9e-14
AG-899-J10_1_40_33642_34301_F	PF00392.20	49.1	5.6e-14	48.0	1.2e-13
AG-899-J14_30_3_871_1857_F	PF00392.20	46.4	3.8e-13	45.3	8.4e-13
AG-899-J15_6_41_45749_46528_F	PF00392.20	50.9	1.5e-14	50.2	2.6e-14
AG-899-J19_8_8_6210_6911_R	PF00392.20	55.6	5.2e-16	51.9	7.4e-15
AG-899-K02_1_35_37036_37818_R	PF00392.20	71.0	7.9e-21	70.0	1.7e-20
AG-899-K18_1_222_213217_213876_R	PF00392.20	49.1	5.6e-14	48.0	1.2e-13
AG-899-K21_5_129_125780_126439_R	PF00392.20	49.2	5.2e-14	48.1	1.1e-13
AG-899-P07_12_29_26491_26835_F	PF00392.20	45.4	7.8e-13	44.9	1.2e-12
AG-900-A01_29_10_8425_8661_F	PF00392.20	91.2	3.9e-27	91.0	4.5e-27
AG-900-B11_9_19_15120_16106_F	PF00392.20	44.8	1.2e-12	43.7	2.6e-12
AG-900-B19_33_3_2974_3960_R	PF00392.20	46.4	3.9e-13	45.3	8.4e-13
AG-900-C02_1_16_18584_19570_R	PF00392.20	46.7	3e-13	45.8	6e-13
AG-900-D08_1_32_33789_34775_R	PF00392.20	45.7	6.2e-13	44.7	1.3e-12
AG-900-D17_5_2_335_1321_F	PF00392.20	45.5	7.3e-13	44.4	1.6e-12
AG-900-E07_19_3_3496_4482_R	PF00392.20	47.6	1.6e-13	46.6	3.4e-13
AG-900-E20_3_9_4845_5648_F	PF00392.20	59.3	3.5e-17	57.9	1e-16
AG-900-E22_4_2_1041_1700_F	PF00392.20	49.1	5.6e-14	48.0	1.2e-13
AG-900-F18_1_42_44637_45623_R	PF00392.20	47.9	1.4e-13	46.7	3e-13
AG-900-G06_4_48_47086_47745_R	PF00392.20	49.1	5.6e-14	48.0	1.2e-13
AG-900-G07_21_2_2160_2822_R	PF00392.20	44.9	1.1e-12	43.4	3.4e-12
AG-900-I06_1_29_25785_26771_F	PF00392.20	49.7	3.6e-14	48.6	7.9e-14
AG-900-I14_2_29_23644_24303_F	PF00392.20	49.1	5.6e-14	48.0	1.2e-13
AG-900-I20_24_7_4917_5903_F	PF00392.20	47.6	1.6e-13	46.6	3.4e-13
AG-900-J15_4_7_5997_6692_R	PF00392.20	62.5	3.5e-18	62.0	5.2e-18
AG-900-J20_3_6_5419_6078_F	PF00392.20	49.1	5.6e-14	48.0	1.2e-13
AG-900-K08_12_17_13807_14793_F	PF00392.20	47.6	1.6e-13	46.6	3.4e-13
AG-900-L19_3_38_33434_34420_F	PF00392.20	49.7	3.6e-14	48.6	7.9e-14
AG-900-P10_37_2_699_1358_F	PF00392.20	49.1	5.6e-14	48.0	1.2e-13
AG-900-P21_15_6_3534_4175_F	PF00392.20	54.4	1.2e-15	53.2	2.8e-15
AG-900-P23_1_46_61010_61615_R	PF00392.20	54.5	1.1e-15	53.9	1.8e-15
AG-901-A23_25_5_3953_4612_F	PF00392.20	49.2	5.2e-14	48.1	1.1e-13
AG-901-B02_14_4_3256_3915_F	PF00392.20	49.1	5.6e-14	48.0	1.2e-13
AG-901-B14_20_5_3986_4705_F	PF00392.20	49.5	4.1e-14	48.7	7.4e-14
AG-901-C06_19_11_10798_11556_F	PF00392.20	64.3	1e-18	62.4	3.8e-18
AG-901-C06_2_19_22490_23260_F	PF00392.20	73.2	1.6e-21	72.3	3e-21
AG-901-D04_1_23_26944_27930_R	PF00392.20	47.6	1.6e-13	46.6	3.4e-13
AG-901-D18_19_1_1_984_F	PF00392.20	47.6	1.7e-13	46.6	3.4e-13
AG-901-E22_8_21_16122_16781_R	PF00392.20	49.1	5.6e-14	48.0	1.2e-13
AG-901-E23_4_164_164048_164707_R	PF00392.20	49.6	3.8e-14	48.5	8.5e-14
AG-901-I13_2_35_39394_40380_R	PF00392.20	47.6	1.6e-13	46.6	3.4e-13
AG-901-J04_4_7_7498_8484_R	PF00392.20	46.8	2.9e-13	45.8	6e-13
AG-901-J20_30_15_13051_13701_F	PF00392.20	63.5	1.7e-18	62.5	3.7e-18
AG-901-K17_21_6_4571_5323_F	PF00392.20	45.4	8.1e-13	44.4	1.7e-12
AG-901-L10_20_6_5098_5757_F	PF00392.20	49.2	5.2e-14	48.1	1.1e-13
AG-901-O15_3_37_41544_42530_R	PF00392.20	47.6	1.6e-13	46.6	3.4e-13
AG-901-P01_3_8_3713_4471_R	PF00392.20	66.3	2.4e-19	65.4	4.5e-19
AG-901-P14_6_4_2655_3641_F	PF00392.20	47.6	1.6e-13	46.6	3.4e-13
AG-903-D19_2_21_22581_23567_R	PF00392.20	47.6	1.7e-13	46.6	3.4e-13
AG-903-D22_6_9_7186_8172_F	PF00392.20	47.6	1.6e-13	46.6	3.4e-13
AG-903-E10_27_3_1387_2373_R	PF00392.20	46.6	3.4e-13	45.5	7.3e-13
AG-903-E23_12_7_6480_7517_R	PF00392.20	50.0	2.8e-14	48.5	8.6e-14
AG-903-I13_5_63_57404_58045_F	PF00392.20	54.4	1.2e-15	53.2	2.8e-15
AG-903-I23_10_10_10041_10700_F	PF00392.20	49.1	5.5e-14	48.0	1.2e-13
AG-903-J11_22_7_4206_5192_F	PF00392.20	46.3	4e-13	45.3	8.4e-13
AG-903-K03_59_2_88_795_R	PF00392.20	63.5	1.8e-18	62.7	3.2e-18
AG-903-K13_29_10_6014_6157_F	PF00392.20	29.1	9.4e-08	29.0	1e-07
AG-903-N11_8_38_43544_44530_R	PF00392.20	44.8	1.2e-12	43.7	2.6e-12
AG-903-N13_6_10_10072_10731_F	PF00392.20	49.1	5.6e-14	48.0	1.2e-13
AG-903-O05_3_11_17511_17699_R	PF00392.20	49.8	3.4e-14	49.5	4e-14
AG-903-P06_1_3_1412_2398_R	PF00392.20	47.6	1.6e-13	46.6	3.4e-13
AG-903-P13_56_8_5524_6531_F	PF00392.20	61.7	6.3e-18	39.7	4.6e-11
AG-904-C04_71_3_2890_3645_F	PF00392.20	71.0	8.2e-21	70.1	1.6e-20
AG-904-C07_6_50_44618_45277_F	PF00392.20	49.1	5.6e-14	48.0	1.2e-13
AG-904-E10_6_8_6899_7573_R	PF00392.20	59.9	2.4e-17	59.0	4.5e-17
AG-904-G19_39_3_4914_5618_F	PF00392.20	53.2	2.8e-15	52.1	6.3e-15
AG-904-G22_4_73_70645_71340_F	PF00392.20	62.5	3.5e-18	62.0	5.2e-18
AG-904-J02_12_3_1549_2535_F	PF00392.20	44.8	1.2e-12	43.7	2.6e-12
AG-904-J13_1_22_26853_27839_R	PF00392.20	49.7	3.7e-14	48.6	7.9e-14
AG-904-J19_1_7_5674_6333_F	PF00392.20	49.1	5.6e-14	48.0	1.2e-13
AG-904-K07_11_3_1527_2513_R	PF00392.20	46.3	4.1e-13	45.3	8.4e-13
AG-904-K16_8_4_3202_3861_F	PF00392.20	49.2	5.2e-14	48.1	1.1e-13
AG-904-L10_7_6_6257_7243_R	PF00392.20	49.7	3.6e-14	48.6	7.9e-14
AG-904-L23_4_46_40588_41247_F	PF00392.20	49.1	5.6e-14	48.0	1.2e-13
AG-904-N15_26_2_1397_2056_R	PF00392.20	49.1	5.6e-14	48.0	1.2e-13
AG-904-N16_4_32_33745_34731_R	PF00392.20	49.7	3.5e-14	48.6	7.9e-14
AG-904-O04_7_20_17966_18625_F	PF00392.20	49.1	5.6e-14	48.0	1.2e-13
AG-904-O05_2_69_81889_82671_R	PF00392.20	70.9	8.8e-21	69.8	1.9e-20
AG-904-O16_10_18_13207_13866_R	PF00392.20	49.1	5.6e-14	48.0	1.2e-13
AG-904-O22_1_112_95184_96170_F	PF00392.20	50.0	3e-14	48.4	9e-14
AG-905-A14_1_21_22394_23380_R	PF00392.20	46.3	4e-13	45.3	8.4e-13
AG-905-B14_28_4_3481_4467_F	PF00392.20	49.7	3.5e-14	48.6	7.9e-14
AG-905-B21_4_28_34663_35475_F	PF00392.20	65.0	6e-19	63.5	1.8e-18
AG-905-C17_16_2_488_1150_R	PF00392.20	45.0	1.1e-12	43.4	3.4e-12
AG-905-C17_25_5_3879_4646_F	PF00392.20	88.2	3.4e-26	87.0	7.9e-26
AG-905-C17_52_1_1_486_R	PF00392.20	54.8	8.9e-16	54.8	8.9e-16
AG-905-E14_5_3_1305_2021_R	PF00392.20	61.1	9.9e-18	60.4	1.6e-17
AG-905-F14_2_12_12428_13414_R	PF00392.20	49.8	3.3e-14	48.3	9.9e-14
AG-905-G05_30_3_3428_4414_R	PF00392.20	47.4	1.9e-13	46.3	4.1e-13
AG-905-I06_14_15_17452_18438_R	PF00392.20	42.0	9e-12	40.9	1.9e-11
AG-905-I20_20_5_5395_6036_F	PF00392.20	56.0	3.8e-16	55.2	6.9e-16
AG-905-I23_7_14_15740_16726_R	PF00392.20	46.4	3.9e-13	45.3	8.4e-13
AG-905-J18_2_36_29692_30678_F	PF00392.20	47.6	1.6e-13	46.6	3.4e-13
AG-905-N15_4_85_76719_77378_F	PF00392.20	49.1	5.6e-14	48.0	1.2e-13
AG-905-O07_12_7_5770_6429_F	PF00392.20	49.2	5.2e-14	48.1	1.1e-13
AG-905-O11_15_6_4876_6093_R	PF00392.20	49.0	6e-14	48.0	1.2e-13
AG-907-B04_3_47_40784_41443_F	PF00392.20	49.1	5.6e-14	48.0	1.2e-13
AG-907-B06_1_104_108896_109675_R	PF00392.20	60.9	1.1e-17	59.2	4e-17
AG-907-B11_21_18_14281_15267_F	PF00392.20	47.9	1.3e-13	46.7	3e-13
AG-907-D05_16_6_5333_6046_F	PF00392.20	53.4	2.4e-15	52.5	4.7e-15
AG-907-E05_1_102_119624_120526_R	PF00392.20	53.5	2.4e-15	29.5	7.5e-08
AG-907-I03_8_46_48952_49686_F	PF00392.20	63.6	1.6e-18	59.3	3.6e-17
AG-907-I11_15_1_3_278_R	PF00392.20	60.5	1.5e-17	60.3	1.8e-17
AG-907-L05_16_5_3342_4001_F	PF00392.20	49.1	5.6e-14	48.0	1.2e-13
AG-907-L07_1_138_132258_132953_F	PF00392.20	62.5	3.5e-18	62.0	5.2e-18
AG-907-L10_5_65_70358_71344_R	PF00392.20	48.6	7.7e-14	47.5	1.7e-13
AG-907-M14_5_29_33538_34278_F	PF00392.20	63.2	2.2e-18	62.3	4.2e-18
AG-907-N09_3_9_8287_8946_F	PF00392.20	49.1	5.6e-14	48.0	1.2e-13
AG-907-O13_51_4_5559_6248_F	PF00392.20	58.0	9.3e-17	57.1	1.7e-16
AG-907-P06_7_27_24705_25439_F	PF00392.20	63.8	1.5e-18	59.3	3.6e-17
AG-907-P07_1_129_139880_140866_R	PF00392.20	46.9	2.7e-13	45.8	6e-13
AG-907-P13_1_47_51148_52134_R	PF00392.20	46.4	3.9e-13	45.3	8.4e-13
AG-908-A08_2_72_69437_70174_R	PF00392.20	71.2	7.1e-21	70.5	1.2e-20
AG-908-A10_2_5_4116_5102_F	PF00392.20	50.1	2.6e-14	48.6	7.9e-14
AG-908-A22_4_127_104454_105440_F	PF00392.20	49.8	3.4e-14	48.7	7.3e-14
AG-908-B04_9_31_40408_41013_R	PF00392.20	57.1	1.8e-16	56.3	3.2e-16
AG-908-B16_20_35_35127_35867_F	PF00392.20	60.8	1.2e-17	59.3	3.5e-17
AG-908-F05_1_54_56847_57548_F	PF00392.20	52.9	3.6e-15	50.6	1.9e-14
AG-908-J14_21_18_14445_15431_F	PF00392.20	50.0	3e-14	48.4	9e-14
AG-908-K07_1_15_12069_13055_F	PF00392.20	44.8	1.2e-12	43.7	2.6e-12
AG-908-L11_13_10_6477_7247_F	PF00392.20	67.3	1.1e-19	66.5	2e-19
AG-908-M13_2_120_123360_124178_F	PF00392.20	50.6	1.9e-14	49.8	3.3e-14
AG-908-N17_2_46_39260_39919_F	PF00392.20	49.1	5.6e-14	48.0	1.2e-13
AG-908-N19_4_4_3773_4759_F	PF00392.20	46.3	4e-13	45.3	8.4e-13
AG-908-O02_3_33_37878_38864_R	PF00392.20	46.6	3.3e-13	45.6	6.9e-13
AG-908-O07_1_137_136032_136691_R	PF00392.20	49.1	5.6e-14	48.0	1.2e-13
AG-908-P09_17_21_27826_28434_R	PF00392.20	55.1	7.6e-16	54.2	1.4e-15
AG-908-P16_7_23_20969_21862_F	PF00392.20	55.9	4.2e-16	54.4	1.3e-15
AG-909-A11_23_3_2587_3246_R	PF00392.20	49.1	5.6e-14	48.0	1.2e-13
AG-909-B17_7_24_26425_27132_R	PF00392.20	63.5	1.8e-18	62.7	3.2e-18
AG-909-D07_3_30_29236_30003_F	PF00392.20	88.1	3.6e-26	87.0	7.9e-26
AG-909-D07_3_95_91348_92010_F	PF00392.20	45.0	1e-12	43.4	3.4e-12
AG-909-E20_1_266_263071_263730_R	PF00392.20	49.1	5.6e-14	48.0	1.2e-13
AG-909-F23_1_14_15505_16491_R	PF00392.20	47.6	1.6e-13	46.6	3.4e-13
AG-909-G04_24_8_5409_6068_R	PF00392.20	49.1	5.6e-14	48.0	1.2e-13
AG-909-J02_10_12_12613_13272_F	PF00392.20	49.3	4.9e-14	48.1	1.1e-13
AG-909-K05_40_4_1757_2452_F	PF00392.20	62.5	3.5e-18	62.0	5.2e-18
AG-909-K09_29_4_3021_3680_F	PF00392.20	49.1	5.6e-14	48.0	1.2e-13
AG-909-K20_1_86_83694_84353_R	PF00392.20	49.1	5.6e-14	48.0	1.2e-13
AG-909-L13_48_1_2_418_R	PF00392.20	51.6	8.9e-15	50.9	1.5e-14
AG-909-L22_6_1_2_583_R	PF00392.20	50.5	2.1e-14	49.6	4e-14
AG-909-N03_4_4_4057_5043_R	PF00392.20	46.4	3.9e-13	45.3	8.4e-13
AG-909-N08_1_103_115116_116102_R	PF00392.20	46.3	4.1e-13	45.3	8.4e-13
AG-909-O03_33_11_11692_12480_R	PF00392.20	55.8	4.5e-16	54.2	1.4e-15
AG-909-O05_10_54_50242_51045_F	PF00392.20	58.9	4.7e-17	57.2	1.6e-16
AG-909-O05_2_47_45877_46647_R	PF00392.20	65.7	3.5e-19	64.8	7.1e-19
AG-909-O11_5_53_53116_53805_F	PF00392.20	49.5	4.2e-14	48.9	6.2e-14
AG-909-O21_30_3_2430_3089_R	PF00392.20	49.1	5.6e-14	48.0	1.2e-13
AG-909-P13_20_8_6165_7067_F	PF00392.20	57.4	1.4e-16	33.4	4.3e-09
AG-910-B07_4_20_17964_18623_F	PF00392.20	49.1	5.6e-14	48.0	1.2e-13
AG-910-B11_4_81_87586_87930_R	PF00392.20	46.8	3e-13	46.4	3.9e-13
AG-910-B20_11_3_3623_4609_R	PF00392.20	47.6	1.6e-13	46.6	3.4e-13
AG-910-B21_1_57_55540_56301_F	PF00392.20	57.9	9.6e-17	57.2	1.6e-16
AG-910-B21_1_93_94155_94808_F	PF00392.20	61.4	8.1e-18	59.1	4e-17
AG-910-C07_2_53_57793_58779_R	PF00392.20	46.8	2.9e-13	45.8	6e-13
AG-910-E10_1_73_68654_69640_F	PF00392.20	46.7	3.1e-13	45.6	6.9e-13
AG-910-F14_1_22_26152_27279_R	PF00392.20	49.2	5.1e-14	48.1	1.1e-13
AG-910-G06_10_28_23209_23868_F	PF00392.20	49.1	5.6e-14	48.0	1.2e-13
AG-910-G09_10_21_15628_16287_R	PF00392.20	49.1	5.6e-14	48.0	1.2e-13
AG-910-G23_8_7_6301_6714_F	PF00392.20	50.2	2.5e-14	49.4	4.3e-14
AG-910-I09_2_52_45249_45908_F	PF00392.20	49.2	5.2e-14	48.1	1.1e-13
AG-910-J04_17_29_25962_26948_F	PF00392.20	50.0	3e-14	48.4	9e-14
AG-910-K17_5_38_31114_31773_F	PF00392.20	49.2	5.2e-14	48.1	1.1e-13
AG-910-O03_1_121_113804_114169_R	PF00392.20	45.6	7e-13	45.2	9.3e-13
AG-910-O09_8_12_9389_10048_R	PF00392.20	49.2	5.2e-14	48.1	1.1e-13
AG-910-O10_6_34_38989_39975_R	PF00392.20	47.2	2.1e-13	45.6	6.9e-13
AG-910-O22_11_18_14322_15308_F	PF00392.20	44.8	1.2e-12	43.7	2.6e-12
AG-910-P03_2_30_24579_25238_F	PF00392.20	49.1	5.6e-14	48.0	1.2e-13
AG-910-P07_40_3_1459_2445_R	PF00392.20	49.8	3.3e-14	48.6	7.9e-14
AG-911-A07_3_9_7724_8383_F	PF00392.20	49.1	5.5e-14	48.0	1.2e-13
AG-911-A11_17_16_15813_16574_R	PF00392.20	73.1	1.8e-21	72.0	3.9e-21
AG-911-A11_22_11_13463_14140_F	PF00392.20	62.4	3.8e-18	62.4	3.8e-18
AG-911-C05_22_6_4385_5371_F	PF00392.20	49.6	4e-14	48.6	7.9e-14
AG-911-D15_5_20_17464_18231_F	PF00392.20	89.4	1.4e-26	88.2	3.5e-26
AG-911-E03_1_170_158744_159430_R	PF00392.20	41.2	1.6e-11	40.6	2.5e-11
AG-911-E03_4_80_66776_67450_F	PF00392.20	52.4	5.1e-15	51.6	9.4e-15
AG-911-E06_2_78_87445_88467_R	PF00392.20	50.2	2.6e-14	48.5	8.4e-14
AG-911-E22_9_28_23429_24088_F	PF00392.20	49.2	5.2e-14	48.1	1.1e-13
AG-911-F20_2_17_14201_15187_F	PF00392.20	50.3	2.3e-14	48.6	7.9e-14
AG-911-G02_25_6_6889_7656_R	PF00392.20	88.3	3.3e-26	87.0	7.9e-26
AG-911-G02_3_39_34361_35023_F	PF00392.20	44.9	1.1e-12	43.4	3.4e-12
AG-911-G08_1_18_21299_22285_R	PF00392.20	49.7	3.6e-14	48.6	7.9e-14
AG-911-G23_6_33_31144_31890_F	PF00392.20	48.5	8.3e-14	47.9	1.3e-13
AG-911-I02_1_117_117791_118450_R	PF00392.20	49.6	3.9e-14	48.5	8.4e-14
AG-911-I14_6_37_35990_36730_R	PF00392.20	53.5	2.3e-15	52.6	4.5e-15
AG-911-K06_20_4_2247_2942_R	PF00392.20	62.5	3.5e-18	62.0	5.2e-18
AG-911-K22_8_2_150_884_R	PF00392.20	69.7	2e-20	67.6	9.1e-20
AG-911-L03_5_20_17051_17689_F	PF00392.20	47.6	1.6e-13	46.7	3.1e-13
AG-911-L10_2_40_33522_34181_F	PF00392.20	49.1	5.6e-14	48.0	1.2e-13
AG-911-M21_1_23_13671_14366_F	PF00392.20	21.6	2.2e-05	20.6	4.2e-05
AG-911-P10_19_4_3637_4296_R	PF00392.20	49.1	5.6e-14	48.0	1.2e-13
AG-911-P15_3_16_11949_12608_R	PF00392.20	49.1	5.6e-14	48.0	1.2e-13
AG-911-P20_3_70_66249_67235_F	PF00392.20	46.4	4e-13	45.3	8.4e-13
AG-912-A07_25_5_5303_6085_F	PF00392.20	71.1	7.5e-21	69.8	1.9e-20
AG-912-B03_22_8_5165_5305_F	PF00392.20	22.3	1.3e-05	22.1	1.5e-05
AG-912-B19_8_33_26559_27218_F	PF00392.20	49.1	5.6e-14	48.0	1.2e-13
AG-912-C20_19_10_8007_8993_F	PF00392.20	45.8	6e-13	44.7	1.3e-12
AG-912-C22_7_34_33561_33905_R	PF00392.20	45.4	7.8e-13	44.9	1.2e-12
AG-912-D07_2_81_93784_94770_R	PF00392.20	46.8	2.9e-13	45.8	6e-13
AG-912-E02_20_3_1652_2638_F	PF00392.20	46.3	4e-13	45.3	8.4e-13
AG-912-F03_1_361_350943_351644_F	PF00392.20	52.5	4.9e-15	50.6	1.9e-14
AG-912-G07_5_6_5424_6083_F	PF00392.20	49.1	5.6e-14	48.0	1.2e-13
AG-912-J21_15_10_11992_12651_R	PF00392.20	49.1	5.6e-14	48.0	1.2e-13
AG-912-L03_5_2_1155_1892_R	PF00392.20	64.3	1e-18	63.4	1.8e-18
AG-912-N22_6_24_26988_28025_R	PF00392.20	50.1	2.7e-14	48.5	8.6e-14
AG-912-O17_2_23_26427_27413_R	PF00392.20	47.0	2.5e-13	45.8	6e-13
AG-912-P07_2_41_44743_45729_R	PF00392.20	49.7	3.6e-14	48.6	7.9e-14
AG-913-C04_10_12_9508_10494_F	PF00392.20	50.0	2.9e-14	48.9	6.3e-14
AG-913-D23_17_16_13063_14049_F	PF00392.20	46.4	3.9e-13	45.3	8.4e-13
AG-913-F19_13_5_3832_4818_F	PF00392.20	49.7	3.6e-14	48.6	7.9e-14
AG-913-G22_2_5_4775_5512_F	PF00392.20	71.2	7.2e-21	70.4	1.2e-20
AG-913-J04_1_140_161351_162451_R	PF00392.20	39.6	5e-11	38.8	8.9e-11
AG-913-J07_1_149_156355_156699_R	PF00392.20	46.7	3e-13	46.4	3.9e-13
AG-913-J11_5_31_26727_27713_F	PF00392.20	44.8	1.2e-12	43.7	2.6e-12
AG-913-J16_10_3_1589_2575_R	PF00392.20	47.6	1.6e-13	46.6	3.4e-13
AG-913-L10_29_4_3013_3465_R	PF00392.20	66.3	2.3e-19	65.6	3.9e-19
AG-913-L18_1_59_57509_58504_R	PF00392.20	49.6	3.7e-14	48.4	9e-14
AG-913-M18_5_53_59988_60743_R	PF00392.20	63.1	2.4e-18	62.2	4.4e-18
AG-913-N07_25_1_1_231_R	PF00392.20	40.4	2.9e-11	40.3	3.2e-11
AG-913-N17_9_11_9727_10713_R	PF00392.20	46.7	3.1e-13	45.6	6.9e-13
AG-913-O20_5_39_45490_46158_F	PF00392.20	67.2	1.3e-19	66.1	2.7e-19
AG-913-P01_1_18_13745_14404_R	PF00392.20	49.1	5.6e-14	48.0	1.2e-13
AG-913-P05_38_3_929_1810_F	PF00392.20	46.5	3.5e-13	45.6	6.9e-13
AG-913-P09_1_72_88053_88829_F	PF00392.20	58.2	7.9e-17	57.3	1.6e-16
AG-913-P14_6_40_40684_41028_F	PF00392.20	45.4	7.8e-13	44.9	1.2e-12
AG-913-P17_28_9_8018_8632_R	PF00392.20	35.1	1.3e-09	34.5	2e-09
AG-914-A14_1_95_109163_110149_R	PF00392.20	46.4	3.9e-13	45.3	8.4e-13
AG-914-A17_23_4_2633_3325_F	PF00392.20	52.8	4e-15	49.9	3.1e-14
AG-914-A20_1_130_150060_150962_R	PF00392.20	57.7	1.1e-16	33.7	3.5e-09
AG-914-C13_9_17_12186_12887_R	PF00392.20	53.0	3.3e-15	51.4	1.1e-14
AG-914-C16_20_35_32699_33415_R	PF00392.20	53.5	2.4e-15	52.7	4.1e-15
AG-914-D05_8_4_3752_4738_F	PF00392.20	46.4	3.8e-13	45.3	8.4e-13
AG-914-D09_4_43_39759_40745_F	PF00392.20	49.7	3.6e-14	48.6	7.9e-14
AG-914-F03_1_60_54381_55367_F	PF00392.20	46.3	4e-13	45.3	8.4e-13
AG-914-F07_6_10_9912_10898_R	PF00392.20	49.6	4e-14	48.6	7.9e-14
AG-914-F18_5_11_9547_10206_F	PF00392.20	49.1	5.6e-14	48.0	1.2e-13
AG-914-F20_2_11_9617_10795_F	PF00392.20	49.5	4.1e-14	48.0	1.2e-13
AG-914-I23_1_151_165075_166061_R	PF00392.20	47.6	1.6e-13	46.6	3.4e-13
AG-914-J10_2_44_48579_49295_F	PF00392.20	61.1	9.9e-18	60.4	1.6e-17
AG-914-K13_4_80_77268_77927_R	PF00392.20	49.1	5.6e-14	48.0	1.2e-13
AG-914-K16_4_8_7643_7792_F	PF00392.20	46.6	3.3e-13	46.5	3.6e-13
AG-914-K16_9_1_55_822_F	PF00392.20	88.2	3.4e-26	87.0	7.9e-26
AG-914-L18_2_12_8849_9550_R	PF00392.20	52.9	3.7e-15	50.6	1.9e-14
AG-914-N14_9_16_18478_19212_F	PF00392.20	69.3	2.7e-20	67.6	9.1e-20
AG-914-N16_3_11_11176_11943_R	PF00392.20	89.1	1.8e-26	87.8	4.4e-26
AG-914-N16_9_7_9611_10273_R	PF00392.20	47.2	2.2e-13	46.0	5e-13
AG-914-N22_12_29_27205_28191_R	PF00392.20	46.7	3.1e-13	45.6	6.9e-13
AG-914-O23_17_14_15204_15965_R	PF00392.20	73.0	1.9e-21	72.0	3.9e-21
AG-914-O23_39_7_4200_4907_R	PF00392.20	36.6	4.4e-10	35.4	1e-09
AG-914-P02_1_74_77518_78255_R	PF00392.20	64.9	6.6e-19	63.4	1.9e-18
AG-914-P02_2_60_63603_64265_R	PF00392.20	43.4	3.4e-12	43.4	3.4e-12
AG-914-P03_11_7_5569_6555_R	PF00392.20	46.7	3.1e-13	45.6	6.9e-13
AG-914-P08_10_20_27060_27962_R	PF00392.20	53.5	2.4e-15	29.5	7.5e-08
AG-914-P20_1_86_83898_84557_R	PF00392.20	49.1	5.6e-14	48.0	1.2e-13
AG-915-A01_19_21_16201_17094_F	PF00392.20	54.6	1.1e-15	53.2	2.9e-15
AG-915-A02_13_7_5565_6551_R	PF00392.20	44.8	1.2e-12	43.7	2.6e-12
AG-915-A11_15_2_369_1355_R	PF00392.20	46.4	3.9e-13	45.3	8.4e-13
AG-915-A16_2_21_16540_17286_F	PF00392.20	51.7	8.7e-15	50.9	1.6e-14
AG-915-B03_7_8_7235_7954_F	PF00392.20	57.6	1.2e-16	56.4	2.9e-16
AG-915-E23_33_2_1337_1999_R	PF00392.20	48.7	7.4e-14	47.5	1.7e-13
AG-915-F06_10_6_4608_5594_F	PF00392.20	43.1	4e-12	42.1	8.5e-12
AG-915-G02_2_77_86402_87388_R	PF00392.20	48.0	1.2e-13	46.7	3e-13
AG-915-G17_5_31_25212_25871_F	PF00392.20	49.4	4.5e-14	48.1	1.1e-13
AG-915-I10_8_52_45353_46012_F	PF00392.20	49.2	5.2e-14	48.1	1.1e-13
AG-915-J18_29_2_299_1285_F	PF00392.20	46.8	2.9e-13	45.8	6e-13
AG-915-K06_6_36_38257_39243_R	PF00392.20	49.6	3.8e-14	48.6	7.9e-14
AG-915-K14_3_23_18811_19797_F	PF00392.20	48.8	6.8e-14	47.7	1.5e-13
AG-915-N13_1_4_5092_5826_R	PF00392.20	62.5	3.6e-18	59.3	3.6e-17
AG-915-N17_23_5_4112_5098_F	PF00392.20	49.6	3.8e-14	48.6	7.9e-14
AG-915-N19_12_27_21912_22898_F	PF00392.20	47.6	1.6e-13	46.6	3.4e-13
AG-915-O02_4_23_18769_19755_F	PF00392.20	46.5	3.5e-13	45.5	7.3e-13
AG-915-O03_5_3_1815_2474_F	PF00392.20	49.1	5.6e-14	48.0	1.2e-13
AG-915-O11_12_8_6173_7006_F	PF00392.20	58.3	7.2e-17	57.2	1.6e-16
AG-915-O17_3_20_16899_17585_F	PF00392.20	54.4	1.3e-15	53.7	1.9e-15
AG-915-P16_4_22_26381_27367_R	PF00392.20	46.7	3.1e-13	45.6	6.9e-13
AG-915-P18_10_21_18201_18860_F	PF00392.20	49.1	5.6e-14	48.0	1.2e-13
AG-915-P20_1_3_3334_4320_R	PF00392.20	46.3	4.1e-13	45.3	8.4e-13
AG-916-A18_1_22_23656_24393_F	PF00392.20	58.3	7.3e-17	57.6	1.3e-16
AG-916-A18_33_6_5969_6637_F	PF00392.20	54.8	9.3e-16	53.7	2e-15
AG-916-B09_8_8_8235_9221_R	PF00392.20	48.7	7.5e-14	47.7	1.5e-13
AG-916-B16_24_10_7801_8787_F	PF00392.20	47.6	1.6e-13	46.6	3.4e-13
AG-916-B17_9_43_39713_40699_F	PF00392.20	46.1	4.8e-13	45.0	1e-12
AG-916-C06_23_19_14703_15353_F	PF00392.20	63.6	1.7e-18	62.5	3.7e-18
AG-916-D19_3_23_26014_27141_R	PF00392.20	49.2	5e-14	48.1	1.1e-13
AG-916-D20_25_14_15244_15939_R	PF00392.20	62.3	4.1e-18	61.7	6.3e-18
AG-916-E05_47_2_615_1256_R	PF00392.20	54.4	1.2e-15	53.2	2.8e-15
AG-916-E22_1_59_54082_55068_F	PF00392.20	46.4	3.9e-13	45.3	8.4e-13
AG-916-I03_1_67_64337_65323_F	PF00392.20	49.6	3.8e-14	48.6	7.9e-14
AG-916-I06_4_47_40670_41329_F	PF00392.20	49.1	5.6e-14	48.0	1.2e-13
AG-916-K03_14_32_26048_26707_R	PF00392.20	49.1	5.6e-14	48.0	1.2e-13
AG-916-K09_4_23_22859_23599_F	PF00392.20	63.1	2.3e-18	62.3	4.2e-18
AG-916-L15_17_12_9115_10101_F	PF00392.20	46.4	4e-13	45.3	8.4e-13
AG-916-L20_1_87_79026_79685_F	PF00392.20	49.1	5.6e-14	48.0	1.2e-13
AG-916-M14_3_37_31894_32553_R	PF00392.20	49.2	5.2e-14	48.1	1.1e-13
AG-916-M16_2_48_44263_45249_F	PF00392.20	49.6	3.9e-14	48.4	9e-14
AG-916-N15_5_98_89135_89794_F	PF00392.20	49.1	5.6e-14	48.0	1.2e-13
AG-916-O09_1_28_23167_24153_F	PF00392.20	49.7	3.6e-14	48.6	7.9e-14
AG-916-O11_1_43_49880_51067_R	PF00392.20	49.2	5.2e-14	48.0	1.2e-13
AG-916-P06_2_38_39482_40183_F	PF00392.20	51.9	7.1e-15	50.6	1.9e-14
AG-917-A21_7_41_36798_37784_F	PF00392.20	47.9	1.4e-13	46.7	3e-13
AG-917-A22_8_26_19370_20029_R	PF00392.20	49.4	4.5e-14	48.1	1.1e-13
AG-917-B09_13_5_4073_5059_F	PF00392.20	49.7	3.6e-14	48.8	6.8e-14
AG-917-B17_19_8_5239_5583_R	PF00392.20	46.8	3e-13	46.4	3.9e-13
AG-917-B18_40_2_783_1442_R	PF00392.20	49.1	5.6e-14	48.0	1.2e-13
AG-917-C03_9_3_2926_3912_R	PF00392.20	46.7	3.1e-13	45.6	6.9e-13
AG-917-C09_6_11_6683_7342_R	PF00392.20	49.2	5.2e-14	48.1	1.1e-13
AG-917-D07_12_8_8308_9294_R	PF00392.20	49.7	3.6e-14	48.6	7.9e-14
AG-917-D08_14_20_18969_19751_F	PF00392.20	71.0	7.9e-21	70.0	1.7e-20
AG-917-D18_21_19_16205_16549_F	PF00392.20	46.8	3e-13	46.4	3.9e-13
AG-917-D19_1_94_82776_83435_F	PF00392.20	49.1	5.6e-14	48.0	1.2e-13
AG-917-D20_18_8_8332_9318_R	PF00392.20	50.3	2.3e-14	48.6	7.9e-14
AG-917-E11_5_41_46891_47877_R	PF00392.20	46.9	2.7e-13	45.8	6e-13
AG-917-G13_11_23_19782_20441_F	PF00392.20	49.2	5.2e-14	48.1	1.1e-13
AG-917-G18_7_29_28166_28903_F	PF00392.20	71.2	7.2e-21	70.4	1.2e-20
AG-917-I08_29_2_1467_2126_R	PF00392.20	49.1	5.6e-14	48.0	1.2e-13
AG-917-K23_32_1_10_669_R	PF00392.20	49.1	5.6e-14	48.0	1.2e-13
AG-917-M08_4_118_116828_117487_R	PF00392.20	49.1	5.6e-14	48.0	1.2e-13
AG-917-M16_7_11_11353_12012_F	PF00392.20	49.1	5.6e-14	48.0	1.2e-13
AG-917-N05_16_1_1_516_R	PF00392.20	49.6	4e-14	48.7	7.5e-14
AG-917-N05_16_17_17087_17602_F	PF00392.20	49.6	4e-14	48.7	7.5e-14
AG-917-N10_11_10_8776_9762_F	PF00392.20	49.5	4e-14	48.6	7.9e-14
AG-917-N11_2_48_40737_41396_F	PF00392.20	49.1	5.6e-14	48.0	1.2e-13
AG-918-A11_2_62_56417_57196_R	PF00392.20	51.0	1.4e-14	50.3	2.4e-14
AG-918-A18_28_5_2665_3651_F	PF00392.20	49.7	3.5e-14	48.6	7.9e-14
AG-918-B02_28_16_13175_13870_F	PF00392.20	62.6	3.3e-18	62.0	5.2e-18
AG-918-C10_12_24_19996_20655_F	PF00392.20	49.1	5.6e-14	48.0	1.2e-13
AG-918-C11_61_14_11378_12121_R	PF00392.20	52.9	3.7e-15	52.1	6.5e-15
AG-918-C13_1_9_7110_7769_F	PF00392.20	49.1	5.6e-14	48.0	1.2e-13
AG-918-C23_7_17_14781_15125_F	PF00392.20	46.8	3e-13	46.4	3.9e-13
AG-918-E07_5_10_6594_7580_R	PF00392.20	49.7	3.6e-14	48.6	7.9e-14
AG-918-E15_10_14_15227_15964_R	PF00392.20	64.9	6.6e-19	63.4	1.9e-18
AG-918-E15_1_153_153411_154178_R	PF00392.20	89.4	1.4e-26	88.2	3.5e-26
AG-918-E15_1_93_99036_99698_R	PF00392.20	43.4	3.4e-12	43.4	3.4e-12
AG-918-F13_1_155_166125_167111_R	PF00392.20	50.0	3e-14	48.4	9e-14
AG-918-F20_9_6_3987_4454_R	PF00392.20	44.3	1.8e-12	43.4	3.2e-12
AG-918-G13_5_34_34575_35270_F	PF00392.20	62.5	3.5e-18	62.0	5.2e-18
AG-918-K11_6_8_6020_6772_R	PF00392.20	62.3	4.1e-18	61.8	6e-18
AG-918-L08_3_3_2297_3283_R	PF00392.20	44.8	1.2e-12	43.7	2.6e-12
AG-918-L20_41_2_529_1290_R	PF00392.20	55.8	4.5e-16	54.9	8.2e-16
AG-918-L22_10_8_7461_8180_F	PF00392.20	57.0	1.9e-16	56.4	2.9e-16
AG-918-M13_4_73_63525_64184_F	PF00392.20	49.1	5.6e-14	48.0	1.2e-13
AG-918-N11_4_39_34098_34757_R	PF00392.20	49.1	5.6e-14	48.0	1.2e-13
AG-918-O15_23_1_3_398_R	PF00392.20	53.4	2.5e-15	35.5	1e-09
AG-918-O16_12_3_1847_2833_R	PF00392.20	44.8	1.2e-12	43.7	2.6e-12
AG-918-O17_2_4_4261_5247_R	PF00392.20	45.7	6.4e-13	44.7	1.3e-12
AG-919-A13_5_38_29602_30261_F	PF00392.20	49.2	5.2e-14	48.1	1.1e-13
AG-919-A15_15_6_4497_5483_F	PF00392.20	47.6	1.6e-13	46.6	3.4e-13
AG-919-B02_12_38_32047_33033_F	PF00392.20	46.4	4e-13	45.3	8.4e-13
AG-919-B16_3_3_2013_2999_R	PF00392.20	49.7	3.5e-14	48.6	7.9e-14
AG-919-C08_12_22_17825_18811_F	PF00392.20	49.7	3.6e-14	48.6	7.9e-14
AG-919-D04_1_28_25839_26600_F	PF00392.20	55.8	4.5e-16	54.9	8.2e-16
AG-919-D04_1_67_68525_69178_F	PF00392.20	57.9	9.9e-17	56.4	2.8e-16
AG-919-D10_2_183_171420_172079_F	PF00392.20	49.1	5.6e-14	48.0	1.2e-13
AG-919-D14_13_35_37183_37965_R	PF00392.20	70.8	9e-21	69.8	1.9e-20
AG-919-E02_16_9_6963_7949_F	PF00392.20	46.1	4.8e-13	45.0	1e-12
AG-919-E18_33_12_9864_10571_R	PF00392.20	63.5	1.8e-18	62.7	3.2e-18
AG-919-E23_7_12_11198_11893_R	PF00392.20	61.4	8e-18	60.9	1.2e-17
AG-919-G08_24_17_21180_21785_R	PF00392.20	57.1	1.8e-16	56.3	3.2e-16
AG-919-I17_41_1_1_243_R	PF00392.20	61.3	8.3e-18	61.0	1e-17
AG-919-I23_35_3_1269_1919_R	PF00392.20	63.6	1.7e-18	62.5	3.7e-18
AG-919-J03_14_6_3854_4840_F	PF00392.20	46.3	4e-13	45.3	8.4e-13
AG-919-J11_1_187_176099_177085_F	PF00392.20	49.6	3.8e-14	48.6	7.9e-14
AG-919-K04_1_6_4313_5299_F	PF00392.20	49.7	3.5e-14	48.6	7.9e-14
AG-919-L13_12_3_3184_3972_R	PF00392.20	68.1	6.5e-20	67.3	1.2e-19
AG-919-L13_16_12_9960_10664_F	PF00392.20	76.5	1.5e-22	75.4	3.5e-22
AG-919-L15_10_10_8089_9075_F	PF00392.20	46.7	3.1e-13	45.6	6.9e-13
AG-919-M03_7_18_13168_13827_R	PF00392.20	49.1	5.6e-14	48.0	1.2e-13
AG-919-N08_2_201_195647_196306_F	PF00392.20	49.1	5.6e-14	48.0	1.2e-13
AG-919-N22_25_11_10828_11598_R	PF00392.20	67.3	1.1e-19	66.5	2e-19
AG-919-P15_5_22_21240_21977_F	PF00392.20	57.3	1.5e-16	56.5	2.7e-16
AG-920-C05_3_18_21435_22421_R	PF00392.20	47.6	1.6e-13	46.6	3.4e-13
AG-920-D02_106_4_3064_3369_F	PF00392.20	59.2	3.9e-17	58.7	5.6e-17
AG-920-D02_116_1_1_453_R	PF00392.20	56.5	2.8e-16	55.7	5e-16
AG-920-D21_7_7_5366_5710_F	PF00392.20	46.8	3e-13	46.4	3.9e-13
AG-920-E02_1_25_20892_21878_F	PF00392.20	47.6	1.6e-13	46.6	3.4e-13
AG-920-E17_5_28_31145_32131_R	PF00392.20	49.9	3.1e-14	48.6	7.9e-14
AG-920-F21_5_39_41785_42771_R	PF00392.20	45.7	6.5e-13	44.7	1.3e-12
AG-920-G02_23_3_4727_5560_R	PF00392.20	58.5	6.2e-17	57.2	1.6e-16
AG-920-I22_2_128_127560_128279_R	PF00392.20	49.5	4e-14	48.7	7.4e-14
AG-920-J13_3_113_110890_111549_R	PF00392.20	49.1	5.6e-14	48.0	1.2e-13
AG-920-J16_1_1_1_792_R	PF00392.20	47.0	2.5e-13	46.0	5e-13
AG-920-K18_1_8_5396_6382_F	PF00392.20	44.8	1.2e-12	43.7	2.6e-12
AG-920-L09_9_5_3803_4789_F	PF00392.20	46.3	4e-13	45.3	8.4e-13
AG-920-L21_9_1_2_895_R	PF00392.20	46.6	3.4e-13	45.5	7.1e-13
AG-920-M04_12_28_24944_25675_F	PF00392.20	59.9	2.3e-17	58.9	4.8e-17
AG-920-M04_4_15_10918_11637_R	PF00392.20	45.7	6.5e-13	44.8	1.2e-12
AG-920-M14_2_85_97768_98754_R	PF00392.20	49.7	3.6e-14	48.6	7.9e-14
AG-920-O19_2_76_76365_77372_F	PF00392.20	61.4	7.8e-18	39.5	5.5e-11
AG-920-O19_48_9_4897_5601_R	PF00392.20	67.4	1.1e-19	66.4	2.2e-19
AG-920-O19_6_23_26499_27260_R	PF00392.20	73.1	1.8e-21	72.0	3.9e-21
AG-920-P16_18_17_14850_15836_R	PF00392.20	46.8	2.9e-13	45.8	6e-13
AG-921-K16_1_5_3279_4001_F	PF00392.20	72.3	3.2e-21	71.5	5.6e-21
AG-923-G18_18_2_193_1179_R	PF00392.20	46.4	3.9e-13	45.3	8.4e-13
AH-287-B08_24_11_10485_11468_R	PF00392.20	52.6	4.5e-15	50.8	1.6e-14
AH-287-B15_11_48_55656_56426_F	PF00392.20	67.6	9.5e-20	66.7	1.8e-19
AH-287-B15_13_37_41202_42005_R	PF00392.20	61.7	6.4e-18	58.7	5.5e-17
AH-287-B22_4_36_31985_32968_F	PF00392.20	51.4	1e-14	50.0	2.8e-14
AH-287-C20_4_47_52086_53069_R	PF00392.20	52.8	3.9e-15	50.8	1.6e-14
AH-287-D03_25_7_5305_6288_R	PF00392.20	52.5	4.7e-15	50.8	1.6e-14
AH-287-E04_34_4_4195_5178_R	PF00392.20	52.6	4.5e-15	50.8	1.6e-14
AH-287-E14_11_31_36683_37330_R	PF00392.20	55.1	7.1e-16	54.0	1.6e-15
AH-287-E15_11_29_31543_32526_R	PF00392.20	52.6	4.4e-15	50.8	1.6e-14
AH-287-E16_20_5_4089_5072_F	PF00392.20	52.5	4.7e-15	50.8	1.6e-14
AH-287-G06_2_39_35406_36392_F	PF00392.20	50.8	1.7e-14	48.4	8.9e-14
AH-287-G18_1_14_14021_15007_F	PF00392.20	51.8	7.6e-15	49.4	4.6e-14
AH-287-I08_2_62_68839_69825_R	PF00392.20	48.8	6.9e-14	46.6	3.4e-13
AH-287-I22_45_3_1037_1795_R	PF00392.20	66.9	1.5e-19	64.3	1e-18
AH-287-J09_67_2_708_1409_F	PF00392.20	49.9	3.1e-14	49.3	4.8e-14
AH-287-K02_9_2_665_1648_F	PF00392.20	52.8	4e-15	50.8	1.6e-14
AH-287-L02_9_23_19402_20385_R	PF00392.20	52.6	4.6e-15	50.8	1.6e-14
AH-287-L03_6_8_7330_7977_F	PF00392.20	54.6	1.1e-15	53.6	2.1e-15
AH-287-L15_1_122_102697_103680_F	PF00392.20	52.6	4.4e-15	50.8	1.6e-14
AH-287-M08_1_71_78848_79831_R	PF00392.20	52.7	4.1e-15	50.8	1.6e-14
AH-287-N11_7_2_75_1058_R	PF00392.20	52.6	4.5e-15	50.8	1.6e-14
AH-287-O10_28_5_4070_5053_F	PF00392.20	52.8	3.9e-15	50.8	1.6e-14
AH-287-O13_15_4_4263_5246_R	PF00392.20	52.2	5.8e-15	50.8	1.6e-14
AH-287-O15_46_1_1_345_R	PF00392.20	54.4	1.2e-15	54.1	1.5e-15
AH-287-O17_1_76_74454_75437_F	PF00392.20	52.3	5.5e-15	50.8	1.6e-14
AH-287-O21_2_76_81848_82486_R	PF00392.20	48.4	9.1e-14	47.6	1.6e-13
AH-287-P04_9_16_15687_16388_R	PF00392.20	49.9	3.1e-14	49.3	4.8e-14
AH-321-C04_7_18_15010_15987_F	PF00392.20	52.0	6.9e-15	50.9	1.6e-14
AH-321-C14_8_41_45060_46046_R	PF00392.20	50.1	2.7e-14	48.6	7.9e-14
AH-321-C19_1_99_112638_113621_R	PF00392.20	52.6	4.5e-15	50.8	1.6e-14
AH-321-D04_11_17_14225_15208_R	PF00392.20	52.5	4.6e-15	50.8	1.6e-14
AH-321-D06_22_3_1601_2590_R	PF00392.20	50.2	2.4e-14	48.8	6.8e-14
AH-321-D21_72_1_1_339_R	PF00392.20	55.2	7e-16	54.9	8.6e-16
AH-321-E13_9_5_4101_5084_F	PF00392.20	52.5	4.9e-15	50.8	1.6e-14
AH-321-G07_14_22_22999_23988_R	PF00392.20	52.9	3.5e-15	50.5	2e-14
AH-321-I09_71_3_1847_2194_F	PF00392.20	51.8	7.9e-15	51.4	1e-14
AH-321-I13_21_5_4136_5119_F	PF00392.20	52.6	4.5e-15	50.8	1.6e-14
AH-321-I17_6_23_33444_34433_R	PF00392.20	51.5	1e-14	49.7	3.7e-14
AH-321-I18_1_109_122090_123073_R	PF00392.20	52.2	6.1e-15	50.8	1.6e-14
AH-321-J15_44_3_1187_2170_R	PF00392.20	53.0	3.4e-15	50.8	1.6e-14
AH-321-J17_15_27_24868_25857_F	PF00392.20	53.1	3.1e-15	50.5	2e-14
AH-321-K03_1_107_119795_120778_R	PF00392.20	52.5	4.9e-15	50.8	1.6e-14
AH-321-N18_9_15_18342_18950_R	PF00392.20	47.4	1.8e-13	47.0	2.6e-13
AH-321-O22_3_3_1477_1821_R	PF00392.20	44.1	2.1e-12	43.6	2.9e-12
AH-321-P05_37_1_3_143_R	PF00392.20	23.6	4.9e-06	23.5	5.6e-06
AH-321-P19_1_11_13056_13658_R	PF00392.20	56.7	2.3e-16	56.1	3.7e-16
AH-321-P23_22_4_2507_3490_F	PF00392.20	52.6	4.5e-15	50.8	1.6e-14
AH-324-A22_13_24_25714_26451_R	PF00392.20	62.8	3e-18	61.6	6.8e-18
AH-324-C07_14_12_19396_20385_R	PF00392.20	51.3	1.2e-14	49.7	3.7e-14
AH-324-C14_6_22_23602_24318_F	PF00392.20	51.5	1e-14	50.5	2.1e-14
AH-324-D10_7_55_50065_50724_F	PF00392.20	49.1	5.6e-14	48.0	1.2e-13
AH-324-F23_18_36_42446_43135_F	PF00392.20	59.8	2.6e-17	58.8	5e-17
AH-324-F23_3_83_86778_87494_R	PF00392.20	60.9	1.1e-17	60.1	2e-17
AH-324-G23_5_23_20544_21527_F	PF00392.20	52.8	4e-15	50.8	1.6e-14
AH-324-J18_1_90_97461_98444_R	PF00392.20	52.8	3.9e-15	50.8	1.6e-14
AH-324-J21_21_12_13664_14653_R	PF00392.20	50.4	2.2e-14	48.8	6.8e-14
AH-326-D22_33_5_3992_4975_F	PF00392.20	52.6	4.5e-15	50.8	1.6e-14
AH-326-E04_5_40_44479_45465_R	PF00392.20	48.8	6.9e-14	46.6	3.4e-13
AH-326-F21_4_31_32758_33741_R	PF00392.20	53.0	3.3e-15	50.5	2e-14
AH-326-F22_1_126_135123_135887_F	PF00392.20	60.3	1.8e-17	58.5	6.6e-17
AH-326-I08_59_3_1182_1952_R	PF00392.20	66.4	2.2e-19	65.5	4.3e-19
AH-326-L19_8_54_50464_51165_R	PF00392.20	49.9	3.2e-14	49.3	4.8e-14
AH-326-M07_17_3_3186_3827_R	PF00392.20	54.9	8.2e-16	54.2	1.4e-15
AH-326-N08_1_46_52093_52854_R	PF00392.20	55.7	4.7e-16	54.9	8.2e-16
AH-326-N22_18_17_20663_21352_F	PF00392.20	59.7	2.7e-17	58.8	5e-17
AH-326-O22_12_2_945_1604_F	PF00392.20	50.3	2.3e-14	49.2	5.1e-14
AH-326-P05_31_9_8847_9548_F	PF00392.20	52.0	6.6e-15	51.5	1e-14
AH-326-P22_9_8_5198_6187_F	PF00392.20	50.2	2.4e-14	48.7	7.2e-14
