AG-313-A07_11_9_9608_10852_R	TIGR02335	540.4	2.1e-162	540.2	2.4e-162
AG-313-A07_24_31_31234_32778_F	PF01663.21	71.1	9.2e-20	69.5	2.9e-19
AG-313-A14_7_27_24687_25925_F	TIGR02335	457.6	3e-137	457.3	3.6e-137
AG-313-B13_28_3_1213_2826_F	PF01663.21	179.6	9.8e-53	179.2	1.2e-52
AG-313-C04_8_50_48008_48841_R	PF01663.21	58.9	4.9e-16	54.9	7.7e-15
AG-313-C08_9_35_29219_30313_R	PF01663.21	26.0	4.9e-06	24.2	1.7e-05
AG-313-C18_8_28_24725_25816_F	PF01663.21	22.1	7.2e-05	20.1	0.0003
AG-313-D21_9_47_40240_41478_F	TIGR02335	457.0	4.4e-137	456.7	5.4e-137
AG-313-E06_3_9_5782_6621_R	PF01663.21	62.0	5.6e-17	59.9	2.3e-16
AG-313-F06_57_5_4020_5264_R	TIGR02335	500.8	2.3e-150	500.5	2.8e-150
AG-313-F10_10_2_507_1595_R	PF01663.21	51.2	1e-13	47.5	1.4e-12
AG-313-F11_31_7_3747_5381_R	PF01663.21	175.6	1.6e-51	175.3	2e-51
AG-313-F19_14_12_11993_14506_F	PF01663.21	46.6	2.7e-12	41.9	7.2e-11
AG-313-I08_6_28_32898_34511_F	PF01663.21	177.1	5.7e-52	176.7	7.4e-52
AG-313-I14_16_4_7609_9279_F	PF01663.21	180.5	5.2e-53	180.2	6.6e-53
AG-313-I17_1_52_53442_55055_R	PF01663.21	179.9	7.8e-53	179.6	9.8e-53
AG-313-I22_16_16_10572_11666_R	PF01663.21	26.9	2.7e-06	25.0	9.8e-06
AG-313-J10_1_129_131117_132787_R	PF01663.21	192.1	1.5e-56	191.8	1.9e-56
AG-313-J17_1_107_96155_97399_F	TIGR02335	518.3	1e-155	518.1	1.2e-155
AG-313-J17_11_20_17776_19020_R	TIGR02335	492.7	6.2e-148	492.6	7e-148
AG-313-J22_5_35_34846_36516_R	PF01663.21	192.0	1.7e-56	191.7	2.1e-56
AG-313-K16_103_5_3633_3845_F	PF01663.21	51.7	7.2e-14	51.7	7.5e-14
AG-313-K16_46_1_3_977_F	PF01663.21	79.2	3.2e-22	78.9	4e-22
AG-313-K18_7_29_23488_24576_F	PF01663.21	51.6	7.9e-14	48.1	9.4e-13
AG-313-L05_2_59_64298_65968_R	PF01663.21	188.5	1.9e-55	188.2	2.4e-55
AG-313-L14_17_21_16855_17946_F	PF01663.21	22.3	6.5e-05	20.1	0.0003
AG-313-L15_35_2_1675_3345_R	PF01663.21	192.2	1.5e-56	191.9	1.8e-56
AG-313-M18_8_15_14373_15671_F	PF01663.21	35.4	6.8e-09	34.8	9.9e-09
AG-313-N13_1_13_9212_10453_R	TIGR02335	472.5	8.4e-142	472.4	9.4e-142
AG-313-N22_12_6_4983_6833_F	PF01663.21	71.2	8.8e-20	63.1	2.5e-17
AG-319-A02_36_8_5992_7272_R	PF01663.21	97.6	8.3e-28	97.1	1.2e-27
AG-319-A11_11_9_9374_10456_R	PF01663.21	206.1	8.7e-61	205.8	1.1e-60
AG-319-A13_2_20_20492_21421_R	PF01663.21	81.2	8.1e-23	72.5	3.5e-20
AG-319-A16_12_1_131_1369_R	TIGR02335	526.1	4.6e-158	525.9	5.2e-158
AG-319-B03_12_15_17590_18996_F	PF01663.21	189.0	1.4e-55	188.8	1.6e-55
AG-319-B05_5_34_27615_28448_F	PF01663.21	68.5	5.6e-19	64.6	8.6e-18
AG-319-B10_4_3_1129_2745_R	PF01663.21	190.5	4.6e-56	190.2	5.9e-56
AG-319-B14_90_3_1797_2726_R	PF01663.21	80.3	1.5e-22	75.6	4e-21
AG-319-C11_14_16_11358_12974_F	PF01663.21	189.1	1.3e-55	188.8	1.6e-55
AG-319-C15_2_6_4840_5769_F	PF01663.21	75.2	5.3e-21	67.1	1.6e-18
AG-319-D07_1_49_46859_48100_F	TIGR02335	485.3	1.1e-145	485.0	1.4e-145
AG-319-D09_8_50_44755_45588_F	PF01663.21	69.9	2.2e-19	66.9	1.7e-18
AG-319-D20_11_12_12740_14374_F	PF01663.21	191.9	1.8e-56	191.5	2.3e-56
AG-319-D21_21_3_1258_2823_F	PF01663.21	191.1	3.1e-56	190.8	3.9e-56
AG-319-E03_7_10_6895_8136_F	TIGR02335	471.2	2.1e-141	471.1	2.3e-141
AG-319-E06_4_11_6759_7598_F	PF01663.21	62.0	5.6e-17	59.9	2.3e-16
AG-319-E11_6_34_31211_31930_R	PF01663.21	52.5	4.3e-14	49.6	3.2e-13
AG-319-E16_10_1_2_199_R	PF01663.21	27.3	2e-06	27.1	2.2e-06
AG-319-E20_25_4_3887_5737_R	PF01663.21	68.0	8.3e-19	59.7	2.7e-16
AG-319-F04_62_4_2246_2815_F	PF01663.21	47.0	2e-12	42.6	4.3e-11
AG-319-F15_9_38_39267_40511_F	TIGR02335	526.1	4.6e-158	525.9	5.3e-158
AG-319-G04_26_3_2497_3330_R	PF01663.21	68.8	4.7e-19	65.2	5.8e-18
AG-319-G09_29_4_4023_5873_R	PF01663.21	67.8	9.2e-19	36.1	4.2e-09
AG-319-G15_21_6_3946_4779_R	PF01663.21	69.2	3.6e-19	65.2	5.6e-18
AG-319-I06_39_1_28_1644_F	PF01663.21	192.0	1.7e-56	191.7	2.1e-56
AG-319-I10_59_1_2_775_R	PF01663.21	77.9	8.1e-22	77.1	1.4e-21
AG-319-J02_21_17_21596_22729_R	PF01663.21	31.5	1e-07	29.8	3.4e-07
AG-319-J07_37_1_3_1229_R	TIGR02335	467.7	2.5e-140	467.5	2.8e-140
AG-319-J17_28_6_4994_6241_F	TIGR02335	501.5	1.4e-150	501.3	1.5e-150
AG-319-J22_14_6_7015_8256_R	TIGR02335	500.2	3.4e-150	500.0	3.8e-150
AG-319-J23_14_7_3844_4683_F	PF01663.21	61.3	8.7e-17	58.8	5.3e-16
AG-319-K05_33_3_1355_2998_F	PF01663.21	183.4	7e-54	183.0	8.8e-54
AG-319-K19_3_49_46330_47121_F	PF01663.21	62.5	3.8e-17	59.8	2.6e-16
AG-319-L17_3_47_42318_43151_F	PF01663.21	69.1	3.8e-19	65.1	6.3e-18
AG-319-M03_25_3_3036_4289_R	TIGR02335	494.4	1.9e-148	494.3	2.1e-148
AG-319-M23_2_15_15271_16353_R	PF01663.21	205.5	1.3e-60	205.2	1.6e-60
AG-319-N02_1_5_3909_5525_F	PF01663.21	159.7	1.1e-46	159.4	1.3e-46
AG-319-N13_18_11_10772_11329_F	PF01663.21	93.8	1.2e-26	93.6	1.3e-26
AG-319-O15_3_16_16279_17448_F	PF01663.21	209.2	9.5e-62	209.0	1.1e-61
AG-319-P10_9_23_21354_21887_R	PF01663.21	30.3	2.3e-07	30.2	2.5e-07
AG-319-P18_26_2_370_1449_R	PF01663.21	59.3	3.6e-16	57.6	1.2e-15
AG-319-P19_5_6_7840_9081_R	TIGR02335	503.2	4.2e-151	503.0	4.7e-151
AG-325-B05_1_19_23314_24924_F	PF01663.21	136.3	1.4e-39	135.9	1.8e-39
AG-325-B08_6_38_39374_40618_F	TIGR02335	492.1	9.5e-148	492.0	1.1e-147
AG-325-B11_15_16_11176_12258_R	PF01663.21	38.4	8e-10	35.9	4.8e-09
AG-325-B13_18_21_17653_18489_R	PF01663.21	41.1	1.3e-10	40.8	1.6e-10
AG-325-C05_38_7_4155_6836_R	PF01663.21	47.0	2.1e-12	44.9	8.6e-12
AG-325-D16_1_16_15949_17184_R	TIGR02335	482.1	1.1e-144	481.9	1.2e-144
AG-325-E03_45_4_3027_4271_F	TIGR02335	508.9	7.4e-153	508.7	9e-153
AG-325-E10_2_20_17594_18835_F	TIGR02335	464.6	2.2e-139	464.4	2.4e-139
AG-325-E17_3_48_40958_42040_R	PF01663.21	36.9	2.4e-09	34.1	1.7e-08
AG-325-E21_3_1_2_1348_F	PF01663.21	95.2	4.5e-27	94.7	6.1e-27
AG-325-F04_16_11_6087_7709_F	PF01663.21	176.2	1e-51	175.9	1.3e-51
AG-325-F06_2_7_5606_6841_R	TIGR02335	482.1	1.1e-144	481.9	1.2e-144
AG-325-F23_5_62_61851_63092_R	TIGR02335	468.0	1.9e-140	467.9	2.2e-140
AG-325-J05_2_7_2587_3675_F	PF01663.21	45.0	8e-12	43.3	2.7e-11
AG-325-J06_2_138_109582_110664_F	PF01663.21	37.5	1.5e-09	35.0	9e-09
AG-325-J22_3_4_3218_4753_F	PF01663.21	165.1	2.4e-48	164.8	3.1e-48
AG-325-J23_5_17_21126_22169_R	PF01663.21	250.7	2.3e-74	250.4	2.8e-74
AG-325-K14_1_63_62114_63205_R	TIGR02335	443.2	6.7e-133	443.1	7.4e-133
AG-325-L16_1_30_25170_26252_R	PF01663.21	37.2	1.9e-09	34.6	1.1e-08
AG-325-N15_6_31_26628_27707_R	PF01663.21	106.4	1.8e-30	104.6	6.1e-30
AG-325-O18_8_49_45033_46262_F	TIGR02335	468.1	1.9e-140	467.9	2.2e-140
AG-325-O21_1_56_51661_52743_R	PF01663.21	37.4	1.7e-09	34.1	1.6e-08
AG-325-P04_40_2_781_1986_F	PF01663.21	61.0	1.1e-16	37.9	1.2e-09
AG-325-P09_4_18_16369_17610_F	TIGR02335	465.2	1.4e-139	465.1	1.5e-139
AG-325-P17_8_18_17489_18724_F	TIGR02335	485.4	1.1e-145	485.2	1.2e-145
AG-333-A21_8_32_26550_27641_R	PF01663.21	22.3	6.6e-05	21.0	0.00016
AG-333-B03_3_1_1_813_F	PF01663.21	70.8	1.2e-19	70.3	1.6e-19
AG-333-C15_82_1_1_942_R	PF01663.21	131.9	3.1e-38	131.7	3.7e-38
AG-333-D23_6_21_17774_19015_R	TIGR02335	471.9	1.3e-141	471.7	1.5e-141
AG-333-E10_2_96_96825_97913_R	PF01663.21	51.0	1.2e-13	47.4	1.5e-12
AG-333-E15_2_57_50285_51376_R	PF01663.21	24.2	1.7e-05	22.8	4.5e-05
AG-333-E20_38_2_82_1080_R	PF01663.21	62.5	4e-17	59.6	3e-16
AG-333-G05_1_242_234010_235092_R	PF01663.21	36.5	3.1e-09	34.4	1.3e-08
AG-333-G08_48_5_2335_2841_F	PF01663.21	61.2	9.7e-17	61.0	1.1e-16
AG-333-G08_51_1_2_532_F	PF01663.21	26.6	3.2e-06	26.4	3.7e-06
AG-333-G15_1_261_250735_251817_R	PF01663.21	34.5	1.2e-08	32.3	5.8e-08
AG-333-G23_1_216_211657_212748_R	PF01663.21	22.3	6.3e-05	21.1	0.00015
AG-333-J06_5_20_20865_22436_F	PF01663.21	182.5	1.3e-53	182.1	1.7e-53
AG-333-J16_104_2_400_1644_F	TIGR02335	535.3	7.6e-161	535.1	8.6e-161
AG-333-K04_1_36_32711_33793_F	PF01663.21	38.4	8e-10	35.9	4.8e-09
AG-333-K22_2_23_20398_21639_R	TIGR02335	466.1	7.8e-140	465.9	8.7e-140
AG-333-L05_1_33_36527_38215_R	PF01663.21	121.6	4.1e-35	121.2	5.7e-35
AG-333-M10_22_2_3815_4750_R	PF01663.21	59.9	2.3e-16	30.6	2e-07
AG-333-M17_2_124_98454_99542_F	PF01663.21	55.7	4.5e-15	52.3	4.8e-14
AG-333-N08_7_22_17055_18137_R	PF01663.21	36.0	4.5e-09	33.0	3.5e-08
AG-333-O07_10_26_21995_23236_R	TIGR02335	471.6	1.6e-141	471.5	1.8e-141
AG-333-O11_1_38_32384_33622_F	TIGR02335	454.0	3.5e-136	453.7	4.3e-136
AG-333-P09_1_89_104490_106124_F	PF01663.21	174.5	3.6e-51	174.1	4.6e-51
AG-337-A03_26_1_1_1083_R	PF01663.21	174.7	3e-51	174.5	3.6e-51
AG-337-A07_11_13_10332_11573_F	TIGR02335	462.6	9.1e-139	462.4	1e-138
AG-337-B07_11_23_20121_21362_R	TIGR02335	463.6	4.3e-139	463.4	4.8e-139
AG-337-C02_10_11_10122_11357_F	TIGR02335	483.9	2.9e-145	483.8	3.2e-145
AG-337-D08_7_39_35853_37094_F	TIGR02335	466.4	6.2e-140	466.2	7e-140
AG-337-F02_1_28_24057_25298_F	TIGR02335	466.9	4.3e-140	466.7	4.8e-140
AG-337-G03_1_235_244905_246188_F	PF01663.21	24.6	1.3e-05	24.1	1.9e-05
AG-337-I02_1_66_65985_67226_R	TIGR02335	466.9	4.3e-140	466.8	4.8e-140
AG-337-I03_31_2_363_1994_F	PF01663.21	169.1	1.5e-49	168.6	2.2e-49
AG-337-I22_20_16_14708_16330_R	PF01663.21	172.4	1.6e-50	172.0	2e-50
AG-337-L02_1_95_94388_96019_R	PF01663.21	166.5	9.1e-49	166.0	1.3e-48
AG-337-L23_3_10_9196_10827_F	PF01663.21	169.7	1e-49	169.2	1.5e-49
AG-337-M04_3_18_15634_16875_R	TIGR02335	466.7	5e-140	466.5	5.6e-140
AG-337-M20_6_25_17512_18594_F	PF01663.21	37.3	1.8e-09	35.5	6.1e-09
AG-337-N02_5_42_38753_39994_R	TIGR02335	466.2	7e-140	466.1	7.8e-140
AG-337-O11_10_14_12368_13594_F	PF01663.21	280.6	1.9e-83	280.4	2.2e-83
AG-337-O20_4_16_12763_13845_F	PF01663.21	37.6	1.5e-09	34.8	1e-08
AG-337-P13_1_114_105672_107294_F	PF01663.21	176.2	1e-51	175.9	1.3e-51
AG-343-A07_59_1_2_1609_R	PF01663.21	190.5	4.8e-56	189.9	7.2e-56
AG-343-A10_29_3_1075_2250_F	PF01663.21	196.7	6.3e-58	196.5	7.3e-58
AG-343-A18_3_81_61336_62427_F	PF01663.21	22.4	6.2e-05	21.1	0.00015
AG-343-A19_3_8_5011_6180_F	PF01663.21	216.8	4.9e-64	216.5	5.7e-64
AG-343-B06_12_8_5215_6456_F	TIGR02335	506.8	3.3e-152	506.6	3.7e-152
AG-343-B13_5_3_2633_3730_R	PF01663.21	76.9	1.7e-21	44.5	1.1e-11
AG-343-B14_1_25_22279_23520_R	TIGR02335	468.4	1.5e-140	468.3	1.7e-140
AG-343-B17_9_28_22034_23125_F	PF01663.21	22.4	5.8e-05	20.9	0.00017
AG-343-C03_7_44_36764_37855_F	PF01663.21	22.4	5.8e-05	21.2	0.00014
AG-343-C06_17_16_18454_19722_F	TIGR02335	553.5	2.2e-166	553.3	2.6e-166
AG-343-C06_58_3_1751_3211_R	PF01663.21	108.1	5.2e-31	107.8	6.6e-31
AG-343-C14_3_42_43848_45038_R	PF01663.21	78.1	6.9e-22	58.9	4.8e-16
AG-343-D04_3_25_21851_22675_F	PF01663.21	36.9	2.4e-09	28.6	7.7e-07
AG-343-E04_2_23_19373_20599_F	PF01663.21	281.2	1.3e-83	281.0	1.5e-83
AG-343-F06_5_5_3288_4529_F	TIGR02335	468.0	2.1e-140	467.8	2.3e-140
AG-343-F18_27_3_3062_4144_F	PF01663.21	201.4	2.4e-59	201.0	3.1e-59
AG-343-G19_22_17_17325_18638_F	PF01663.21	91.2	7.1e-26	90.2	1.5e-25
AG-343-G19_9_11_10817_12493_R	PF01663.21	147.8	4.6e-43	147.3	6.4e-43
AG-343-I08_1_23_20626_21723_R	PF01663.21	73.3	2e-20	44.3	1.3e-11
AG-343-I21_7_18_13957_15207_F	TIGR02335	463.3	5.3e-139	463.0	6.5e-139
AG-343-J11_22_4_5018_6100_R	PF01663.21	192.9	9e-57	192.5	1.2e-56
AG-343-K11_9_3_2794_3981_F	PF01663.21	224.4	2.3e-66	221.1	2.3e-65
AG-343-K18_26_5_2380_3471_R	PF01663.21	21.9	8.6e-05	20.3	0.00025
AG-343-L03_48_1_2_1252_F	TIGR02335	508.6	9.5e-153	508.4	1.1e-152
AG-343-L05_2_27_28831_29913_F	PF01663.21	212.9	7.2e-63	212.6	8.9e-63
AG-343-L11_8_15_14815_15912_F	PF01663.21	69.9	2.2e-19	42.6	4.4e-11
AG-343-L17_5_33_31225_32466_R	TIGR02335	463.9	3.5e-139	463.6	4.3e-139
AG-343-L18_2_40_38707_39948_R	TIGR02335	466.7	5.1e-140	466.5	5.7e-140
AG-343-M05_11_19_25769_26704_R	PF01663.21	72.6	3.3e-20	38.1	9.9e-10
AG-343-N10_2_99_99673_100764_R	PF01663.21	21.9	8.6e-05	20.3	0.00025
AG-343-N17_29_1_3_899_F	PF01663.21	49.1	4.4e-13	48.9	5.4e-13
AG-343-N22_33_5_4846_6099_R	TIGR02335	501.4	1.5e-150	501.2	1.7e-150
AG-343-O03_52_2_301_1683_R	PF01663.21	178.6	2e-52	178.2	2.6e-52
AG-343-O04_7_28_23306_24388_R	PF01663.21	40.1	2.6e-10	37.3	1.7e-09
AG-343-O08_34_2_254_1867_F	PF01663.21	134.9	3.8e-39	134.5	4.8e-39
AG-343-O18_31_5_3197_4438_R	TIGR02335	493.6	3.3e-148	493.3	4.1e-148
AG-343-P20_17_38_40109_41353_R	TIGR02335	511.7	1.1e-153	511.4	1.3e-153
AG-349-A01_1_227_223142_224230_R	PF01663.21	41.3	1.1e-10	40.0	2.7e-10
AG-349-C02_5_6_3188_4270_F	PF01663.21	36.3	3.5e-09	33.1	3.3e-08
AG-349-C15_14_12_11295_12530_R	TIGR02335	485.5	9.5e-146	485.4	1.1e-145
AG-349-C17_6_53_47094_48179_R	PF01663.21	31.9	8e-08	26.9	2.6e-06
AG-349-D11_29_13_10682_12358_F	PF01663.21	171.4	3e-50	170.9	4.2e-50
AG-349-E07_4_70_51742_52830_F	PF01663.21	41.3	1.1e-10	39.9	2.8e-10
AG-349-E10_18_6_4540_5775_F	TIGR02335	483.7	3.5e-145	483.5	3.9e-145
AG-349-E15_15_22_26542_27822_F	PF01663.21	251.3	1.6e-74	251.0	1.9e-74
AG-349-F20_3_2_261_1343_F	PF01663.21	36.3	3.6e-09	33.3	2.8e-08
AG-349-F23_41_7_9431_10519_R	PF01663.21	53.3	2.4e-14	47.6	1.3e-12
AG-349-G05_4_13_8910_9995_R	PF01663.21	30.1	2.8e-07	24.8	1.1e-05
AG-349-I04_105_2_237_1187_R	PF01663.21	135.7	2.2e-39	135.3	2.8e-39
AG-349-I20_1_14_15037_16686_R	PF01663.21	181.4	2.7e-53	181.0	3.6e-53
AG-349-J07_5_34_39252_40241_R	PF01663.21	69.8	2.3e-19	66.6	2.1e-18
AG-349-L03_18_9_7126_7986_R	PF01663.21	44.8	9e-12	44.4	1.2e-11
AG-349-L05_16_11_8087_9172_F	PF01663.21	29.0	6e-07	24.0	2e-05
AG-349-M08_1_136_108036_109124_F	PF01663.21	38.9	5.8e-10	38.0	1.1e-09
AG-349-M14_4_42_48111_49754_F	PF01663.21	176.3	9.6e-52	175.9	1.3e-51
AG-349-M15_5_2_408_1493_R	PF01663.21	30.2	2.6e-07	25.5	7.1e-06
AG-349-O22_11_22_19533_20774_R	TIGR02335	467.3	3.2e-140	467.2	3.6e-140
AG-349-P10_34_1_2_1132_R	TIGR02335	451.9	1.6e-135	451.7	1.8e-135
AG-349-P16_25_4_1220_2773_F	PF01663.21	181.1	3.4e-53	180.8	4.3e-53
AG-359-A03_137_1_3_1178_F	TIGR02335	476.3	6.1e-143	476.1	6.9e-143
AG-359-C11_1_19_17625_18860_F	TIGR02335	486.2	5.8e-146	486.1	6.6e-146
AG-359-C20_4_23_12574_13818_R	TIGR02335	504.4	1.7e-151	504.2	2.1e-151
AG-359-D16_3_18_19408_20643_R	TIGR02335	487.0	3.4e-146	486.9	3.8e-146
AG-359-G09_14_3_2905_4146_R	TIGR02335	469.1	9e-141	469.0	1e-140
AG-359-I03_2_25_21841_23082_R	TIGR02335	468.6	1.4e-140	468.4	1.5e-140
AG-359-I06_4_65_66280_67515_R	TIGR02335	485.5	9.5e-146	485.4	1.1e-145
AG-359-I22_1_93_110748_112376_F	PF01663.21	172.1	1.9e-50	171.7	2.5e-50
AG-359-J11_19_4_4031_5335_R	PF01663.21	222.4	9.4e-66	221.3	2.1e-65
AG-359-K22_3_101_98338_99423_R	PF01663.21	31.5	1e-07	27.1	2.2e-06
AG-359-L03_2_63_46092_47177_F	PF01663.21	30.3	2.3e-07	25.2	8.2e-06
AG-359-L04_1_180_177628_178881_F	PF01663.21	295.8	4.5e-88	295.6	5.2e-88
AG-359-L04_8_35_37390_38961_R	PF01663.21	129.2	2e-37	128.8	2.7e-37
AG-359-L15_26_9_6910_8148_R	TIGR02335	501.3	1.5e-150	501.1	1.7e-150
AG-359-M02_1_72_68951_70192_R	TIGR02335	469.7	6.1e-141	469.5	6.8e-141
AG-359-M17_1_32_30169_31251_F	PF01663.21	33.3	3e-08	30.2	2.6e-07
AG-359-N02_2_19_17348_18589_F	TIGR02335	467.1	3.8e-140	466.9	4.3e-140
AG-359-N04_19_6_7134_8819_R	PF01663.21	136.3	1.4e-39	135.9	1.9e-39
AG-359-N18_8_30_27452_29083_F	PF01663.21	166.9	7.2e-49	166.5	9.4e-49
AG-359-N19_7_19_16601_17842_R	TIGR02335	466.5	5.9e-140	466.3	6.6e-140
AG-359-P16_2_23_26171_27406_R	TIGR02335	486.2	5.8e-146	486.1	6.6e-146
AG-360-A17_12_12_9000_10241_F	TIGR02335	471.1	2.2e-141	471.0	2.5e-141
AG-360-C06_8_28_21335_22423_F	PF01663.21	39.5	3.9e-10	38.2	9.6e-10
AG-360-D02_1_32_29071_30159_F	PF01663.21	38.6	7.2e-10	37.1	2e-09
AG-360-D08_15_6_6176_7807_R	PF01663.21	170.6	5.4e-50	170.2	7.1e-50
AG-360-E03_14_1_3_830_R	PF01663.21	70.3	1.6e-19	69.7	2.6e-19
AG-360-E15_29_4_4207_5772_R	PF01663.21	166.3	1.1e-48	165.8	1.5e-48
AG-360-E17_3_7_4532_5617_F	PF01663.21	30.3	2.3e-07	25.2	8.2e-06
AG-360-F15_4_23_22447_23688_R	TIGR02335	480.7	2.7e-144	480.4	3.4e-144
AG-360-G22_13_12_13741_15372_F	PF01663.21	159.6	1.2e-46	159.1	1.7e-46
AG-360-I11_22_3_1998_3233_F	TIGR02335	485.9	7.2e-146	485.8	8.1e-146
AG-360-I13_7_5_2535_3617_R	PF01663.21	37.6	1.4e-09	35.3	7.3e-09
AG-360-K04_1_19_13747_14829_R	PF01663.21	36.7	2.7e-09	34.1	1.6e-08
AG-360-K17_3_17_13606_14691_F	PF01663.21	29.0	5.7e-07	24.1	1.8e-05
AG-360-L09_10_19_15175_16260_F	PF01663.21	30.3	2.3e-07	25.2	8.2e-06
AG-360-M13_27_26_21070_22311_F	TIGR02335	519.0	6.7e-156	518.8	7.5e-156
AG-360-M13_39_2_642_1913_R	PF01663.21	94.6	6.9e-27	94.2	8.9e-27
AG-360-N13_42_2_532_1620_R	PF01663.21	38.8	6.1e-10	37.5	1.6e-09
AG-360-N18_14_10_8645_9880_R	TIGR02335	485.5	9.6e-146	485.4	1.1e-145
AG-360-O08_4_26_26972_28594_R	PF01663.21	173.4	7.5e-51	173.1	9.1e-51
AG-360-P21_23_1_3_1604_R	PF01663.21	170.6	5.1e-50	170.3	6.7e-50
AG-365-B02_45_1_3_977_F	PF01663.21	87.6	9.2e-25	86.9	1.5e-24
AG-365-B02_53_5_5607_6704_R	PF01663.21	70.7	1.2e-19	44.2	1.4e-11
AG-365-B23_12_5_4231_5532_R	PF01663.21	265.2	9.3e-79	265.0	1.1e-78
AG-365-C05_5_6_4237_5478_R	TIGR02335	494.3	2.1e-148	494.0	2.6e-148
AG-365-C09_11_15_12050_13141_F	PF01663.21	22.6	5.2e-05	20.1	0.00029
AG-365-C20_19_15_13556_15271_F	PF01663.21	23.1	3.7e-05	14.9	0.011
AG-365-D04_3_49_41749_42840_R	PF01663.21	25.6	6.3e-06	24.0	2e-05
AG-365-D08_16_29_23126_24520_R	PF01663.21	146.5	1.1e-42	146.3	1.3e-42
AG-365-D20_11_10_8597_9766_F	PF01663.21	217.8	2.4e-64	217.6	2.7e-64
AG-365-E08_26_2_913_2004_R	PF01663.21	25.3	7.8e-06	23.6	2.5e-05
AG-365-E21_3_22_16502_17854_F	PF01663.21	181.6	2.3e-53	181.4	2.7e-53
AG-365-F10_10_2_310_1551_F	TIGR02335	495.5	9e-149	495.2	1.1e-148
AG-365-G18_7_23_21223_23769_F	PF01663.21	42.7	4e-11	38.4	8.4e-10
AG-365-G23_20_9_10678_12072_F	PF01663.21	169.2	1.4e-49	169.0	1.6e-49
AG-365-I13_11_4_3678_4853_R	PF01663.21	198.0	2.4e-58	197.8	2.8e-58
AG-365-J04_1_52_47386_48627_F	TIGR02335	467.1	3.8e-140	466.9	4.3e-140
AG-365-J05_4_4_2101_3504_R	PF01663.21	97.2	1.1e-27	93.1	1.9e-26
AG-365-K11_3_25_23396_24637_R	TIGR02335	473.0	5.9e-142	472.9	6.6e-142
AG-365-L02_126_2_2057_2431_R	PF01663.21	38.7	6.6e-10	38.6	7e-10
AG-365-L08_1_13_14458_15627_R	PF01663.21	219.2	8.9e-65	219.0	1e-64
AG-365-L13_1_89_90262_91431_R	PF01663.21	216.8	4.9e-64	216.5	5.7e-64
AG-365-L22_23_4_1805_2896_F	PF01663.21	80.0	1.8e-22	70.3	1.6e-19
AG-365-M05_2_35_34833_36002_R	PF01663.21	217.0	4.3e-64	216.7	5e-64
AG-365-M17_3_12_10901_11983_F	PF01663.21	192.9	9e-57	192.5	1.2e-56
AG-365-M22_2_28_21127_22218_F	PF01663.21	22.4	6.1e-05	21.1	0.00014
AG-365-N05_3_38_51683_53248_R	PF01663.21	165.9	1.4e-48	165.5	1.9e-48
AG-365-N20_10_9_4862_5962_R	PF01663.21	31.6	9.8e-08	28.4	9e-07
AG-365-N20_2_16_11802_13403_F	PF01663.21	120.6	8.6e-35	120.1	1.2e-34
AG-365-O06_2_44_40473_41714_R	TIGR02335	468.4	1.5e-140	468.2	1.7e-140
AG-365-O18_1_38_36857_38032_R	PF01663.21	193.9	4.5e-57	193.7	5.2e-57
AG-365-P18_3_56_52315_53556_F	TIGR02335	466.5	5.9e-140	466.3	6.6e-140
AG-365-P19_2_53_56676_57836_R	PF01663.21	203.8	4.3e-60	203.5	5.1e-60
AG-390-A04_6_1_3_1679_F	PF01663.21	174.2	4.2e-51	173.9	5.2e-51
AG-390-A05_7_50_38355_40007_R	PF01663.21	174.5	3.3e-51	174.2	4.2e-51
AG-390-A07_2_9_8069_9313_F	TIGR02335	505.0	1.2e-151	504.7	1.4e-151
AG-390-A10_17_6_5549_6793_R	TIGR02335	488.8	9.6e-147	488.6	1.1e-146
AG-390-A13_10_29_20067_21737_R	PF01663.21	192.8	9.4e-57	192.5	1.2e-56
AG-390-A14_6_22_19177_20418_R	TIGR02335	465.2	1.5e-139	465.0	1.6e-139
AG-390-B07_6_28_30053_31297_F	TIGR02335	491.7	1.3e-147	491.5	1.5e-147
AG-390-B14_7_31_31630_32874_R	TIGR02335	491.6	1.4e-147	491.4	1.5e-147
AG-390-B19_1_238_229977_231065_R	PF01663.21	52.1	5.7e-14	48.5	6.8e-13
AG-390-C05_15_11_7850_9520_R	PF01663.21	174.5	3.5e-51	174.2	4.3e-51
AG-390-C18_6_27_21443_22684_R	TIGR02335	471.0	2.4e-141	470.9	2.7e-141
AG-390-C21_11_5_3660_4541_F	PF01663.21	83.8	1.3e-23	77.0	1.5e-21
AG-390-D10_1_44_39997_41316_F	PF01663.21	232.9	6e-69	231.5	1.6e-68
AG-390-D20_4_28_26764_28008_R	TIGR02335	488.8	9.6e-147	488.6	1.1e-146
AG-390-E09_1_243_235618_236706_R	PF01663.21	47.6	1.3e-12	46.3	3.1e-12
AG-390-E15_11_34_25813_26658_F	PF01663.21	62.6	3.6e-17	58.9	4.6e-16
AG-390-E20_17_14_11913_12746_R	PF01663.21	62.7	3.3e-17	59.3	3.6e-16
AG-390-E23_1_117_104481_105722_F	TIGR02335	467.9	2.1e-140	467.8	2.3e-140
AG-390-F02_4_81_75380_76699_R	PF01663.21	233.4	4.2e-69	232.0	1.1e-68
AG-390-F10_33_7_8937_10496_R	PF01663.21	159.5	1.3e-46	159.1	1.7e-46
AG-390-G02_2_72_68606_69439_F	PF01663.21	59.4	3.3e-16	54.9	7.9e-15
AG-390-G04_6_25_23154_24395_F	TIGR02335	473.4	4.6e-142	473.2	5.2e-142
AG-390-G08_9_23_20738_21982_R	TIGR02335	491.0	2.1e-147	490.8	2.4e-147
AG-390-I08_4_34_37447_39006_R	PF01663.21	185.7	1.4e-54	185.3	1.8e-54
AG-390-J06_20_25_19978_21648_R	PF01663.21	188.7	1.7e-55	188.4	2.1e-55
AG-390-K23_1_38_34177_35418_R	TIGR02335	474.1	2.9e-142	473.9	3.3e-142
AG-390-L22_24_1_3_797_F	PF01663.21	62.7	3.4e-17	62.3	4.4e-17
AG-390-M23_15_5_9449_11119_F	PF01663.21	190.5	4.7e-56	190.2	5.9e-56
AG-390-N11_3_15_13781_15241_F	PF01663.21	21.4	0.00012	18.2	0.0012
AG-390-N13_23_1_346_1587_F	TIGR02335	470.3	4e-141	470.1	4.5e-141
AG-390-O13_67_2_1407_2183_R	PF01663.21	47.5	1.4e-12	47.2	1.7e-12
AG-390-O19_1_42_36290_37378_R	PF01663.21	40.8	1.6e-10	39.9	2.8e-10
AG-390-O21_111_2_1369_2466_R	TIGR02335	441.3	2.5e-132	441.2	2.8e-132
AG-390-P10_7_6_4851_5942_R	PF01663.21	22.9	4.1e-05	21.7	9.7e-05
AG-404-A02_1_124_119740_121122_F	PF01663.21	124.0	7.5e-36	123.6	1e-35
AG-404-B10_2_15_17012_18427_R	PF01663.21	158.1	3.4e-46	157.8	4e-46
AG-404-B10_9_39_43024_44274_R	TIGR02335	467.2	3.4e-140	467.1	3.9e-140
AG-404-B13_2_91_83354_84595_F	TIGR02335	467.1	3.8e-140	466.9	4.3e-140
AG-404-B18_10_14_11288_12379_F	PF01663.21	21.5	0.00011	20.3	0.00027
AG-404-B23_6_45_37136_38227_F	PF01663.21	22.9	4.2e-05	21.5	0.00011
AG-404-F03_9_2_366_1457_F	PF01663.21	21.8	9.2e-05	20.5	0.00022
AG-404-F09_17_37_35968_37209_R	TIGR02335	496.3	5.2e-149	496.1	5.9e-149
AG-404-I02_10_24_22272_23885_R	PF01663.21	124.3	6.3e-36	123.9	8.2e-36
AG-404-I14_1_101_98311_99396_R	PF01663.21	31.8	8.4e-08	26.5	3.3e-06
AG-404-I15_1_8_7324_8565_R	TIGR02335	468.3	1.6e-140	468.1	1.8e-140
AG-404-K16_2_52_53640_56015_R	PF01663.21	45.4	6e-12	44.3	1.3e-11
AG-404-K16_8_9_5589_8246_R	PF01663.21	61.5	8e-17	50.7	1.5e-13
AG-404-N08_5_9_5975_7216_F	TIGR02335	468.4	1.5e-140	468.2	1.7e-140
AG-404-N18_9_20_15601_16692_R	PF01663.21	24.3	1.6e-05	23.0	3.9e-05
AG-404-P05_31_16_14493_15734_R	TIGR02335	495.9	6.6e-149	495.8	7.4e-149
AG-404-P08_2_36_38057_39292_F	TIGR02335	486.9	3.6e-146	486.8	4e-146
AG-404-P10_139_4_2067_2468_F	PF01663.21	64.4	1e-17	64.2	1.2e-17
AG-404-P11_4_58_52103_53344_F	TIGR02335	468.6	1.4e-140	468.4	1.5e-140
AG-410-B14_6_18_14453_15562_F	PF01663.21	80.2	1.6e-22	40.5	1.9e-10
AG-410-B18_3_75_74363_75604_R	TIGR02335	468.5	1.4e-140	468.3	1.6e-140
AG-410-C14_4_9_4122_5207_F	PF01663.21	88.4	5.1e-25	48.0	9.9e-13
AG-410-D04_1_25_23850_25091_F	TIGR02335	478.8	1e-143	478.6	1.2e-143
AG-410-E20_17_17_14236_15474_F	TIGR02335	515.9	5.6e-155	515.7	6.4e-155
AG-410-F03_65_2_1664_2935_F	PF01663.21	96.7	1.6e-27	96.3	2.1e-27
AG-410-F03_9_32_39274_40527_F	TIGR02335	509.1	6.7e-153	508.9	7.5e-153
AG-410-G07_2_74_69685_70776_R	PF01663.21	21.4	0.00012	20.3	0.00026
AG-410-G14_26_6_5709_6806_R	PF01663.21	68.3	6.5e-19	41.7	8.3e-11
AG-410-G16_1_103_80479_81570_F	PF01663.21	25.3	7.9e-06	23.5	2.7e-05
AG-410-I20_24_4_1917_3026_F	PF01663.21	75.6	4e-21	39.0	5.4e-10
AG-410-J08_22_4_1030_2115_F	PF01663.21	29.4	4.4e-07	24.4	1.5e-05
AG-410-J17_27_10_8534_10021_F	PF01663.21	69.1	3.7e-19	66.3	2.7e-18
AG-410-J22_18_10_11257_12864_F	PF01663.21	161.2	3.8e-47	160.7	5.4e-47
AG-410-J22_70_5_4684_5715_R	PF01663.21	24.8	1.1e-05	24.5	1.3e-05
AG-410-J22_77_2_1222_2916_F	PF01663.21	106.5	1.6e-30	105.1	4.4e-30
AG-410-K21_27_4_1834_2964_F	PF01663.21	79.3	3e-22	38.8	6.1e-10
AG-410-L23_3_14_12811_14181_F	PF01663.21	164.6	3.5e-48	164.4	4.2e-48
AG-410-N11_2_94_114810_116099_R	PF01663.21	84.2	9.8e-24	83.7	1.4e-23
AG-414-C22_3_25_24598_25518_R	PF01663.21	27.2	2.1e-06	24.6	1.3e-05
AG-414-E04_2_126_123956_125047_R	PF01663.21	21.5	0.00011	19.3	0.00053
AG-414-E06_3_104_93571_94815_F	TIGR02335	495.5	8.8e-149	495.4	9.9e-149
AG-414-F04_45_2_738_1979_F	TIGR02335	504.8	1.3e-151	504.6	1.5e-151
AG-414-F07_5_8_9475_10644_R	PF01663.21	218.4	1.6e-64	218.2	1.8e-64
AG-414-F09_2_32_29562_30803_R	TIGR02335	484.2	2.4e-145	483.9	3e-145
AG-414-F17_21_2_4349_5284_F	PF01663.21	71.5	7e-20	37.3	1.8e-09
AG-414-G02_1_149_137746_138987_F	TIGR02335	466.4	6.2e-140	466.2	7e-140
AG-414-G13_1_242_236053_237144_R	PF01663.21	21.9	8.2e-05	20.7	0.0002
AG-414-G18_2_17_15964_16560_R	PF01663.21	85.3	4.6e-24	85.0	5.6e-24
AG-414-I08_3_11_8601_9692_F	PF01663.21	22.6	5.3e-05	21.2	0.00014
AG-414-I10_37_3_1051_2193_R	PF01663.21	225.9	8.1e-67	225.7	9.5e-67
AG-414-J02_1_35_32585_33826_R	TIGR02335	466.4	6.2e-140	466.2	7e-140
AG-414-J16_3_96_94962_96203_R	TIGR02335	494.3	2.1e-148	494.0	2.5e-148
AG-414-J21_2_27_22654_23745_R	PF01663.21	22.9	4.1e-05	21.7	9.7e-05
AG-414-K08_13_5_2397_3488_R	PF01663.21	22.8	4.6e-05	21.5	0.00011
AG-414-M13_1_29_27535_28626_F	PF01663.21	21.9	8.6e-05	20.2	0.00028
AG-414-M15_8_13_8737_9720_F	PF01663.21	22.8	4.6e-05	21.4	0.00012
AG-414-M20_20_18_14239_15480_R	TIGR02335	467.4	3.1e-140	467.2	3.5e-140
AG-414-N20_1_107_102851_103936_F	PF01663.21	80.5	1.3e-22	40.4	2e-10
AG-414-N23_1_192_182414_183655_F	TIGR02335	469.5	7e-141	469.3	7.9e-141
AG-414-P03_6_39_32647_33732_F	PF01663.21	28.1	1.1e-06	23.4	3e-05
AG-414-P05_8_36_30218_31459_R	TIGR02335	486.9	3.8e-146	486.7	4.2e-146
AG-422-A10_2_25_19711_20562_R	PF01663.21	34.4	1.4e-08	31.3	1.1e-07
AG-422-A23_12_5_3862_4944_R	PF01663.21	33.5	2.5e-08	30.6	1.9e-07
AG-422-C08_12_42_36950_38134_F	TIGR02335	458.9	1.2e-137	458.6	1.4e-137
AG-422-C10_1_236_226885_227967_R	PF01663.21	36.8	2.6e-09	33.4	2.7e-08
AG-422-C19_27_2_285_1148_F	PF01663.21	34.4	1.3e-08	31.5	1e-07
AG-422-E02_2_163_159812_161053_R	TIGR02335	469.3	8.3e-141	469.1	9.3e-141
AG-422-E08_10_24_25430_26674_F	TIGR02335	491.3	1.7e-147	491.1	1.9e-147
AG-422-E15_3_64_55913_57001_R	PF01663.21	58.3	7.5e-16	55.8	4.1e-15
AG-422-F13_36_6_7860_9254_F	PF01663.21	183.5	6.3e-54	183.3	7.3e-54
AG-422-F13_8_26_30132_31082_F	PF01663.21	81.6	5.9e-23	42.7	4.1e-11
AG-422-G05_3_4_2146_3417_R	PF01663.21	90.2	1.5e-25	89.7	2.1e-25
AG-422-G06_1_228_241570_242649_R	PF01663.21	32.0	7.3e-08	28.2	1.1e-06
AG-422-I14_9_32_32143_33225_R	PF01663.21	184.8	2.6e-54	184.3	3.6e-54
AG-422-I17_1_3_1759_2994_F	TIGR02335	486.1	6.5e-146	485.9	7.3e-146
AG-422-I19_11_18_14854_15942_F	PF01663.21	44.9	8.6e-12	43.4	2.5e-11
AG-422-J23_3_152_149566_150651_R	PF01663.21	31.1	1.3e-07	26.0	4.8e-06
AG-422-L09_1_16_6799_8001_F	PF01663.21	60.8	1.2e-16	58.7	5.3e-16
AG-422-L18_9_18_16384_17625_F	TIGR02335	468.8	1.1e-140	468.7	1.3e-140
AG-422-L23_103_2_517_2157_R	PF01663.21	88.1	6.2e-25	87.7	8.5e-25
AG-422-L23_66_6_5777_7819_R	PF01663.21	71.9	5.2e-20	70.6	1.4e-19
AG-422-M21_18_11_9620_11203_R	PF01663.21	180.4	5.5e-53	180.0	7.6e-53
AG-422-N03_14_35_31874_32836_F	PF01663.21	104.4	6.9e-30	100.5	1.1e-28
AG-422-N13_12_3_1587_2990_F	PF01663.21	160.3	7.1e-47	160.1	8.5e-47
AG-422-O03_23_3_1154_2242_R	PF01663.21	44.4	1.3e-11	43.0	3.3e-11
AG-422-O17_2_32_29096_30184_F	PF01663.21	56.4	2.7e-15	54.9	8.1e-15
AG-426-A04_13_2_484_1734_R	PF01663.21	276.3	4e-82	276.1	4.6e-82
AG-426-A05_8_4_3436_4677_R	TIGR02335	466.9	4.2e-140	466.8	4.7e-140
AG-426-A07_3_54_51636_52826_R	PF01663.21	56.8	2.1e-15	56.1	3.4e-15
AG-426-A15_5_8_4383_5471_F	PF01663.21	38.6	6.9e-10	37.3	1.8e-09
AG-426-B13_25_6_4352_5563_R	PF01663.21	202.9	8e-60	202.6	9.6e-60
AG-426-C04_19_8_6759_8195_R	PF01663.21	23.8	2.2e-05	15.3	0.0087
AG-426-C15_4_65_54335_55957_F	PF01663.21	173.9	5.3e-51	173.6	6.7e-51
AG-426-C22_5_57_54745_55986_F	TIGR02335	469.9	5.2e-141	469.8	5.8e-141
AG-426-D04_40_4_2458_2916_F	PF01663.21	58.7	5.6e-16	58.5	6.2e-16
AG-426-D23_3_80_59043_60131_F	PF01663.21	38.6	6.9e-10	37.3	1.8e-09
AG-426-E05_1_104_102370_103539_R	PF01663.21	208.1	2e-61	207.8	2.5e-61
AG-426-E09_11_61_51709_52950_F	TIGR02335	522.3	6.4e-157	522.2	7.2e-157
AG-426-E09_1_28_28017_29288_R	PF01663.21	95.2	4.4e-27	94.7	6.2e-27
AG-426-E09_18_25_17135_18685_F	PF01663.21	117.0	1e-33	116.5	1.5e-33
AG-426-F13_2_103_76249_77337_F	PF01663.21	39.5	3.8e-10	38.4	8.2e-10
AG-426-F22_2_93_85500_86741_F	TIGR02335	467.5	2.8e-140	467.4	3.1e-140
AG-426-G06_17_30_31525_32586_F	PF01663.21	71.0	1e-19	68.0	8.4e-19
AG-426-G06_44_6_3384_4433_R	PF01663.21	83.8	1.3e-23	44.5	1.1e-11
AG-426-G23_20_1_3_1517_F	PF01663.21	116.1	2e-33	115.7	2.5e-33
AG-426-I04_1_596_556058_557302_F	TIGR02335	492.2	8.8e-148	492.1	1e-147
AG-426-I05_1_72_81281_82447_F	PF01663.21	208.1	2.1e-61	207.7	2.7e-61
AG-426-J06_35_3_1267_2424_F	PF01663.21	229.2	8.2e-68	228.5	1.3e-67
AG-426-J07_5_109_86126_87217_F	PF01663.21	22.1	7.2e-05	20.1	0.00031
AG-426-J08_3_41_37527_38768_R	TIGR02335	468.1	1.8e-140	468.0	2.1e-140
AG-426-J10_8_16_13189_14430_F	TIGR02335	469.1	9.5e-141	468.9	1.1e-140
AG-426-J11_1_179_173573_174814_R	TIGR02335	466.5	5.9e-140	466.3	6.6e-140
AG-426-J16_12_21_15774_16859_F	PF01663.21	30.3	2.3e-07	25.4	7.1e-06
AG-426-J22_22_10_7365_8720_F	PF01663.21	166.7	8.3e-49	166.5	9.6e-49
AG-426-J23_7_42_43611_44495_F	PF01663.21	76.6	1.9e-21	43.9	1.8e-11
AG-426-L02_12_29_22320_23924_F	PF01663.21	128.1	4.3e-37	127.7	5.7e-37
AG-426-L02_24_8_7328_8572_F	PF01663.21	277.0	2.4e-82	276.8	2.7e-82
AG-426-L02_7_46_49803_50735_F	PF01663.21	31.5	1e-07	31.4	1.1e-07
AG-426-L03_26_20_17001_18488_F	PF01663.21	69.4	3e-19	68.1	7.8e-19
AG-426-L03_54_4_2116_3354_F	TIGR02335	523.8	2.3e-157	523.6	2.7e-157
AG-426-L05_24_6_9792_11474_R	PF01663.21	164.7	3.3e-48	164.3	4.3e-48
AG-426-L09_10_7_4838_6073_F	TIGR02335	485.9	7.2e-146	485.8	8.1e-146
AG-426-L21_1_28_22237_23325_F	PF01663.21	39.1	4.9e-10	38.1	1e-09
AG-426-M14_2_23_18061_19149_R	PF01663.21	43.8	1.9e-11	42.6	4.2e-11
AG-426-M18_2_64_46135_47220_F	PF01663.21	30.3	2.3e-07	25.2	8.2e-06
AG-426-M20_2_12_17325_18884_F	PF01663.21	185.2	2e-54	184.8	2.5e-54
AG-426-M20_6_35_36811_37770_F	PF01663.21	69.4	3.2e-19	34.9	9.8e-09
AG-426-M21_1_55_50719_51804_R	PF01663.21	30.3	2.3e-07	25.2	8.2e-06
AG-426-N06_6_50_47925_49553_R	PF01663.21	172.6	1.3e-50	172.2	1.7e-50
AG-426-O11_15_1_2_163_R	PF01663.21	61.4	8.6e-17	61.3	9.1e-17
AG-426-P13_2_10_10089_11702_R	PF01663.21	123.7	9.3e-36	123.4	1.2e-35
AG-426-P20_19_2_1133_1798_F	PF01663.21	21.0	0.00016	20.7	0.0002
AG-426-P20_19_22_17732_18397_R	PF01663.21	21.0	0.00016	20.7	0.0002
AG-430-A14_13_6_3329_4417_F	PF01663.21	57.1	1.7e-15	55.4	5.5e-15
AG-430-A15_18_2_374_1459_F	PF01663.21	29.0	6e-07	24.2	1.7e-05
AG-430-B21_3_34_35105_36340_F	TIGR02335	485.1	1.3e-145	485.0	1.4e-145
AG-430-B23_7_28_24794_25879_F	PF01663.21	29.0	6e-07	24.1	1.8e-05
AG-430-C02_13_17_14770_15906_R	PF01663.21	87.6	9.2e-25	84.6	7.4e-24
AG-430-C07_16_41_45286_46725_F	PF01663.21	168.0	3.2e-49	167.8	3.8e-49
AG-430-C15_3_29_25346_26434_R	PF01663.21	39.1	4.9e-10	38.1	1e-09
AG-430-D11_1_29_26832_28073_R	TIGR02335	467.2	3.6e-140	467.0	4e-140
AG-430-D20_2_56_51136_52218_R	PF01663.21	36.5	3.1e-09	33.9	2e-08
AG-430-E05_2_30_27998_29086_F	PF01663.21	48.6	6.4e-13	47.7	1.3e-12
AG-430-E08_9_12_8720_9805_F	PF01663.21	29.7	3.6e-07	24.8	1.1e-05
AG-430-E16_1_184_167508_168749_F	TIGR02335	487.5	2.3e-146	487.4	2.6e-146
AG-430-E22_1_48_46852_48087_F	TIGR02335	483.8	3.3e-145	483.6	3.7e-145
AG-430-F09_15_18_17309_18553_R	TIGR02335	488.9	8.9e-147	488.8	1e-146
AG-430-G08_7_21_16779_17870_F	PF01663.21	22.8	4.6e-05	21.5	0.00011
AG-430-I04_37_4_4008_5249_R	TIGR02335	467.4	3.1e-140	467.2	3.5e-140
AG-430-I09_8_41_32467_33960_R	PF01663.21	121.4	4.9e-35	121.1	6e-35
AG-430-I21_9_8_5976_7058_R	PF01663.21	36.5	3.1e-09	33.9	2e-08
AG-430-J03_5_4_2148_3770_R	PF01663.21	173.8	5.5e-51	173.5	6.9e-51
AG-430-J20_4_17_8922_10331_R	PF01663.21	66.2	3e-18	36.4	3.3e-09
AG-430-M02_1_134_107364_108455_F	PF01663.21	22.9	4.2e-05	21.5	0.00011
AG-430-M11_1_12_9067_10152_F	PF01663.21	30.3	2.3e-07	25.4	7.1e-06
AG-430-M19_6_27_24897_25985_R	PF01663.21	37.4	1.6e-09	36.1	4.1e-09
AG-430-O16_20_17_15086_16168_F	PF01663.21	192.9	9e-57	192.5	1.2e-56
AG-430-O18_6_50_42099_43190_R	PF01663.21	21.8	9.2e-05	20.5	0.00022
AG-430-P05_3_2_1489_2730_R	TIGR02335	467.8	2.2e-140	467.7	2.5e-140
AG-430-P06_21_14_15364_16533_F	PF01663.21	218.4	1.6e-64	218.2	1.8e-64
AG-435-A09_39_4_1387_2478_F	PF01663.21	22.5	5.6e-05	21.2	0.00014
AG-435-A22_23_3_1123_2298_F	PF01663.21	198.1	2.4e-58	197.8	2.8e-58
AG-435-C17_4_32_29529_30770_R	TIGR02335	468.7	1.2e-140	468.5	1.4e-140
AG-435-D10_4_11_10964_12205_R	TIGR02335	488.0	1.7e-146	487.8	2e-146
AG-435-F18_1_28_22428_23519_F	PF01663.21	22.4	5.8e-05	21.2	0.00014
AG-435-G09_19_7_5339_6613_R	PF01663.21	131.2	5e-38	130.9	6.1e-38
AG-435-I13_12_8_7168_8409_R	TIGR02335	467.1	3.8e-140	466.9	4.3e-140
AG-435-I14_1_74_73679_74917_R	TIGR02335	465.7	1e-139	465.5	1.2e-139
AG-435-I17_2_84_87254_88423_R	PF01663.21	218.6	1.4e-64	218.3	1.6e-64
AG-435-J03_3_24_25057_26301_R	TIGR02335	487.9	1.9e-146	487.7	2.1e-146
AG-435-K07_31_8_7514_8578_R	TIGR02335	429.4	1.1e-128	429.2	1.2e-128
AG-435-K08_3_28_23795_24886_F	PF01663.21	22.9	4.2e-05	21.5	0.00011
AG-435-K21_37_4_1623_2465_R	PF01663.21	50.4	1.8e-13	49.7	3.1e-13
AG-435-L13_25_1_183_1421_F	TIGR02335	466.0	8.4e-140	465.8	9.4e-140
AG-435-L16_17_10_6248_7339_F	PF01663.21	22.9	4.2e-05	21.5	0.00011
AG-435-L19_3_58_56549_57646_F	PF01663.21	78.6	5.1e-22	44.6	1e-11
AG-435-L19_56_3_885_1916_F	PF01663.21	104.1	8.5e-30	102.8	2.1e-29
AG-435-L21_2_56_53469_54710_R	TIGR02335	485.3	1.1e-145	485.1	1.3e-145
AG-435-M05_2_45_45583_46743_F	PF01663.21	204.5	2.6e-60	204.2	3.2e-60
AG-435-M08_18_4_1819_2916_F	PF01663.21	78.6	5.1e-22	44.6	1e-11
AG-435-O17_8_7_4598_5626_R	PF01663.21	97.8	7e-28	96.5	1.8e-27
AG-435-P09_7_18_16225_17811_R	PF01663.21	194.4	3.1e-57	194.0	4e-57
AG-435-P13_58_2_479_1717_R	TIGR02335	521.9	8.7e-157	521.7	1e-156
AG-439-A17_6_37_31287_32375_R	PF01663.21	39.0	5.5e-10	37.1	2.1e-09
AG-439-A19_12_3_2189_3430_R	TIGR02335	470.1	4.6e-141	469.8	5.6e-141
AG-439-B19_12_21_18171_19280_F	PF01663.21	80.3	1.5e-22	42.9	3.6e-11
AG-439-C07_14_3_2383_3627_R	TIGR02335	508.5	9.8e-153	508.3	1.2e-152
AG-439-C15_4_5_2371_3477_F	PF01663.21	89.8	1.9e-25	57.6	1.2e-15
AG-439-D18_15_5_4774_6177_R	PF01663.21	116.7	1.3e-33	115.3	3.5e-33
AG-439-D20_19_10_12309_13253_R	PF01663.21	80.0	1.9e-22	41.4	1e-10
AG-439-D21_13_42_44783_45850_F	PF01663.21	81.8	5.4e-23	79.0	3.7e-22
AG-439-D21_18_3_706_2088_R	PF01663.21	180.7	4.7e-53	180.5	5.4e-53
AG-439-E02_2_29_26651_27745_F	PF01663.21	81.3	7.3e-23	42.6	4.3e-11
AG-439-F02_2_116_106678_107919_F	TIGR02335	469.6	6.8e-141	469.4	7.6e-141
AG-439-G03_4_4_1093_2217_R	PF01663.21	39.4	4e-10	39.4	4e-10
AG-439-I19_5_20_20444_21694_F	TIGR02335	494.4	1.9e-148	494.1	2.4e-148
AG-439-J04_20_3_1609_2700_R	PF01663.21	22.7	4.9e-05	20.9	0.00017
AG-439-K03_27_13_10221_11342_R	PF01663.21	34.9	9.5e-09	34.9	9.5e-09
AG-439-K09_28_3_847_1938_F	PF01663.21	22.9	4.1e-05	21.7	9.7e-05
AG-439-K12_17_9_7096_8340_F	TIGR02335	489.8	4.9e-147	489.5	5.9e-147
AG-439-K14_17_15_16960_18288_R	PF01663.21	24.1	1.8e-05	23.8	2.3e-05
AG-439-L22_34_5_6009_7250_R	TIGR02335	509.4	5.6e-153	509.2	6.3e-153
AG-439-M06_3_18_21881_23149_R	TIGR02335	547.7	1.3e-164	547.5	1.4e-164
AG-439-N02_17_16_13649_14890_F	TIGR02335	467.4	3.1e-140	467.2	3.5e-140
AG-439-N07_10_8_6236_6844_R	PF01663.21	22.5	5.4e-05	22.5	5.7e-05
AG-439-N12_1_100_98299_99384_R	PF01663.21	30.3	2.3e-07	25.2	8.2e-06
AG-439-N21_1_126_100978_102066_F	PF01663.21	40.6	1.7e-10	39.6	3.5e-10
AG-439-O08_1_1_2_637_R	PF01663.21	46.6	2.7e-12	46.4	3e-12
AG-439-O10_48_6_4318_5199_F	PF01663.21	38.3	8.7e-10	33.0	3.6e-08
AG-439-O19_11_8_10877_11959_R	PF01663.21	201.6	2e-59	201.2	2.6e-59
AG-439-O23_3_31_37708_38793_F	PF01663.21	77.6	9.9e-22	75.3	5.1e-21
AG-439-P07_11_2_506_1615_R	PF01663.21	78.4	5.5e-22	38.5	7.5e-10
AG-439-P21_23_6_3747_5117_F	PF01663.21	148.5	2.8e-43	148.3	3.2e-43
AG-447-A02_11_35_30945_32186_R	TIGR02335	465.0	1.7e-139	464.8	1.9e-139
AG-447-A05_5_5_2291_3379_R	PF01663.21	42.7	3.9e-11	41.4	1e-10
AG-447-A18_1_82_80382_81464_R	PF01663.21	184.4	3.4e-54	183.9	4.9e-54
AG-447-A18_27_5_4904_6127_F	PF01663.21	92.4	3.2e-26	71.9	5.3e-20
AG-447-A20_7_27_29547_30878_F	PF01663.21	28.8	6.8e-07	28.3	9.5e-07
AG-447-B03_7_18_17299_18534_F	TIGR02335	484.6	1.9e-145	484.4	2.1e-145
AG-447-B06_22_10_6499_9027_F	PF01663.21	62.2	4.7e-17	55.1	7e-15
AG-447-C07_2_99_96506_97747_R	TIGR02335	468.0	2.1e-140	467.8	2.3e-140
AG-447-C10_17_18_12322_13410_R	PF01663.21	56.4	2.8e-15	54.0	1.4e-14
AG-447-C21_111_2_277_1521_F	TIGR02335	532.6	4.8e-160	532.4	5.4e-160
AG-447-C21_8_48_46879_48369_R	PF01663.21	72.9	2.7e-20	71.3	8.1e-20
AG-447-D03_10_29_30720_31886_F	PF01663.21	206.4	6.9e-61	206.1	8.3e-61
AG-447-D06_13_20_17918_19159_F	TIGR02335	466.0	7.9e-140	465.9	8.8e-140
AG-447-D20_2_41_35969_37057_R	PF01663.21	41.7	8.2e-11	41.0	1.3e-10
AG-447-E05_28_2_319_1716_R	PF01663.21	177.4	4.6e-52	177.1	5.5e-52
AG-447-E05_48_5_2106_3347_F	TIGR02335	489.5	5.8e-147	489.4	6.6e-147
AG-447-E09_50_3_925_2139_R	PF01663.21	206.2	7.9e-61	205.9	9.8e-61
AG-447-E15_11_7_8872_10542_F	PF01663.21	174.3	3.9e-51	174.0	4.9e-51
AG-447-G10_6_13_13519_14763_R	TIGR02335	508.6	9.7e-153	508.3	1.2e-152
AG-447-G11_5_34_36231_37475_R	TIGR02335	505.6	7.6e-152	505.3	9.5e-152
AG-447-G20_5_9_7226_8314_R	PF01663.21	41.7	8.1e-11	38.8	6.1e-10
AG-447-I04_16_31_27069_28106_F	PF01663.21	103.8	1.1e-29	100.6	9.8e-29
AG-447-I07_2_34_28660_29901_F	TIGR02335	466.4	6.3e-140	466.2	7e-140
AG-447-I21_3_41_35360_36448_R	PF01663.21	43.4	2.4e-11	41.0	1.3e-10
AG-447-I22_22_4_3066_4352_F	PF01663.21	24.0	2e-05	17.3	0.0021
AG-447-J18_1_10_8216_9457_R	TIGR02335	472.1	1.1e-141	472.0	1.2e-141
AG-447-K02_35_12_9864_11108_F	TIGR02335	533.2	3.2e-160	533.0	3.7e-160
AG-447-K16_2_21_19074_20282_F	PF01663.21	193.1	7.6e-57	192.6	1.1e-56
AG-447-K17_24_4_2686_3930_F	TIGR02335	490.1	3.9e-147	489.9	4.4e-147
AG-447-K19_9_28_26193_27398_R	PF01663.21	223.1	5.8e-66	222.9	6.9e-66
AG-447-L16_8_17_13233_14321_R	PF01663.21	41.3	1e-10	40.2	2.3e-10
AG-447-L18_2_159_162021_163262_R	TIGR02335	469.6	6.8e-141	469.4	7.6e-141
AG-447-M03_35_1_1_1644_F	PF01663.21	147.2	6.7e-43	146.7	9.6e-43
AG-447-M08_8_25_20465_21553_R	PF01663.21	41.2	1.1e-10	40.3	2.1e-10
AG-447-N19_3_41_35064_36152_F	PF01663.21	41.6	8.9e-11	40.9	1.4e-10
AG-447-O03_7_6_2809_3900_F	PF01663.21	21.5	0.00011	19.3	0.00053
AG-447-O13_15_9_6537_7703_F	PF01663.21	206.4	6.9e-61	206.1	8.8e-61
AG-447-O15_7_55_51860_53101_R	TIGR02335	464.3	2.6e-139	464.2	2.9e-139
AG-447-O18_31_9_7614_9227_R	PF01663.21	179.1	1.4e-52	178.7	1.8e-52
AG-447-O20_17_8_4311_5399_F	PF01663.21	45.7	4.9e-12	44.1	1.5e-11
AG-447-P01_1_105_92751_93992_F	TIGR02335	467.2	3.6e-140	467.0	4.1e-140
AG-447-P05_6_42_36376_37464_R	PF01663.21	39.5	3.9e-10	38.5	7.4e-10
AG-447-P14_26_4_1536_2777_F	TIGR02335	484.7	1.7e-145	484.5	1.9e-145
AG-447-P15_59_2_1054_2298_R	TIGR02335	491.9	1.1e-147	491.7	1.3e-147
AG-447-P21_14_1_2_970_F	PF01663.21	46.4	3.1e-12	46.1	3.8e-12
AG-447-P23_1_45_40433_41521_R	PF01663.21	40.8	1.5e-10	37.3	1.8e-09
AG-453-A04_17_11_9524_10795_F	PF01663.21	92.5	2.9e-26	91.8	4.7e-26
AG-453-A08_1_52_55348_56703_F	PF01663.21	170.1	7.6e-50	169.9	8.8e-50
AG-453-B18_1_31_31654_32823_F	PF01663.21	218.7	1.3e-64	218.4	1.5e-64
AG-453-C03_1_1_1_816_R	PF01663.21	107.1	1.1e-30	107.0	1.2e-30
AG-453-C10_1_30_27677_28918_R	TIGR02335	468.1	1.8e-140	468.0	2e-140
AG-453-C11_47_9_6210_7634_F	PF01663.21	182.3	1.4e-53	182.1	1.7e-53
AG-453-D11_13_7_7129_8406_R	PF01663.21	27.4	1.8e-06	26.6	3.2e-06
AG-453-D14_2_38_38665_39987_F	TIGR02335	492.5	7.1e-148	492.4	8.1e-148
AG-453-E14_4_71_69120_70319_R	PF01663.21	89.5	2.5e-25	85.6	3.8e-24
AG-453-E15_16_11_9615_10712_F	PF01663.21	86.7	1.7e-24	48.4	7.6e-13
AG-453-E17_17_13_10591_11547_R	PF01663.21	91.2	7.1e-26	89.1	3.1e-25
AG-453-E21_4_48_51391_52632_F	TIGR02335	479.5	6.5e-144	479.2	8e-144
AG-453-F17_1_15_11751_13403_R	PF01663.21	166.3	1.1e-48	165.9	1.4e-48
AG-453-F22_48_7_6587_7831_F	TIGR02335	511.8	9.9e-154	511.5	1.2e-153
AG-453-G02_12_23_20671_22221_R	PF01663.21	119.3	2e-34	118.8	3e-34
AG-453-G02_46_10_11038_11688_R	PF01663.21	41.0	1.3e-10	40.8	1.6e-10
AG-453-G09_6_28_22676_23764_F	PF01663.21	58.1	8.3e-16	56.6	2.5e-15
AG-453-G13_2_25_25370_27004_R	PF01663.21	181.8	2e-53	181.6	2.5e-53
AG-453-G17_3_41_34911_35996_R	PF01663.21	29.1	5.5e-07	24.3	1.6e-05
AG-453-I13_55_7_5648_6727_R	PF01663.21	85.6	3.7e-24	83.2	2e-23
AG-453-I22_6_15_15066_16307_F	TIGR02335	487.3	2.7e-146	487.2	3e-146
AG-453-J13_47_3_2562_3329_F	PF01663.21	182.2	1.6e-53	182.0	1.9e-53
AG-453-J21_1_131_136447_137478_F	PF01663.21	100.8	9e-29	98.9	3.3e-28
AG-453-J21_3_4_1811_2917_F	PF01663.21	87.4	1.1e-24	49.8	2.8e-13
AG-453-L02_3_85_63267_64355_F	PF01663.21	39.6	3.6e-10	38.2	9.2e-10
AG-453-L04_6_16_11095_12177_R	PF01663.21	33.7	2.1e-08	31.3	1.1e-07
AG-453-L14_19_9_6684_7775_R	PF01663.21	23.9	2e-05	22.7	5e-05
AG-453-L15_26_5_5006_5941_R	PF01663.21	52.4	4.6e-14	52.1	5.7e-14
AG-453-M08_6_2_801_1682_R	PF01663.21	83.4	1.7e-23	77.0	1.5e-21
AG-453-M08_8_4_3185_4450_F	PF01663.21	275.9	5.2e-82	275.7	6.1e-82
AG-453-M22_88_4_2987_4021_R	TIGR02335	462.3	1.1e-138	462.1	1.2e-138
AG-453-N02_3_65_63956_65197_R	TIGR02335	468.1	1.8e-140	468.0	2e-140
AG-453-N20_43_6_5936_7546_F	PF01663.21	132.5	2.1e-38	132.1	2.7e-38
AG-453-N22_6_32_27812_28900_F	PF01663.21	45.9	4.4e-12	45.0	7.9e-12
AG-453-O20_1_82_77719_78807_R	PF01663.21	45.9	4.4e-12	45.0	7.9e-12
AG-453-P07_27_5_2236_3324_F	PF01663.21	42.1	6e-11	41.3	1.1e-10
AG-457-A08_12_13_9507_10748_R	TIGR02335	468.6	1.3e-140	468.5	1.4e-140
AG-457-C05_9_8_7437_8897_F	PF01663.21	108.5	3.9e-31	108.3	4.7e-31
AG-457-C19_8_11_8586_9830_F	TIGR02335	468.5	1.4e-140	468.3	1.6e-140
AG-457-D04_11_6_4217_5299_R	PF01663.21	32.5	5e-08	30.1	2.7e-07
AG-457-D10_6_18_11458_12540_R	PF01663.21	36.2	3.9e-09	33.3	2.8e-08
AG-457-D13_51_4_2456_3775_R	PF01663.21	160.9	4.7e-47	160.6	5.8e-47
AG-457-D13_7_7_4452_6053_R	PF01663.21	132.8	1.7e-38	132.4	2.2e-38
AG-457-D17_6_32_26067_27308_R	TIGR02335	468.9	1.1e-140	468.7	1.2e-140
AG-457-E08_5_50_42788_43870_R	PF01663.21	31.9	7.8e-08	29.0	6.1e-07
AG-457-E15_2_28_25890_26975_F	PF01663.21	30.4	2.3e-07	25.4	7.1e-06
AG-457-E19_3_39_43367_44449_F	PF01663.21	205.1	1.8e-60	204.9	2e-60
AG-457-E22_19_3_1715_2959_R	TIGR02335	468.6	1.3e-140	468.4	1.5e-140
AG-457-F08_13_22_21994_23481_R	PF01663.21	67.3	1.4e-18	65.1	6.3e-18
AG-457-F08_17_10_11279_12517_R	TIGR02335	522.1	7.6e-157	521.9	8.7e-157
AG-457-F09_40_2_1220_2833_F	PF01663.21	127.9	5.2e-37	127.4	7.1e-37
AG-457-F11_31_8_4546_7227_R	PF01663.21	39.9	2.9e-10	36.8	2.5e-09
AG-457-F14_2_21_18116_19357_R	TIGR02335	469.4	7.5e-141	469.3	8.4e-141
AG-457-F15_18_26_25215_26537_R	TIGR02335	491.9	1.1e-147	491.7	1.3e-147
AG-457-F23_3_6_4898_5983_R	PF01663.21	27.5	1.7e-06	22.2	7e-05
AG-457-K18_7_17_16678_18081_R	PF01663.21	104.1	8.7e-30	98.8	3.5e-28
AG-457-L03_1_74_69045_70133_R	PF01663.21	46.2	3.5e-12	44.7	1e-11
AG-457-L21_35_5_3750_5390_F	PF01663.21	112.9	1.9e-32	112.3	2.8e-32
AG-457-N16_1_105_116064_117305_F	PF01663.21	289.0	5.3e-86	288.8	6.2e-86
AG-457-O08_12_3_1229_2716_R	PF01663.21	73.1	2.4e-20	71.0	9.9e-20
AG-457-O10_9_9_6543_7874_F	PF01663.21	21.0	0.00016	20.6	0.00022
AG-457-O23_7_3_2644_3762_R	PF01663.21	70.1	1.9e-19	68.6	5.3e-19
AG-461-B23_3_4_4520_5755_R	TIGR02335	485.3	1.1e-145	485.2	1.2e-145
AG-461-C10_2_31_25712_26794_R	PF01663.21	33.8	2.1e-08	31.3	1.2e-07
AG-461-C17_19_11_9681_11309_R	PF01663.21	169.3	1.3e-49	168.9	1.7e-49
AG-461-D05_2_29_25605_27008_R	PF01663.21	95.4	3.7e-27	92.2	3.7e-26
AG-461-D09_2_80_78315_79556_R	TIGR02335	466.6	5.3e-140	466.5	5.9e-140
AG-461-E02_7_24_22522_24000_F	PF01663.21	109.7	1.8e-31	109.2	2.4e-31
AG-461-E10_4_24_29014_30075_F	PF01663.21	50.6	1.6e-13	33.4	2.6e-08
AG-461-E22_3_44_40394_41635_R	TIGR02335	466.9	4.3e-140	466.7	4.8e-140
AG-461-G08_28_6_3012_5030_F	PF01663.21	179.4	1.1e-52	178.8	1.7e-52
AG-461-G18_1_275_251863_252951_F	PF01663.21	46.9	2.2e-12	45.5	5.7e-12
AG-461-J13_22_5_4238_4891_R	PF01663.21	55.6	4.9e-15	33.8	2e-08
AG-461-J14_7_37_40725_42029_R	PF01663.21	22.3	6.4e-05	21.5	0.00011
AG-461-J21_7_26_22103_23185_R	PF01663.21	33.8	2.1e-08	31.3	1.2e-07
AG-461-K02_32_8_7457_8701_F	TIGR02335	492.1	9.5e-148	492.0	1.1e-147
AG-461-K18_21_1_112_1194_F	PF01663.21	33.8	2.1e-08	31.3	1.2e-07
AG-461-K19_3_76_73138_74220_R	PF01663.21	33.7	2.3e-08	30.8	1.7e-07
AG-461-K23_3_59_57663_58907_F	TIGR02335	508.3	1.2e-152	508.0	1.5e-152
AG-461-L13_11_10_11453_12622_R	PF01663.21	219.4	7.7e-65	219.2	9e-65
AG-461-M08_5_69_62884_63966_R	PF01663.21	36.5	3.1e-09	33.7	2.2e-08
AG-461-M17_101_3_2456_3373_R	PF01663.21	23.4	3e-05	22.7	4.7e-05
AG-461-N03_8_17_15685_16926_F	TIGR02335	466.9	4.3e-140	466.7	4.8e-140
AG-461-N23_44_2_657_2267_R	PF01663.21	132.0	2.8e-38	131.7	3.6e-38
AG-461-P07_21_13_14832_16076_F	TIGR02335	505.3	9.6e-152	505.0	1.2e-151
AG-461-P16_41_1_1_999_F	PF01663.21	56.9	2e-15	53.5	2.1e-14
AG-461-P17_4_23_20050_21660_R	PF01663.21	132.6	1.9e-38	132.3	2.3e-38
AG-464-B17_19_1_2_1204_F	PF01663.21	282.1	6.9e-84	281.8	8e-84
AG-464-B22_6_4_1524_3281_F	PF01663.21	58.2	8e-16	51.1	1.1e-13
AG-464-B23_45_6_4473_5756_F	TIGR02335	487.4	2.6e-146	487.2	2.9e-146
AG-464-C05_15_2_187_1236_F	PF01663.21	72.1	4.7e-20	69.3	3.3e-19
AG-464-C08_55_4_1984_3348_F	PF01663.21	112.4	2.7e-32	112.1	3.2e-32
AG-464-D17_19_2_511_2148_R	PF01663.21	178.4	2.3e-52	178.0	2.9e-52
AG-464-D18_1_19_12502_13695_F	PF01663.21	198.4	1.8e-58	194.9	2.2e-57
AG-464-D22_2_40_48745_49989_R	PF01663.21	283.2	3.1e-84	283.0	3.6e-84
AG-464-F02_4_31_37269_38399_R	PF01663.21	280.9	1.6e-83	280.7	1.9e-83
AG-464-F06_50_3_1408_2778_F	PF01663.21	175.0	2.4e-51	174.8	2.8e-51
AG-464-F14_63_1_2_547_R	PF01663.21	57.5	1.3e-15	57.3	1.4e-15
AG-464-F15_21_1_2_883_R	PF01663.21	22.0	7.8e-05	20.9	0.00018
AG-464-F19_6_7_4005_5249_R	TIGR02335	494.1	2.4e-148	493.9	2.7e-148
AG-464-F20_63_7_8768_9901_R	TIGR02335	460.3	4.4e-138	460.1	4.9e-138
AG-464-G03_4_107_99528_100772_R	TIGR02335	488.1	1.6e-146	487.9	1.8e-146
AG-464-G08_2_1_2_742_F	PF01663.21	91.7	5e-26	91.5	6.1e-26
AG-464-G13_1_136_143648_144877_R	PF01663.21	251.5	1.3e-74	251.3	1.6e-74
AG-464-I09_11_19_15609_16853_F	TIGR02335	491.1	2e-147	490.8	2.4e-147
AG-464-J05_4_23_23548_24699_F	PF01663.21	262.7	5.4e-78	261.7	1e-77
AG-464-J05_9_4_3054_4667_F	PF01663.21	138.6	2.9e-40	138.2	3.7e-40
AG-464-J20_2_45_42988_44205_R	PF01663.21	273.5	2.7e-81	273.3	3.1e-81
AG-464-J22_10_1_3_1238_F	TIGR02335	495.3	1e-148	495.2	1.1e-148
AG-464-K06_3_42_33026_34270_F	TIGR02335	490.1	3.9e-147	490.0	4.3e-147
AG-464-K11_10_8_5172_6353_F	PF01663.21	207.2	4e-61	206.9	4.9e-61
AG-464-L03_4_42_37484_38725_F	TIGR02335	466.1	7.4e-140	466.0	8.3e-140
AG-464-L19_1_41_46848_47999_F	PF01663.21	206.6	6.1e-61	206.3	7.7e-61
AG-464-L21_19_12_14431_15660_F	PF01663.21	249.5	5.4e-74	249.2	6.8e-74
AG-464-O19_1_21_16968_17831_R	PF01663.21	30.2	2.5e-07	30.0	2.9e-07
AG-464-O22_12_33_20824_22416_F	PF01663.21	125.9	2.1e-36	125.5	2.8e-36
AG-464-O22_2_5_2029_2892_R	PF01663.21	28.9	6.3e-07	28.6	7.7e-07
AG-464-O22_37_2_526_1767_R	PF01663.21	291.6	8.6e-87	291.4	1e-86
AG-464-P21_5_20_24666_25841_F	PF01663.21	195.5	1.5e-57	195.2	1.7e-57
AG-470-B16_7_2_1221_2168_R	PF01663.21	68.1	7.4e-19	62.8	3.1e-17
AG-470-B21_11_21_18888_19514_F	PF01663.21	63.6	1.8e-17	63.5	2e-17
AG-470-E04_68_1_2_1345_R	PF01663.21	171.8	2.2e-50	171.5	2.7e-50
AG-470-E16_2_115_114297_115541_R	TIGR02335	492.7	6.4e-148	492.4	7.9e-148
AG-470-F08_7_33_26666_27748_R	PF01663.21	36.5	3.1e-09	33.0	3.5e-08
AG-470-F09_8_10_5728_6810_F	PF01663.21	37.6	1.4e-09	35.0	8.6e-09
AG-470-G06_4_11_9265_10509_R	TIGR02335	492.4	7.7e-148	492.1	9.5e-148
AG-470-G10_48_2_800_3346_R	PF01663.21	53.0	3.1e-14	46.9	2.1e-12
AG-470-G13_8_3_1694_2650_F	PF01663.21	94.6	6.6e-27	91.1	7.7e-26
AG-470-I18_3_33_29648_30679_F	PF01663.21	97.4	9.2e-28	96.7	1.6e-27
AG-470-I23_2_5_4215_5213_F	PF01663.21	62.2	4.8e-17	58.5	6.2e-16
AG-470-J09_10_8_5682_7085_F	PF01663.21	106.5	1.6e-30	102.8	2.2e-29
AG-470-L07_27_7_4899_6134_F	TIGR02335	482.5	8e-145	482.3	8.9e-145
AG-470-L09_41_3_3455_4759_F	PF01663.21	220.6	3.4e-65	219.3	8.2e-65
AG-470-M14_19_2_922_2220_R	PF01663.21	231.5	1.6e-68	231.2	2e-68
AG-470-M17_10_29_25270_26511_R	TIGR02335	467.5	2.8e-140	467.3	3.2e-140
AG-470-O07_13_21_20795_22405_R	PF01663.21	131.8	3.3e-38	131.4	4.4e-38
AG-470-O09_1_60_44876_45964_F	PF01663.21	51.8	7e-14	49.5	3.5e-13
AG-470-P10_4_42_49112_50725_R	PF01663.21	127.6	6.4e-37	127.1	8.9e-37
AG-891-A04_5_26_24929_26167_R	TIGR02335	501.4	1.5e-150	501.2	1.7e-150
AG-891-A21_7_12_9980_11224_F	TIGR02335	452.3	1.2e-135	452.0	1.4e-135
AG-891-B20_15_2_839_2443_R	PF01663.21	189.7	8.4e-56	189.3	1.1e-55
AG-891-B21_6_49_31120_32754_F	PF01663.21	167.4	4.9e-49	167.1	6.1e-49
AG-891-C11_3_119_110066_111307_F	TIGR02335	467.8	2.3e-140	467.7	2.5e-140
AG-891-D09_1_147_136296_137534_F	TIGR02335	494.8	1.5e-148	494.6	1.7e-148
AG-891-D17_2_33_35493_36734_R	TIGR02335	479.7	5.6e-144	479.4	6.9e-144
AG-891-D18_25_4_3829_5109_R	PF01663.21	248.6	1.1e-73	248.2	1.4e-73
AG-891-D21_3_25_28756_30384_F	PF01663.21	170.9	4.2e-50	170.5	5.5e-50
AG-891-E03_16_4_1687_3318_F	PF01663.21	163.4	8.4e-48	162.9	1.2e-47
AG-891-E15_26_3_1861_3102_R	TIGR02335	467.6	2.6e-140	467.5	2.9e-140
AG-891-E17_3_151_138637_139878_F	TIGR02335	467.5	2.8e-140	467.4	3.1e-140
AG-891-E22_7_43_37425_38660_F	TIGR02335	484.9	1.4e-145	484.8	1.6e-145
AG-891-F02_5_22_19785_21416_F	PF01663.21	170.6	5.4e-50	170.2	7.1e-50
AG-891-F06_17_15_12839_14080_R	TIGR02335	480.2	4e-144	479.9	4.9e-144
AG-891-F07_5_11_11627_12835_R	PF01663.21	241.2	1.8e-71	240.7	2.6e-71
AG-891-F08_21_1_2_1531_R	PF01663.21	165.6	1.8e-48	165.3	2.2e-48
AG-891-F11_7_29_30304_31539_F	TIGR02335	486.2	5.8e-146	486.1	6.6e-146
AG-891-F15_3_35_31888_33129_R	TIGR02335	469.0	1e-140	468.8	1.1e-140
AG-891-G06_2_168_163370_164605_F	TIGR02335	484.9	1.5e-145	484.7	1.7e-145
AG-891-G11_6_3_1590_2873_F	PF01663.21	23.8	2.3e-05	23.2	3.4e-05
AG-891-G17_2_45_47790_49025_F	TIGR02335	488.7	1e-146	488.5	1.2e-146
AG-891-G19_1_64_52359_53888_F	PF01663.21	165.6	1.8e-48	165.3	2.2e-48
AG-891-G20_1_65_58613_59854_F	TIGR02335	467.6	2.7e-140	467.4	3.1e-140
AG-891-G23_1_304_281018_282253_F	TIGR02335	485.3	1.1e-145	485.1	1.3e-145
AG-891-I06_2_146_165192_166271_R	PF01663.21	30.8	1.7e-07	26.8	2.8e-06
AG-891-I09_2_133_132279_133364_R	PF01663.21	29.9	3.2e-07	25.0	9.6e-06
AG-891-I19_16_7_5148_6779_F	PF01663.21	167.8	3.9e-49	167.4	5e-49
AG-891-J18_4_124_112338_113573_R	TIGR02335	486.3	5.6e-146	486.1	6.2e-146
AG-891-J21_5_58_67943_69577_R	PF01663.21	167.9	3.6e-49	167.5	4.5e-49
AG-891-K05_1_165_158883_160127_R	TIGR02335	465.9	8.5e-140	465.8	9.6e-140
AG-891-K19_1_198_183321_184562_F	TIGR02335	468.8	1.1e-140	468.7	1.3e-140
AG-891-L08_3_48_41094_42329_F	TIGR02335	486.9	3.7e-146	486.7	4.2e-146
AG-891-L15_4_11_9841_11076_R	TIGR02335	485.9	7.2e-146	485.8	8.1e-146
AG-891-L23_80_2_682_1926_F	TIGR02335	513.7	2.6e-154	513.4	3.2e-154
AG-891-M22_10_23_26185_27813_F	PF01663.21	172.5	1.4e-50	172.1	1.9e-50
AG-891-N17_18_12_8054_9688_R	PF01663.21	167.0	6.6e-49	166.7	8.3e-49
AG-891-N23_1_29_25217_26458_F	TIGR02335	467.4	3e-140	467.3	3.3e-140
AG-891-O09_2_98_110916_112826_R	PF01663.21	171.6	2.7e-50	171.2	3.5e-50
AG-891-P06_9_27_23911_25152_F	TIGR02335	467.5	2.8e-140	467.4	3.1e-140
AG-891-P17_2_18_13644_14885_F	TIGR02335	464.8	1.9e-139	464.6	2.1e-139
AG-891-P20_8_25_21685_22710_F	PF01663.21	70.6	1.3e-19	67.1	1.5e-18
AG-892-A09_10_6_2384_3955_R	PF01663.21	128.3	3.9e-37	127.9	5.1e-37
AG-892-A09_1_114_102738_103991_F	PF01663.21	291.6	8.9e-87	291.3	1e-86
AG-892-A10_5_95_88327_89568_F	TIGR02335	469.1	9.5e-141	468.9	1.1e-140
AG-892-A18_8_6_6363_7607_R	TIGR02335	493.5	3.6e-148	493.3	4.1e-148
AG-892-B09_11_9_13711_15042_F	PF01663.21	46.9	2.2e-12	43.9	1.8e-11
AG-892-B10_4_7_4071_5159_F	PF01663.21	40.5	1.9e-10	39.6	3.5e-10
AG-892-C06_1_19_16625_17866_R	TIGR02335	466.5	5.9e-140	466.3	6.6e-140
AG-892-D04_6_11_9334_10569_F	TIGR02335	486.2	5.8e-146	486.1	6.6e-146
AG-892-D19_1_33_34478_35965_F	PF01663.21	67.4	1.2e-18	65.8	3.8e-18
AG-892-D19_57_5_3432_4556_F	TIGR02335	480.5	3.3e-144	480.2	4.1e-144
AG-892-D20_8_2_1219_2571_R	PF01663.21	185.6	1.5e-54	185.4	1.7e-54
AG-892-E06_1_53_61331_64081_F	PF01663.21	86.9	1.5e-24	84.0	1.1e-23
AG-892-E23_2_14_14326_15561_R	TIGR02335	486.2	5.8e-146	486.1	6.6e-146
AG-892-G06_12_8_6201_7445_R	TIGR02335	501.9	1e-150	501.6	1.2e-150
AG-892-I02_2_10_7238_8479_F	TIGR02335	468.1	1.8e-140	468.0	2e-140
AG-892-J10_20_6_3731_5353_R	PF01663.21	171.0	4.1e-50	170.6	5.1e-50
AG-892-J17_2_53_51229_52470_F	TIGR02335	470.1	4.5e-141	470.0	5e-141
AG-892-J22_3_38_37452_39044_F	PF01663.21	195.0	2e-57	194.5	2.8e-57
AG-892-M07_8_44_43000_44235_R	TIGR02335	485.9	7.2e-146	485.8	8.1e-146
AG-892-N14_2_36_23090_24724_F	PF01663.21	165.0	2.8e-48	164.6	3.5e-48
AG-892-O14_3_84_81926_83011_R	PF01663.21	30.2	2.5e-07	25.2	8.6e-06
AG-892-P11_1_40_40223_41857_R	PF01663.21	165.0	2.7e-48	164.7	3.4e-48
AG-893-A06_1_226_229233_230474_R	TIGR02335	467.5	2.8e-140	467.4	3.1e-140
AG-893-A14_3_22_17599_18843_R	TIGR02335	507.9	1.5e-152	507.6	1.9e-152
AG-893-A21_3_107_109183_110424_R	TIGR02335	469.5	7e-141	469.4	7.8e-141
AG-893-C04_4_15_12954_14195_R	TIGR02335	467.5	2.8e-140	467.4	3.1e-140
AG-893-C06_7_3_1685_3298_R	PF01663.21	121.3	5.1e-35	121.0	6.5e-35
AG-893-C13_1_527_503349_504653_F	PF01663.21	26.7	2.9e-06	25.2	8.3e-06
AG-893-E06_32_3_3616_5244_R	PF01663.21	186.7	6.8e-55	186.4	8.5e-55
AG-893-E11_1_309_298940_300181_R	TIGR02335	467.5	2.9e-140	467.3	3.3e-140
AG-893-E15_9_51_49301_50536_R	TIGR02335	485.1	1.2e-145	485.0	1.4e-145
AG-893-E16_2_6_5353_6588_R	TIGR02335	485.8	7.9e-146	485.6	8.8e-146
AG-893-F05_2_103_104271_105512_R	TIGR02335	468.1	1.8e-140	468.0	2e-140
AG-893-F23_3_95_77890_79419_F	PF01663.21	166.0	1.3e-48	165.7	1.6e-48
AG-893-G18_6_13_9871_10566_R	PF01663.21	57.0	1.8e-15	56.8	2.1e-15
AG-893-G20_5_54_52409_53650_F	TIGR02335	467.4	3.1e-140	467.2	3.5e-140
AG-893-G21_2_34_33340_34581_R	TIGR02335	482.6	7.4e-145	482.3	9.2e-145
AG-893-I03_3_76_76831_78072_R	TIGR02335	466.8	4.5e-140	466.7	5e-140
AG-893-J07_27_10_10616_11920_F	PF01663.21	226.8	4.4e-67	225.7	9.7e-67
AG-893-K02_6_39_33236_34477_F	TIGR02335	468.1	1.8e-140	468.0	2e-140
AG-893-M17_1_301_283994_285229_R	TIGR02335	485.3	1.1e-145	485.1	1.3e-145
AG-893-M20_10_36_32703_33944_R	TIGR02335	467.6	2.7e-140	467.4	3.1e-140
AG-893-N10_16_26_22544_23788_R	TIGR02335	453.1	6.8e-136	452.8	8.4e-136
AG-893-N14_9_23_26050_27285_R	TIGR02335	485.1	1.3e-145	485.0	1.4e-145
AG-893-O09_8_12_11129_12370_R	TIGR02335	466.9	4.4e-140	466.7	4.9e-140
AG-893-O11_12_16_13557_14798_R	TIGR02335	469.4	7.7e-141	469.2	8.7e-141
AG-893-O15_34_10_10029_11270_R	TIGR02335	519.9	3.5e-156	519.7	4e-156
AG-893-O15_42_11_7391_8866_R	PF01663.21	113.6	1.1e-32	113.1	1.6e-32
AG-893-O23_9_16_8653_9780_R	PF01663.21	84.0	1.1e-23	83.4	1.7e-23
AG-893-P13_3_50_49228_50355_R	PF01663.21	84.6	7.6e-24	83.9	1.2e-23
AG-893-P18_8_15_15175_16806_F	PF01663.21	170.4	6.1e-50	170.0	7.9e-50
AG-893-P20_18_11_10340_11170_F	PF01663.21	60.8	1.2e-16	60.6	1.5e-16
AG-893-P20_47_1_3_1181_F	PF01663.21	72.1	4.6e-20	71.8	5.9e-20
AG-893-P20_47_2_1178_3148_F	PF01663.21	94.4	8e-27	47.3	1.6e-12
AG-894-A18_27_11_8508_9839_F	PF01663.21	20.9	0.00017	20.5	0.00022
AG-894-A20_8_5_4039_5274_R	TIGR02335	485.3	1.1e-145	485.1	1.3e-145
AG-894-B05_4_83_82352_83593_R	TIGR02335	468.5	1.4e-140	468.4	1.6e-140
AG-894-B10_11_21_22193_23407_F	PF01663.21	194.9	2.2e-57	194.5	3e-57
AG-894-C03_2_138_147323_148951_R	PF01663.21	172.4	1.5e-50	172.1	1.9e-50
AG-894-C19_1_19_16541_17782_F	TIGR02335	467.5	2.8e-140	467.4	3.1e-140
AG-894-D03_1_99_100209_101450_R	TIGR02335	469.4	7.7e-141	469.2	8.6e-141
AG-894-D07_26_2_1571_2806_R	TIGR02335	486.2	5.8e-146	486.1	6.6e-146
AG-894-D14_20_2_1628_2869_R	TIGR02335	469.0	1e-140	468.8	1.1e-140
AG-894-D19_17_1_1_534_F	PF01663.21	30.1	2.8e-07	29.9	3.2e-07
AG-894-F10_48_2_289_1533_R	TIGR02335	520.5	2.3e-156	520.2	2.8e-156
AG-894-F19_5_12_9579_10823_F	TIGR02335	469.5	6.9e-141	469.4	7.8e-141
AG-894-G02_1_103_101951_103600_R	PF01663.21	179.8	8.6e-53	179.4	1.2e-52
AG-894-G10_3_13_17521_18690_R	PF01663.21	52.3	4.7e-14	46.6	2.6e-12
AG-894-G11_7_13_13485_14720_R	TIGR02335	486.2	5.8e-146	486.1	6.6e-146
AG-894-G21_7_17_22497_24128_F	PF01663.21	159.4	1.4e-46	158.9	2e-46
AG-894-K20_22_4_2752_3987_F	TIGR02335	485.4	1e-145	485.3	1.1e-145
AG-894-L05_2_117_110778_112022_R	TIGR02335	456.9	4.8e-137	456.6	6e-137
AG-894-L20_28_3_4794_6275_F	PF01663.21	169.0	1.6e-49	168.7	2e-49
AG-894-M06_2_35_29396_30637_F	TIGR02335	467.0	4.1e-140	466.8	4.6e-140
AG-894-N04_1_34_32971_34215_F	TIGR02335	547.5	1.5e-164	547.2	1.9e-164
AG-894-N04_2_11_9373_10836_R	PF01663.21	93.1	2e-26	92.2	3.5e-26
AG-894-N13_4_108_101384_102625_F	TIGR02335	468.7	1.2e-140	468.6	1.4e-140
AG-894-O02_1_137_129089_130324_R	TIGR02335	485.9	7.2e-146	485.8	8.1e-146
AG-894-O14_6_55_38552_40186_F	PF01663.21	165.0	2.8e-48	164.6	3.5e-48
AG-894-P02_1_64_66389_67630_F	TIGR02335	486.3	5.5e-146	486.1	6.2e-146
AG-894-P07_26_8_6155_7390_F	TIGR02335	486.2	5.8e-146	486.1	6.6e-146
AG-894-P19_15_19_17419_18660_R	TIGR02335	467.5	2.8e-140	467.4	3.1e-140
AG-894-P21_7_17_19204_20439_R	TIGR02335	485.3	1.1e-145	485.1	1.3e-145
AG-895-A09_2_94_91146_92381_R	TIGR02335	485.9	7.1e-146	485.8	8e-146
AG-895-A22_38_14_12697_13866_F	PF01663.21	52.3	4.7e-14	46.6	2.6e-12
AG-895-A23_16_6_3256_4503_R	TIGR02335	548.1	9.4e-165	547.8	1.1e-164
AG-895-A23_23_5_2524_3975_F	PF01663.21	88.1	6.4e-25	87.7	8.7e-25
AG-895-B10_57_9_5771_6949_F	PF01663.21	184.5	3.2e-54	184.3	3.6e-54
AG-895-C20_3_8_9552_11183_R	PF01663.21	170.1	7.4e-50	169.8	9.1e-50
AG-895-D04_1_147_135443_136684_F	TIGR02335	465.0	1.7e-139	464.8	1.9e-139
AG-895-D09_2_118_107226_108467_F	TIGR02335	468.7	1.2e-140	468.6	1.4e-140
AG-895-E07_1_449_426483_427718_R	TIGR02335	484.8	1.6e-145	484.6	1.8e-145
AG-895-F08_15_3_2329_3573_R	TIGR02335	522.4	6.3e-157	522.0	7.8e-157
AG-895-G20_4_7_7254_8885_R	PF01663.21	167.8	3.9e-49	167.4	5e-49
AG-895-I03_22_21_24261_25505_F	TIGR02335	503.9	2.5e-151	503.7	3e-151
AG-895-J14_22_5_3649_4890_F	TIGR02335	468.8	1.1e-140	468.7	1.3e-140
AG-895-J15_1_403_371442_372677_F	TIGR02335	485.5	9.5e-146	485.4	1.1e-145
AG-895-K17_5_32_29360_30601_R	TIGR02335	464.3	2.7e-139	464.1	3e-139
AG-895-K19_6_3_479_1723_F	TIGR02335	504.6	1.6e-151	504.3	1.9e-151
AG-895-L09_5_16_13568_14812_R	TIGR02335	493.5	3.6e-148	493.3	4.1e-148
AG-895-L13_6_62_55301_56386_R	PF01663.21	28.2	1e-06	23.5	2.8e-05
AG-895-N08_10_28_35754_36842_R	PF01663.21	53.7	1.8e-14	48.0	1e-12
AG-895-O08_3_44_42435_43676_R	TIGR02335	469.5	6.8e-141	469.4	7.6e-141
AG-895-O22_25_1_1_1281_R	PF01663.21	24.7	1.2e-05	23.8	2.2e-05
AG-896-A01_22_2_1373_2617_F	TIGR02335	487.9	1.8e-146	487.8	2e-146
AG-896-A09_6_8_5979_7310_F	PF01663.21	20.9	0.00017	20.5	0.00022
AG-896-B08_6_50_57765_59096_R	PF01663.21	20.9	0.00017	20.5	0.00022
AG-896-B08_7_26_41498_43090_F	PF01663.21	193.1	7.5e-57	192.7	1e-56
AG-896-B21_4_3_1526_2767_F	TIGR02335	466.7	5.1e-140	466.5	5.7e-140
AG-896-C22_1_21_24332_25567_R	TIGR02335	486.9	3.8e-146	486.7	4.2e-146
AG-896-D10_1_34_31400_32641_R	TIGR02335	464.5	2.3e-139	464.4	2.6e-139
AG-896-E07_9_7_8061_9230_F	PF01663.21	56.1	3.3e-15	49.2	4.2e-13
AG-896-E11_1_53_52917_54152_F	TIGR02335	485.3	1.1e-145	485.1	1.3e-145
AG-896-E19_19_6_6319_7950_R	PF01663.21	167.8	3.9e-49	167.4	5e-49
AG-896-G08_1_487_456667_457902_R	TIGR02335	486.2	5.8e-146	486.1	6.6e-146
AG-896-G16_1_71_64707_65948_F	TIGR02335	466.5	5.9e-140	466.3	6.6e-140
AG-896-G23_1_163_141241_142482_F	TIGR02335	470.1	4.5e-141	470.0	5e-141
AG-896-J03_48_1_3_977_R	PF01663.21	104.2	8.2e-30	100.6	1e-28
AG-896-J18_3_27_23825_25066_F	TIGR02335	467.0	4e-140	466.9	4.5e-140
AG-896-K02_3_29_32773_34404_R	PF01663.21	167.6	4.5e-49	167.2	5.8e-49
AG-896-K15_2_4_3067_4302_F	TIGR02335	485.9	7.2e-146	485.8	8.1e-146
AG-896-K22_7_25_18335_19420_F	PF01663.21	31.7	8.8e-08	26.8	2.8e-06
AG-896-L23_3_35_32682_33809_R	PF01663.21	83.9	1.2e-23	83.0	2.3e-23
AG-896-M13_17_8_5537_6778_F	TIGR02335	467.5	2.9e-140	467.3	3.3e-140
AG-896-M21_8_24_23873_25108_F	TIGR02335	486.2	5.8e-146	486.1	6.6e-146
AG-896-N14_4_8_9110_10441_R	PF01663.21	46.7	2.4e-12	43.2	2.8e-11
AG-896-P15_1_28_29162_30406_F	TIGR02335	491.5	1.5e-147	491.3	1.7e-147
AG-897-A22_30_1_1_1374_F	PF01663.21	110.3	1.1e-31	109.9	1.5e-31
AG-897-D06_4_52_46939_48024_R	PF01663.21	30.7	1.8e-07	25.9	5.3e-06
AG-897-D18_8_21_18809_20050_R	TIGR02335	466.5	5.9e-140	466.3	6.6e-140
AG-897-F06_1_12_10836_12071_F	TIGR02335	484.8	1.6e-145	484.6	1.8e-145
AG-897-G20_2_171_159938_161182_F	TIGR02335	493.5	3.6e-148	493.3	4.1e-148
AG-897-G22_10_48_44837_46468_R	PF01663.21	159.4	1.4e-46	158.9	2e-46
AG-897-I16_2_29_24792_26027_F	TIGR02335	486.2	5.8e-146	486.1	6.6e-146
AG-897-M10_4_21_22839_24236_F	PF01663.21	183.4	7e-54	183.1	8.2e-54
AG-897-N08_9_21_18760_18957_F	PF01663.21	21.7	9.8e-05	21.5	0.00011
AG-898-A06_8_12_9416_10657_F	TIGR02335	464.5	2.4e-139	464.3	2.7e-139
AG-898-A08_1_263_246925_248166_F	TIGR02335	468.7	1.2e-140	468.6	1.4e-140
AG-898-A10_1_43_38982_40223_R	TIGR02335	468.8	1.1e-140	468.6	1.3e-140
AG-898-A11_2_51_43000_44631_R	PF01663.21	170.6	5.4e-50	170.2	7.1e-50
AG-898-A14_1_34_29619_30860_F	TIGR02335	468.5	1.4e-140	468.3	1.6e-140
AG-898-A20_2_16_16160_17791_R	PF01663.21	170.6	5.4e-50	170.2	7.1e-50
AG-898-A23_19_6_5384_6625_R	TIGR02335	468.1	1.8e-140	468.0	2e-140
AG-898-B02_4_53_55216_56847_R	PF01663.21	169.9	8.8e-50	169.6	1.1e-49
AG-898-B19_7_1_1_480_R	PF01663.21	62.6	3.6e-17	62.3	4.3e-17
AG-898-C03_2_23_17321_18973_F	PF01663.21	166.1	1.3e-48	165.7	1.6e-48
AG-898-C08_29_2_265_1896_F	PF01663.21	170.4	6.1e-50	170.0	7.9e-50
AG-898-C16_1_195_217530_219149_R	PF01663.21	168.5	2.3e-49	168.2	2.9e-49
AG-898-D03_15_5_5960_7291_R	PF01663.21	20.9	0.00017	20.5	0.00022
AG-898-D22_6_17_14423_15517_R	TIGR02335	430.4	5.2e-129	430.3	5.7e-129
AG-898-E05_1_173_170771_172006_R	TIGR02335	485.7	8.5e-146	485.5	9.5e-146
AG-898-E07_8_1_2_1531_R	PF01663.21	169.0	1.6e-49	168.7	2e-49
AG-898-E11_1_1_2_340_R	PF01663.21	58.8	5.2e-16	58.7	5.6e-16
AG-898-E23_17_2_779_1864_R	PF01663.21	29.2	5.3e-07	24.0	1.9e-05
AG-898-F04_5_12_10649_11884_R	TIGR02335	486.2	5.8e-146	486.1	6.6e-146
AG-898-F09_47_3_3230_3667_F	PF01663.21	98.0	6.2e-28	97.8	7e-28
AG-898-I03_6_39_33031_34272_F	TIGR02335	468.1	1.9e-140	467.9	2.1e-140
AG-898-I19_2_73_74505_76136_R	PF01663.21	170.1	7.4e-50	169.8	9.1e-50
AG-898-J09_5_37_33151_34782_F	PF01663.21	168.8	1.9e-49	168.4	2.5e-49
AG-898-J17_11_32_30687_31931_R	TIGR02335	493.5	3.6e-148	493.3	4.1e-148
AG-898-K07_11_16_15541_17268_F	PF01663.21	147.9	4.3e-43	147.4	6.2e-43
AG-898-L13_1_247_243887_245128_R	TIGR02335	468.6	1.3e-140	468.4	1.5e-140
AG-898-L16_11_19_16641_17882_R	TIGR02335	465.4	1.2e-139	465.3	1.4e-139
AG-898-O17_13_16_12950_14191_R	TIGR02335	466.5	5.9e-140	466.3	6.6e-140
AG-898-O23_8_29_26777_27862_F	PF01663.21	29.7	3.6e-07	24.8	1.1e-05
AG-899-B04_1_57_60693_61928_F	TIGR02335	485.1	1.3e-145	485.0	1.4e-145
AG-899-B06_14_28_24085_25326_F	TIGR02335	466.2	7.2e-140	466.0	8.1e-140
AG-899-C09_1_139_131835_133070_R	TIGR02335	483.4	4.4e-145	483.2	4.9e-145
AG-899-C14_1_357_328434_329669_F	TIGR02335	485.5	9.7e-146	485.3	1.1e-145
AG-899-E02_16_3_2473_4092_F	PF01663.21	167.7	4e-49	167.4	4.9e-49
AG-899-E22_3_76_75394_76635_R	TIGR02335	465.8	9.7e-140	465.6	1.1e-139
AG-899-F17_38_1_2_709_F	PF01663.21	33.0	3.7e-08	32.8	4e-08
AG-899-G04_41_5_3706_4920_F	PF01663.21	200.4	4.8e-59	200.0	6e-59
AG-899-G09_1_6_8246_9610_R	PF01663.21	176.1	1.1e-51	175.8	1.3e-51
AG-899-G23_6_9_8197_9639_F	PF01663.21	93.0	2e-26	92.5	3e-26
AG-899-J19_17_2_1154_2395_R	TIGR02335	467.8	2.3e-140	467.7	2.5e-140
AG-899-K02_26_2_1154_2398_F	TIGR02335	493.5	3.6e-148	493.3	4.1e-148
AG-899-K04_3_58_55576_56817_F	TIGR02335	468.1	1.9e-140	467.9	2.1e-140
AG-899-L06_46_2_1019_2260_F	TIGR02335	466.5	5.8e-140	466.3	6.5e-140
AG-899-L14_2_12_9549_10637_F	PF01663.21	37.5	1.6e-09	35.8	5.2e-09
AG-899-M04_21_3_1325_2452_F	PF01663.21	82.0	4.4e-23	81.4	7e-23
AG-899-M17_1_114_108565_109806_F	TIGR02335	467.5	2.8e-140	467.4	3.2e-140
AG-899-M18_2_3_2012_3181_R	PF01663.21	55.0	7.1e-15	49.4	3.8e-13
AG-899-O08_16_4_2827_4089_F	TIGR02335	483.8	3.2e-145	483.6	3.6e-145
AG-899-P07_7_67_71082_72164_R	PF01663.21	207.0	4.6e-61	206.8	5.3e-61
AG-899-P13_5_20_19230_20858_R	PF01663.21	177.8	3.3e-52	177.5	4.3e-52
AG-899-P18_8_12_10515_12038_R	PF01663.21	23.9	2.2e-05	23.2	3.4e-05
AG-900-A02_26_2_1616_2857_R	TIGR02335	468.0	2.1e-140	467.8	2.3e-140
AG-900-C03_1_173_171865_173496_F	PF01663.21	169.9	8.8e-50	169.6	1.1e-49
AG-900-D06_2_13_12337_13968_R	PF01663.21	159.4	1.4e-46	158.9	2e-46
AG-900-E05_20_9_7433_8668_F	TIGR02335	485.9	7.2e-146	485.8	8.1e-146
AG-900-E09_5_25_26572_27816_R	TIGR02335	520.3	2.7e-156	520.0	3.4e-156
AG-900-E20_26_6_4315_4839_F	PF01663.21	92.5	3e-26	92.0	4.1e-26
AG-900-E20_26_7_4790_5626_F	PF01663.21	86.5	2e-24	85.9	2.9e-24
AG-900-F08_3_1_3_698_F	PF01663.21	45.8	4.6e-12	45.5	5.9e-12
AG-900-G06_1_126_118605_119840_R	TIGR02335	484.9	1.5e-145	484.8	1.6e-145
AG-900-G09_10_10_6711_7952_F	TIGR02335	468.1	1.8e-140	468.0	2e-140
AG-900-G19_2_58_67942_69594_R	PF01663.21	168.3	2.7e-49	168.0	3.4e-49
AG-900-I03_13_3_958_2256_R	PF01663.21	24.6	1.3e-05	23.1	3.8e-05
AG-900-I14_1_61_60682_61917_R	TIGR02335	486.2	5.8e-146	486.1	6.6e-146
AG-900-I18_7_11_9559_10794_R	TIGR02335	486.2	5.8e-146	486.1	6.6e-146
AG-900-I22_8_30_28265_29509_R	TIGR02335	493.5	3.6e-148	493.3	4.1e-148
AG-900-K16_11_14_10831_12465_R	PF01663.21	167.4	4.9e-49	167.1	6.1e-49
AG-900-K22_6_16_13623_14864_R	TIGR02335	468.1	1.8e-140	468.0	2e-140
AG-900-L16_15_2_295_1536_F	TIGR02335	465.1	1.5e-139	464.9	1.7e-139
AG-900-L18_6_26_30781_32112_R	PF01663.21	45.9	4.2e-12	42.9	3.4e-11
AG-900-M07_4_52_50165_51796_F	PF01663.21	170.3	6.3e-50	170.0	8.2e-50
AG-900-M16_7_16_17162_18397_R	TIGR02335	484.6	1.9e-145	484.4	2.1e-145
AG-900-M19_2_3_766_1851_F	PF01663.21	30.3	2.3e-07	25.2	8.2e-06
AG-900-N17_14_20_22506_23747_F	TIGR02335	482.7	6.9e-145	482.4	8.5e-145
AG-900-N18_4_9_5330_6982_F	PF01663.21	166.1	1.3e-48	165.7	1.6e-48
AG-900-O04_3_30_25685_26926_F	TIGR02335	469.6	6.6e-141	469.4	7.4e-141
AG-900-O09_1_8_7735_9087_R	PF01663.21	185.0	2.2e-54	184.8	2.5e-54
AG-900-P23_39_4_4137_5531_R	PF01663.21	167.2	5.9e-49	166.9	7e-49
AG-901-B02_1_171_166561_167796_F	TIGR02335	485.5	9.5e-146	485.4	1.1e-145
AG-901-C04_4_51_58657_60279_R	PF01663.21	175.7	1.5e-51	175.4	1.9e-51
AG-901-C14_5_21_16321_17409_R	PF01663.21	41.7	8.1e-11	40.4	2e-10
AG-901-D23_10_15_13983_15314_F	PF01663.21	20.9	0.00017	20.5	0.00022
AG-901-D23_2_90_91086_92678_F	PF01663.21	194.9	2.2e-57	194.4	3e-57
AG-901-E09_5_12_10050_11291_R	TIGR02335	468.9	1.1e-140	468.7	1.2e-140
AG-901-E22_4_25_27620_28855_R	TIGR02335	486.2	5.8e-146	486.1	6.6e-146
AG-901-E23_2_76_74098_75333_R	TIGR02335	485.3	1.1e-145	485.1	1.3e-145
AG-901-F09_2_140_143871_145463_F	PF01663.21	194.9	2.1e-57	194.5	3e-57
AG-901-G13_2_43_35749_36834_F	PF01663.21	30.3	2.3e-07	25.2	8.2e-06
AG-901-G21_14_7_6223_7515_R	PF01663.21	31.0	1.5e-07	30.2	2.5e-07
AG-901-J11_10_15_13069_14157_F	PF01663.21	56.7	2.3e-15	52.8	3.4e-14
AG-901-K21_1_8_6561_7802_R	TIGR02335	467.7	2.5e-140	467.5	2.8e-140
AG-901-L08_1_35_30268_31356_R	PF01663.21	38.8	6.1e-10	37.5	1.6e-09
AG-901-L14_3_10_5499_6587_F	PF01663.21	37.9	1.1e-09	36.3	3.5e-09
AG-901-M15_18_16_12378_13619_R	TIGR02335	473.9	3.2e-142	473.7	3.6e-142
AG-901-M19_6_2_167_1801_F	PF01663.21	165.1	2.4e-48	164.8	3.1e-48
AG-901-P01_7_14_13937_15184_F	TIGR02335	547.4	1.6e-164	547.2	1.8e-164
AG-901-P07_24_4_3694_5256_R	PF01663.21	176.2	1.1e-51	175.8	1.4e-51
AG-903-A20_9_27_24167_25408_R	TIGR02335	474.6	2e-142	474.4	2.3e-142
AG-903-A22_4_35_31916_33157_R	TIGR02335	466.5	5.9e-140	466.3	6.6e-140
AG-903-C06_3_1_1_1233_R	TIGR02335	465.8	9.1e-140	465.7	1e-139
AG-903-C17_11_5_3254_4342_F	PF01663.21	39.1	5e-10	38.1	1e-09
AG-903-D10_4_69_71803_73209_R	PF01663.21	126.2	1.6e-36	125.7	2.3e-36
AG-903-D11_2_52_45389_46477_R	PF01663.21	38.5	7.4e-10	37.1	2.1e-09
AG-903-D13_15_11_7290_8378_F	PF01663.21	38.8	6.4e-10	37.1	2e-09
AG-903-E04_10_4_3464_4705_R	TIGR02335	464.9	1.7e-139	464.8	1.9e-139
AG-903-E05_1_38_38028_39650_R	PF01663.21	175.9	1.3e-51	175.5	1.7e-51
AG-903-I02_1_97_71626_72708_F	PF01663.21	37.2	1.9e-09	34.6	1.2e-08
AG-903-K14_1_44_39416_41038_F	PF01663.21	167.2	5.9e-49	166.9	7.3e-49
AG-903-L04_10_2_955_2196_R	TIGR02335	468.7	1.2e-140	468.6	1.4e-140
AG-903-M07_12_13_10409_11494_F	PF01663.21	31.1	1.3e-07	26.4	3.7e-06
AG-903-N02_10_1_1_1533_R	PF01663.21	173.9	5.4e-51	173.6	6.6e-51
AG-903-N11_23_9_7238_8365_R	PF01663.21	83.9	1.2e-23	83.0	2.3e-23
AG-903-O20_3_61_57749_58990_R	TIGR02335	468.6	1.4e-140	468.4	1.5e-140
AG-904-A13_9_6_3505_5034_R	PF01663.21	165.6	1.8e-48	165.3	2.2e-48
AG-904-A15_30_7_3693_4928_F	TIGR02335	486.2	5.8e-146	486.1	6.6e-146
AG-904-C13_18_12_8726_9967_F	TIGR02335	467.1	3.7e-140	467.0	4.1e-140
AG-904-D02_2_2_1116_2357_R	TIGR02335	468.1	1.8e-140	468.0	2e-140
AG-904-D05_13_20_17738_18979_R	TIGR02335	467.7	2.5e-140	467.5	2.8e-140
AG-904-D14_20_3_1989_3230_R	TIGR02335	468.6	1.4e-140	468.4	1.5e-140
AG-904-E23_43_1_2_1117_R	PF01663.21	165.6	1.8e-48	165.4	2.1e-48
AG-904-F07_2_40_42823_44067_F	TIGR02335	493.5	3.6e-148	493.3	4.1e-148
AG-904-G04_18_8_6348_7583_R	TIGR02335	485.9	7.3e-146	485.8	8.2e-146
AG-904-G15_30_7_3857_5491_F	PF01663.21	167.4	4.9e-49	167.1	6.1e-49
AG-904-I10_6_11_10639_11874_F	TIGR02335	485.5	9.5e-146	485.4	1.1e-145
AG-904-J11_8_3_2835_4070_R	TIGR02335	485.3	1.1e-145	485.1	1.3e-145
AG-904-J19_4_25_27923_29158_R	TIGR02335	484.1	2.5e-145	484.0	2.8e-145
AG-904-M07_4_106_92438_94069_F	PF01663.21	170.1	7.4e-50	169.8	9.1e-50
AG-904-N04_15_15_11560_12687_R	PF01663.21	80.4	1.4e-22	79.6	2.4e-22
AG-904-N15_3_49_48736_49971_F	TIGR02335	486.2	5.8e-146	486.1	6.6e-146
AG-904-O05_7_43_42575_43819_R	TIGR02335	493.5	3.6e-148	493.3	4.1e-148
AG-904-O16_4_1_1_774_R	PF01663.21	86.0	2.8e-24	84.2	1e-23
AG-904-P17_1_58_67944_69578_R	PF01663.21	167.9	3.6e-49	167.5	4.5e-49
AG-904-P22_3_3_3852_5483_R	PF01663.21	168.8	1.9e-49	168.4	2.5e-49
AG-905-B08_1_6_3124_4212_F	PF01663.21	39.1	5e-10	38.1	1e-09
AG-905-B15_10_7_7078_8709_R	PF01663.21	170.6	5.4e-50	170.2	7.1e-50
AG-905-B23_2_27_23886_24851_F	PF01663.21	104.4	7.3e-30	100.8	9e-29
AG-905-C19_47_1_1_1107_F	TIGR02335	421.5	2.7e-126	421.2	3.3e-126
AG-905-D21_9_10_6298_7383_F	PF01663.21	31.7	9.2e-08	26.6	3.2e-06
AG-905-F03_9_17_14851_16092_F	TIGR02335	466.5	5.9e-140	466.3	6.6e-140
AG-905-F03_9_2_1094_2335_R	TIGR02335	466.5	5.9e-140	466.3	6.6e-140
AG-905-G20_10_21_18135_19376_R	TIGR02335	485.6	8.9e-146	485.3	1.1e-145
AG-905-G23_21_16_13551_14792_F	TIGR02335	473.9	3.2e-142	473.7	3.6e-142
AG-905-I03_14_10_8679_10307_F	PF01663.21	185.4	1.7e-54	185.1	2.1e-54
AG-905-L21_14_22_19611_20852_F	TIGR02335	468.7	1.2e-140	468.6	1.4e-140
AG-905-M09_7_12_12598_14229_R	PF01663.21	169.8	9.5e-50	169.4	1.2e-49
AG-905-O21_13_8_7333_8574_R	TIGR02335	467.4	3e-140	467.3	3.3e-140
AG-905-P13_8_7_3869_4951_F	PF01663.21	34.9	9.2e-09	31.5	1e-07
AG-907-C03_1_313_291739_292974_F	TIGR02335	485.1	1.3e-145	484.9	1.5e-145
AG-907-C18_6_15_12200_13441_F	TIGR02335	469.2	9e-141	469.0	1e-140
AG-907-D05_12_20_16867_18111_F	TIGR02335	468.1	1.9e-140	467.9	2.1e-140
AG-907-D19_8_11_12768_14417_F	PF01663.21	179.8	8.6e-53	179.4	1.2e-52
AG-907-D22_1_131_120494_121735_F	TIGR02335	469.0	1e-140	468.8	1.1e-140
AG-907-F03_10_1_3_1079_F	TIGR02335	430.1	6.6e-129	429.9	7.3e-129
AG-907-F07_16_5_8131_9066_R	PF01663.21	184.7	2.7e-54	184.5	3.2e-54
AG-907-G13_8_14_11594_12829_F	TIGR02335	486.2	5.8e-146	486.1	6.6e-146
AG-907-I16_6_50_47320_48951_R	PF01663.21	161.0	4.4e-47	160.4	6.7e-47
AG-907-I16_6_5_2784_4076_R	PF01663.21	26.4	3.7e-06	23.7	2.4e-05
AG-907-I21_9_13_10947_12029_F	PF01663.21	36.5	3.1e-09	33.9	2e-08
AG-907-J17_4_61_58337_59578_R	TIGR02335	465.3	1.3e-139	465.2	1.5e-139
AG-907-K02_55_1_2_1177_F	PF01663.21	55.0	7.3e-15	49.4	3.8e-13
AG-907-K08_12_6_3527_4615_F	PF01663.21	39.1	5e-10	38.1	1e-09
AG-907-L05_25_4_3089_4324_R	TIGR02335	486.2	5.8e-146	486.1	6.6e-146
AG-907-O13_105_1_3_182_R	PF01663.21	37.0	2.1e-09	36.8	2.4e-09
AG-908-A02_2_53_58994_60523_R	PF01663.21	165.6	1.8e-48	165.3	2.2e-48
AG-908-B02_44_9_4858_5064_F	PF01663.21	22.3	6.3e-05	22.2	7e-05
AG-908-B02_66_1_1_834_F	PF01663.21	51.3	9.6e-14	51.1	1.2e-13
AG-908-B08_29_6_5712_7064_R	PF01663.21	184.7	2.8e-54	184.5	3.2e-54
AG-908-B16_36_8_6334_7614_R	PF01663.21	248.9	8.1e-74	248.6	1.1e-73
AG-908-B17_17_1_3_968_F	PF01663.21	50.7	1.5e-13	50.4	1.9e-13
AG-908-C07_5_1_1_465_R	PF01663.21	62.1	5e-17	61.9	5.8e-17
AG-908-E09_4_54_49006_50091_R	PF01663.21	30.3	2.3e-07	25.2	8.2e-06
AG-908-E13_48_1_51_1292_F	TIGR02335	466.6	5.5e-140	466.4	6.2e-140
AG-908-E14_12_6_5633_7378_R	PF01663.21	183.9	4.6e-54	183.6	6.1e-54
AG-908-F06_4_20_22678_23913_R	TIGR02335	486.2	5.8e-146	486.1	6.6e-146
AG-908-F16_7_8_8060_9298_R	PF01663.21	235.9	7.3e-70	235.4	1.1e-69
AG-908-G17_8_32_32169_33404_F	TIGR02335	483.8	3.2e-145	483.7	3.6e-145
AG-908-J02_2_17_14544_15785_F	TIGR02335	470.5	3.4e-141	470.4	3.8e-141
AG-908-K19_1_34_31503_32588_F	PF01663.21	30.3	2.3e-07	25.2	8.2e-06
AG-908-L06_9_30_28551_29849_R	PF01663.21	225.4	1.2e-66	224.9	1.7e-66
AG-908-L11_12_18_20594_21808_F	PF01663.21	202.1	1.4e-59	201.8	1.7e-59
AG-908-M03_6_21_19982_21610_R	PF01663.21	177.7	3.6e-52	177.3	4.7e-52
AG-908-O17_21_16_10323_11204_R	PF01663.21	27.2	2e-06	22.3	6.2e-05
AG-908-P09_1_80_95246_96643_F	PF01663.21	164.3	4.5e-48	164.0	5.2e-48
AG-908-P11_8_15_11673_12914_F	TIGR02335	465.1	1.5e-139	465.0	1.7e-139
AG-908-P16_41_3_3628_4638_F	PF01663.21	48.0	9.8e-13	44.3	1.3e-11
AG-908-P18_22_6_3256_4884_F	PF01663.21	167.5	4.7e-49	167.1	6e-49
AG-909-A01_11_13_11092_12177_F	PF01663.21	29.1	5.5e-07	24.2	1.7e-05
AG-909-A11_8_14_12724_13959_F	TIGR02335	486.9	3.8e-146	486.7	4.2e-146
AG-909-B05_19_2_1370_2464_F	TIGR02335	431.3	2.8e-129	431.0	3.4e-129
AG-909-B06_1_82_81683_82924_R	TIGR02335	468.7	1.2e-140	468.6	1.4e-140
AG-909-B19_6_13_13585_15216_R	PF01663.21	169.8	9.5e-50	169.4	1.2e-49
AG-909-F11_3_28_37891_38925_R	PF01663.21	93.0	2.1e-26	92.8	2.4e-26
AG-909-F11_3_29_38865_39290_R	PF01663.21	58.8	5.1e-16	58.8	5.2e-16
AG-909-G04_30_1_1_1179_R	TIGR02335	478.0	1.8e-143	477.9	2e-143
AG-909-J13_2_72_72907_74148_R	TIGR02335	466.7	5.1e-140	466.5	5.7e-140
AG-909-J20_17_9_4907_6148_R	TIGR02335	466.5	5.8e-140	466.3	6.4e-140
AG-909-K15_11_1_3_857_F	PF01663.21	77.9	8.2e-22	77.5	1.1e-21
AG-909-K20_6_6_5496_6731_R	TIGR02335	485.4	1e-145	485.3	1.1e-145
AG-909-L03_9_18_12691_13776_R	PF01663.21	30.3	2.3e-07	25.2	8.2e-06
AG-909-L08_37_4_2776_3984_R	PF01663.21	236.7	4.3e-70	236.1	6.3e-70
AG-909-N09_3_18_14310_15392_F	PF01663.21	36.5	3.1e-09	33.9	2e-08
AG-909-N14_14_15_13695_14783_F	PF01663.21	56.0	3.6e-15	52.2	5.4e-14
AG-909-O03_4_28_28651_29889_F	PF01663.21	235.9	7.3e-70	235.4	1.1e-69
AG-909-O05_5_48_55660_56871_R	PF01663.21	200.5	4.3e-59	200.2	5.2e-59
AG-909-O09_3_34_30678_31919_R	TIGR02335	474.6	2e-142	474.4	2.3e-142
AG-909-O11_23_2_1200_2444_R	TIGR02335	472.6	7.9e-142	472.5	8.9e-142
AG-910-B21_2_222_255237_256481_R	TIGR02335	453.1	6.6e-136	452.8	8.2e-136
AG-910-B22_6_27_27109_28344_F	TIGR02335	486.3	5.6e-146	486.1	6.2e-146
AG-910-E19_20_17_19132_20775_R	PF01663.21	175.5	1.7e-51	175.1	2.3e-51
AG-910-E23_1_89_90221_91465_R	TIGR02335	465.2	1.4e-139	465.0	1.6e-139
AG-910-G06_2_58_53281_54516_F	TIGR02335	485.3	1.1e-145	485.2	1.2e-145
AG-910-G09_2_125_116044_117279_R	TIGR02335	486.2	5.8e-146	486.1	6.6e-146
AG-910-G23_4_8_6824_8059_R	TIGR02335	485.9	7.4e-146	485.7	8.3e-146
AG-910-I07_2_60_69321_70940_R	PF01663.21	169.4	1.2e-49	169.1	1.5e-49
AG-910-I11_1_9_6097_7341_F	TIGR02335	469.5	6.9e-141	469.4	7.8e-141
AG-910-I15_5_30_32790_33863_F	PF01663.21	54.9	7.7e-15	48.4	7.5e-13
AG-910-J16_2_47_38376_39611_F	TIGR02335	486.2	5.8e-146	486.1	6.6e-146
AG-910-K03_1_46_42152_43393_R	TIGR02335	467.4	3e-140	467.3	3.3e-140
AG-910-K06_2_2_931_2172_R	TIGR02335	466.6	5.3e-140	466.5	5.9e-140
AG-910-K17_1_13_11593_12828_F	TIGR02335	485.5	9.5e-146	485.4	1.1e-145
AG-910-M10_1_179_176023_177111_R	PF01663.21	39.3	4.5e-10	38.2	9.3e-10
AG-910-N17_7_4_1851_2600_F	PF01663.21	92.6	2.8e-26	88.9	3.6e-25
AG-910-O13_9_7_5498_6733_F	TIGR02335	485.1	1.2e-145	485.0	1.4e-145
AG-911-A07_1_122_120775_122010_F	TIGR02335	486.2	5.8e-146	486.1	6.6e-146
AG-911-C02_2_69_63765_65006_F	TIGR02335	466.5	5.9e-140	466.3	6.6e-140
AG-911-C08_4_43_51654_52895_R	TIGR02335	481.6	1.5e-144	481.3	1.8e-144
AG-911-D11_1_235_227229_228314_R	PF01663.21	30.3	2.3e-07	25.2	8.2e-06
AG-911-E03_19_13_9848_11092_F	TIGR02335	466.2	7e-140	466.1	7.8e-140
AG-911-F16_1_3_2036_3280_R	TIGR02335	453.1	6.8e-136	452.8	8.4e-136
AG-911-G22_8_78_69339_70988_R	PF01663.21	184.0	4.5e-54	183.6	5.9e-54
AG-911-I14_31_1_1_1236_F	TIGR02335	456.9	4.7e-137	456.6	5.8e-137
AG-911-J02_5_46_43180_44421_F	TIGR02335	469.4	7.4e-141	469.3	8.3e-141
AG-911-J14_3_17_13721_14806_F	PF01663.21	30.5	2.1e-07	25.4	7.6e-06
AG-911-K21_1_269_244232_245317_F	PF01663.21	30.3	2.3e-07	25.2	8.2e-06
AG-911-L07_8_11_7268_8356_F	PF01663.21	39.1	5e-10	38.1	1e-09
AG-911-L10_7_52_55050_56285_F	TIGR02335	486.2	5.8e-146	486.1	6.6e-146
AG-911-M23_1_207_183500_184588_F	PF01663.21	40.9	1.4e-10	40.0	2.6e-10
AG-911-N11_4_50_49803_51047_R	TIGR02335	493.5	3.6e-148	493.3	4.1e-148
AG-911-P08_1_16_14554_15795_R	TIGR02335	487.4	2.7e-146	487.1	3.3e-146
AG-912-A07_1_41_44491_45735_F	TIGR02335	488.7	1e-146	488.6	1.2e-146
AG-912-B13_5_49_41842_42927_R	PF01663.21	30.2	2.6e-07	25.1	9e-06
AG-912-B16_41_2_1526_2614_F	PF01663.21	55.1	6.8e-15	49.1	4.6e-13
AG-912-B20_8_5_2423_4042_F	PF01663.21	165.0	2.7e-48	164.7	3.4e-48
AG-912-B21_11_49_45985_47226_F	TIGR02335	467.5	2.8e-140	467.4	3.1e-140
AG-912-C09_1_101_101291_102913_F	PF01663.21	173.8	5.5e-51	173.5	6.9e-51
AG-912-C15_1_274_253344_254579_F	TIGR02335	486.3	5.6e-146	486.1	6.2e-146
AG-912-C22_5_111_114322_115404_R	PF01663.21	207.5	3.2e-61	207.3	3.7e-61
AG-912-D06_5_67_61121_62209_R	PF01663.21	39.8	3.1e-10	38.9	5.7e-10
AG-912-D14_4_46_35837_37456_F	PF01663.21	169.9	8.7e-50	169.6	1.1e-49
AG-912-E06_1_238_241374_242615_R	TIGR02335	481.1	2.2e-144	480.8	2.7e-144
AG-912-F03_1_123_114463_115704_F	TIGR02335	468.1	1.9e-140	467.9	2.1e-140
AG-912-G21_12_1_2_580_F	PF01663.21	22.6	5.3e-05	22.2	6.7e-05
AG-912-G21_6_1_1_573_R	PF01663.21	98.1	6e-28	98.0	6.4e-28
AG-912-I13_2_19_13695_14780_R	PF01663.21	30.5	2.1e-07	25.4	7.6e-06
AG-912-I20_1_120_117983_119614_R	PF01663.21	169.8	9.5e-50	169.4	1.2e-49
AG-912-J04_5_65_56984_58219_F	TIGR02335	485.7	8.5e-146	485.5	9.5e-146
AG-912-J07_3_55_53131_54366_R	TIGR02335	485.1	1.2e-145	485.0	1.4e-145
AG-912-J21_1_69_58523_59758_F	TIGR02335	484.9	1.4e-145	484.8	1.6e-145
AG-912-K02_1_29_32881_34512_R	PF01663.21	166.9	7.2e-49	166.5	9.4e-49
AG-912-N03_5_60_57054_58289_R	TIGR02335	484.6	1.9e-145	484.4	2.1e-145
AG-912-N10_4_85_84536_85777_R	TIGR02335	468.8	1.1e-140	468.6	1.3e-140
AG-912-N19_4_65_56828_58459_R	PF01663.21	166.9	7.2e-49	166.5	9.4e-49
AG-912-N21_8_17_11178_12263_R	PF01663.21	30.3	2.4e-07	25.2	8.2e-06
AG-912-N22_4_8_4300_5427_F	PF01663.21	84.6	7.5e-24	83.9	1.2e-23
AG-912-O03_12_17_13555_14640_F	PF01663.21	30.3	2.3e-07	25.2	8.2e-06
AG-912-P15_1_100_98286_99371_R	PF01663.21	30.3	2.3e-07	25.2	8.2e-06
AG-913-A03_1_43_40839_42080_R	TIGR02335	469.5	7.1e-141	469.3	7.9e-141
AG-913-B05_1_446_436525_437766_F	TIGR02335	466.8	4.6e-140	466.7	5.1e-140
AG-913-B15_7_43_47868_49502_R	PF01663.21	166.0	1.4e-48	165.6	1.7e-48
AG-913-D22_6_4_3102_4454_F	PF01663.21	185.6	1.5e-54	185.4	1.7e-54
AG-913-E17_12_21_17664_19268_R	PF01663.21	188.1	2.6e-55	187.7	3.4e-55
AG-913-E23_8_39_34746_36377_F	PF01663.21	166.9	7.2e-49	166.5	9.4e-49
AG-913-F06_1_152_142972_144213_F	TIGR02335	465.4	1.2e-139	465.2	1.4e-139
AG-913-F10_3_119_93359_94444_F	PF01663.21	29.6	3.9e-07	24.4	1.5e-05
AG-913-G08_2_112_110383_111468_R	PF01663.21	30.3	2.3e-07	25.2	8.2e-06
AG-913-G17_1_196_177880_178965_F	PF01663.21	31.6	9.3e-08	26.6	3.2e-06
AG-913-I23_19_5_5851_7182_R	PF01663.21	20.9	0.00017	20.5	0.00022
AG-913-I23_3_86_88130_89722_F	PF01663.21	194.9	2.2e-57	194.4	3e-57
AG-913-J04_1_114_118578_119951_F	PF01663.21	191.9	1.8e-56	191.6	2.2e-56
AG-913-K07_1_413_387606_388694_R	PF01663.21	38.8	6.4e-10	37.1	2e-09
AG-913-K11_25_6_5519_7150_R	PF01663.21	166.9	7.1e-49	166.6	8.9e-49
AG-913-L10_73_3_1845_2060_F	PF01663.21	28.2	1.1e-06	28.0	1.2e-06
AG-913-L11_3_100_98292_99377_R	PF01663.21	30.3	2.3e-07	25.2	8.2e-06
AG-913-L16_61_2_523_1710_R	PF01663.21	196.8	5.9e-58	196.4	7.8e-58
AG-913-L16_9_16_17767_18756_F	PF01663.21	61.2	9.7e-17	56.1	3.4e-15
AG-913-L23_4_16_13647_14888_R	TIGR02335	468.9	1.1e-140	468.7	1.2e-140
AG-913-M07_1_2_835_2109_R	PF01663.21	29.2	5e-07	28.7	7.4e-07
AG-913-M07_2_16_14698_15939_R	TIGR02335	468.1	1.8e-140	468.0	2e-140
AG-913-N04_16_24_22961_24493_R	PF01663.21	174.1	4.6e-51	173.8	5.5e-51
AG-913-O13_16_10_6763_8415_R	PF01663.21	165.7	1.7e-48	165.3	2.1e-48
AG-913-O22_3_127_98999_100087_F	PF01663.21	39.1	5e-10	38.1	1e-09
AG-913-P14_10_26_25902_26984_F	PF01663.21	202.1	1.4e-59	201.9	1.6e-59
AG-914-A04_7_12_9499_10587_F	PF01663.21	40.9	1.5e-10	39.7	3.2e-10
AG-914-B06_13_15_9546_10631_R	PF01663.21	30.3	2.3e-07	25.2	8.2e-06
AG-914-C07_4_12_10860_12095_R	TIGR02335	486.3	5.6e-146	486.1	6.2e-146
AG-914-C16_19_12_11594_13081_F	PF01663.21	74.9	6.6e-21	73.7	1.5e-20
AG-914-C16_32_10_11528_12766_R	TIGR02335	525.4	7.7e-158	525.2	8.9e-158
AG-914-D07_3_16_15741_16976_R	TIGR02335	486.0	7e-146	485.8	7.9e-146
AG-914-F14_4_177_170300_171544_R	TIGR02335	469.5	6.9e-141	469.4	7.8e-141
AG-914-I22_2_47_42310_43551_R	TIGR02335	468.1	1.8e-140	468.0	2e-140
AG-914-J16_14_10_10153_11763_F	PF01663.21	155.5	2e-45	155.1	2.7e-45
AG-914-K13_18_8_6548_7783_F	TIGR02335	485.5	9.5e-146	485.4	1.1e-145
AG-914-K21_2_48_40893_41978_R	PF01663.21	28.4	9.1e-07	23.6	2.5e-05
AG-914-L14_9_27_26296_27531_F	TIGR02335	486.2	5.8e-146	486.1	6.6e-146
AG-914-L21_2_54_50435_51520_R	PF01663.21	30.3	2.3e-07	25.2	8.2e-06
AG-914-M05_5_33_35487_36779_R	PF01663.21	26.4	3.7e-06	23.7	2.4e-05
AG-914-N08_6_10_8961_10202_R	TIGR02335	468.5	1.4e-140	468.4	1.6e-140
AG-914-O11_2_21_17258_18862_R	PF01663.21	189.7	8.4e-56	189.3	1.1e-55
AG-914-O14_2_104_105588_106829_R	TIGR02335	465.1	1.5e-139	465.0	1.7e-139
AG-914-O23_39_14_11898_13340_F	PF01663.21	92.3	3.4e-26	91.5	5.8e-26
AG-914-O23_6_8_5780_7024_R	TIGR02335	497.3	2.6e-149	497.1	3e-149
AG-914-P04_2_43_39015_40256_R	TIGR02335	466.4	6.2e-140	466.2	7e-140
AG-914-P20_7_37_38113_39348_F	TIGR02335	484.9	1.5e-145	484.7	1.7e-145
AG-915-A23_5_36_32513_33601_F	PF01663.21	40.5	1.9e-10	39.6	3.5e-10
AG-915-B03_5_13_12654_13958_F	PF01663.21	223.3	5.2e-66	222.1	1.1e-65
AG-915-C17_4_54_50017_51102_R	PF01663.21	29.0	5.9e-07	24.1	1.8e-05
AG-915-C22_14_42_26240_27859_F	PF01663.21	167.5	4.7e-49	167.2	5.9e-49
AG-915-E03_1_88_87009_88097_F	PF01663.21	56.7	2.3e-15	52.8	3.4e-14
AG-915-E18_11_4_1190_2275_F	PF01663.21	29.4	4.4e-07	24.2	1.7e-05
AG-915-F11_1_115_88331_89416_F	PF01663.21	30.3	2.3e-07	25.2	8.2e-06
AG-915-G17_1_242_223392_224627_R	TIGR02335	483.4	4.1e-145	483.3	4.6e-145
AG-915-I06_3_117_112750_113919_F	PF01663.21	52.3	4.7e-14	46.6	2.6e-12
AG-915-I10_3_20_19008_20243_F	TIGR02335	484.3	2.2e-145	484.1	2.5e-145
AG-915-I21_7_6_5242_6483_R	TIGR02335	468.7	1.2e-140	468.6	1.4e-140
AG-915-I22_23_18_22729_23802_R	PF01663.21	54.8	8.6e-15	49.8	2.7e-13
AG-915-J13_1_7_4724_6355_F	PF01663.21	170.3	6.3e-50	170.0	8.2e-50
AG-915-J19_1_34_27867_28949_R	PF01663.21	38.1	9.9e-10	35.2	7.5e-09
AG-915-J22_1_24_18646_19731_R	PF01663.21	28.1	1.1e-06	23.4	3e-05
AG-915-K05_1_250_240818_241900_R	PF01663.21	37.6	1.5e-09	34.6	1.1e-08
AG-915-K06_21_12_9886_11013_R	PF01663.21	80.4	1.4e-22	79.6	2.4e-22
AG-915-K07_19_6_7351_8274_R	PF01663.21	31.0	1.4e-07	30.6	1.9e-07
AG-915-L14_2_53_55054_56289_F	TIGR02335	486.2	5.8e-146	486.1	6.6e-146
AG-915-N07_1_189_177495_178736_F	TIGR02335	466.1	7.5e-140	466.0	8.4e-140
AG-915-O03_2_142_138499_139734_F	TIGR02335	485.5	9.7e-146	485.3	1.1e-145
AG-915-O06_9_23_20067_21308_R	TIGR02335	466.5	5.9e-140	466.3	6.6e-140
AG-915-O11_5_2_248_1651_R	PF01663.21	105.2	4e-30	104.8	5.5e-30
AG-915-O17_1_6_5794_7035_R	TIGR02335	467.0	4e-140	466.9	4.5e-140
AG-915-P09_8_7_6388_7629_R	TIGR02335	467.5	2.8e-140	467.4	3.1e-140
AG-915-P17_5_30_37237_38643_R	PF01663.21	162.7	1.3e-47	162.5	1.5e-47
AG-916-A09_1_88_91947_93575_R	PF01663.21	176.5	8.5e-52	176.1	1.1e-51
AG-916-A17_14_12_10142_11383_R	TIGR02335	466.4	6.2e-140	466.2	7e-140
AG-916-C17_6_3_1577_3208_R	PF01663.21	167.6	4.5e-49	167.2	5.8e-49
AG-916-D09_1_204_198429_199514_R	PF01663.21	31.7	9.2e-08	26.6	3.2e-06
AG-916-D18_1_197_174808_175896_F	PF01663.21	38.8	6.1e-10	37.5	1.6e-09
AG-916-F08_53_3_3703_4728_F	PF01663.21	65.7	4.1e-18	64.0	1.4e-17
AG-916-F16_1_255_236297_237916_F	PF01663.21	169.9	8.7e-50	169.6	1.1e-49
AG-916-F21_32_4_3285_4895_R	PF01663.21	59.7	2.7e-16	33.4	2.8e-08
AG-916-G02_4_20_15766_16854_F	PF01663.21	41.5	9.4e-11	40.6	1.7e-10
AG-916-G07_2_87_78286_79527_F	TIGR02335	467.3	3.3e-140	467.1	3.7e-140
AG-916-I18_4_94_93575_94660_R	PF01663.21	31.7	9.2e-08	26.6	3.2e-06
AG-916-I19_2_242_224256_225497_F	TIGR02335	465.1	1.5e-139	465.0	1.7e-139
AG-916-J22_6_79_66907_68538_F	PF01663.21	169.9	8.8e-50	169.6	1.1e-49
AG-916-K03_1_129_123159_124394_R	TIGR02335	484.9	1.5e-145	484.8	1.6e-145
AG-916-K15_6_25_21650_22891_R	TIGR02335	467.5	2.8e-140	467.4	3.1e-140
AG-916-L08_7_18_22840_23979_R	PF01663.21	54.0	1.5e-14	48.2	8.5e-13
AG-916-M22_1_22_28250_29800_R	PF01663.21	164.5	3.9e-48	163.9	5.6e-48
AG-916-N11_17_7_4543_5778_F	TIGR02335	485.9	7.3e-146	485.8	8.2e-146
AG-916-N15_1_33_30728_31963_F	TIGR02335	485.5	9.5e-146	485.4	1.1e-145
AG-916-N16_6_27_21884_22969_F	PF01663.21	30.3	2.3e-07	25.2	8.2e-06
AG-916-O18_5_22_19150_20391_R	TIGR02335	468.1	1.9e-140	467.9	2.2e-140
AG-916-P02_33_1_2_868_F	PF01663.21	86.5	2e-24	86.2	2.4e-24
AG-916-P14_2_51_58996_60648_R	PF01663.21	166.1	1.3e-48	165.7	1.6e-48
AG-917-A11_3_70_63235_64320_R	PF01663.21	30.3	2.3e-07	25.2	8.2e-06
AG-917-A22_22_2_1134_2369_R	TIGR02335	483.4	4.1e-145	483.3	4.6e-145
AG-917-C07_9_12_8951_10192_F	TIGR02335	467.6	2.6e-140	467.5	2.9e-140
AG-917-D08_7_33_34176_35420_F	TIGR02335	491.0	2.1e-147	490.8	2.4e-147
AG-917-D19_20_7_5207_6442_F	TIGR02335	485.0	1.4e-145	484.8	1.6e-145
AG-917-E19_3_73_72322_73566_F	TIGR02335	501.6	1.2e-150	501.4	1.5e-150
AG-917-G13_2_11_9094_10329_R	TIGR02335	485.5	9.5e-146	485.4	1.1e-145
AG-917-G14_37_3_2141_3382_F	TIGR02335	469.8	5.8e-141	469.6	6.4e-141
AG-917-I03_7_12_9691_10773_F	PF01663.21	36.5	3.1e-09	33.9	2e-08
AG-917-I08_1_156_146799_148034_R	TIGR02335	486.2	5.8e-146	486.1	6.6e-146
AG-917-J15_11_11_9628_11259_R	PF01663.21	159.6	1.2e-46	159.1	1.7e-46
AG-917-K13_17_1_2_1429_F	PF01663.21	145.3	2.6e-42	144.9	3.6e-42
AG-917-L07_2_158_133020_134108_F	PF01663.21	39.1	5e-10	38.1	1e-09
AG-917-M08_1_373_348355_349590_F	TIGR02335	486.2	5.8e-146	486.1	6.6e-146
AG-917-M13_2_68_48830_49915_F	PF01663.21	30.0	2.8e-07	24.9	1.1e-05
AG-917-M17_1_32_32376_33611_F	TIGR02335	486.2	5.8e-146	486.1	6.6e-146
AG-917-N11_19_2_1274_2509_F	TIGR02335	486.0	6.9e-146	485.8	7.7e-146
AG-917-N20_9_37_35584_36819_R	TIGR02335	486.2	5.8e-146	486.1	6.6e-146
AG-917-O09_7_10_6208_7296_F	PF01663.21	40.0	2.6e-10	38.5	7.7e-10
AG-918-B03_11_31_28097_29338_R	TIGR02335	466.5	5.8e-140	466.3	6.5e-140
AG-918-B15_2_57_52558_53646_R	PF01663.21	37.9	1.1e-09	36.8	2.5e-09
AG-918-B21_2_11_7151_8236_F	PF01663.21	29.8	3.5e-07	24.2	1.6e-05
AG-918-C03_2_31_34066_35055_F	PF01663.21	62.6	3.6e-17	57.5	1.3e-15
AG-918-C11_4_12_11445_12995_F	PF01663.21	116.8	1.2e-33	116.2	1.9e-33
AG-918-D13_10_4_2372_3724_F	PF01663.21	184.0	4.5e-54	183.8	5.1e-54
AG-918-D14_12_24_22387_23673_F	PF01663.21	27.0	2.4e-06	26.0	4.9e-06
AG-918-E09_5_19_18154_19377_F	TIGR02335	547.3	1.7e-164	547.1	1.9e-164
AG-918-G04_12_10_11157_12401_F	TIGR02335	502.1	8.8e-151	501.9	1.1e-150
AG-918-I08_7_11_9672_10907_R	TIGR02335	485.3	1.1e-145	485.1	1.3e-145
AG-918-I09_3_125_100634_101719_F	PF01663.21	30.7	1.7e-07	26.5	3.4e-06
AG-918-J22_21_3_1907_3082_F	PF01663.21	50.6	1.6e-13	44.0	1.6e-11
AG-918-L06_5_59_67937_69571_R	PF01663.21	165.7	1.6e-48	165.4	2e-48
AG-918-L22_14_17_15287_16585_R	PF01663.21	224.7	1.9e-66	223.9	3.2e-66
AG-918-M09_4_12_9470_10711_F	TIGR02335	469.0	1e-140	468.8	1.1e-140
AG-918-M14_1_197_190265_191350_R	PF01663.21	30.3	2.3e-07	25.2	8.2e-06
AG-918-N11_1_144_137423_138658_R	TIGR02335	485.1	1.3e-145	485.0	1.4e-145
AG-919-A05_43_3_685_2088_R	PF01663.21	110.7	8.8e-32	107.5	7.9e-31
AG-919-A13_2_24_24487_25722_F	TIGR02335	483.4	4.4e-145	483.2	4.9e-145
AG-919-C09_12_6_4462_5547_R	PF01663.21	30.3	2.3e-07	25.2	8.2e-06
AG-919-C15_5_20_22112_23743_R	PF01663.21	169.9	8.8e-50	169.6	1.1e-49
AG-919-D03_1_2_986_2563_R	PF01663.21	160.8	5e-47	160.5	6.2e-47
AG-919-D03_4_79_94741_95493_F	PF01663.21	45.0	8.2e-12	44.9	8.6e-12
AG-919-D10_3_101_99870_101105_F	TIGR02335	485.3	1.1e-145	485.1	1.3e-145
AG-919-F02_6_3_2085_3326_F	TIGR02335	466.2	7.2e-140	466.0	8.1e-140
AG-919-G08_16_18_28942_30339_R	PF01663.21	181.1	3.4e-53	180.9	3.9e-53
AG-919-G14_9_54_47214_48299_R	PF01663.21	30.3	2.4e-07	25.5	6.7e-06
AG-919-J18_4_40_38803_40332_R	PF01663.21	165.6	1.8e-48	165.3	2.2e-48
AG-919-K07_11_16_13190_14578_F	PF01663.21	178.6	2e-52	178.3	2.4e-52
AG-919-L04_2_21_15687_16772_R	PF01663.21	30.3	2.3e-07	25.2	8.2e-06
AG-919-L18_1_35_34400_35731_F	PF01663.21	20.9	0.00017	20.5	0.00022
AG-919-L18_6_30_27981_29573_R	PF01663.21	194.7	2.6e-57	194.2	3.6e-57
AG-919-L19_3_134_135180_136268_R	PF01663.21	39.6	3.5e-10	38.3	8.8e-10
AG-919-M03_8_60_56283_57518_R	TIGR02335	485.1	1.3e-145	485.0	1.4e-145
AG-919-M06_5_50_44103_45338_F	TIGR02335	486.3	5.6e-146	486.1	6.2e-146
AG-919-N10_11_8_7637_8764_R	TIGR02335	435.5	1.5e-130	435.4	1.6e-130
AG-919-N16_13_3_1685_2926_R	TIGR02335	485.6	8.9e-146	485.3	1.1e-145
AG-919-N20_4_5_4785_6020_R	TIGR02335	485.9	7.3e-146	485.8	8.2e-146
AG-919-O21_55_3_2315_3958_F	PF01663.21	175.5	1.7e-51	175.1	2.3e-51
AG-919-O22_18_6_4418_5503_R	PF01663.21	30.5	2.1e-07	25.4	7.6e-06
AG-919-P15_15_1_2_1234_R	TIGR02335	521.5	1.2e-156	521.2	1.4e-156
AG-920-A18_2_105_98749_100380_F	PF01663.21	169.8	9.5e-50	169.4	1.2e-49
AG-920-B09_42_4_1731_2078_R	PF01663.21	62.4	4.2e-17	62.2	4.9e-17
AG-920-C11_28_10_5688_7307_F	PF01663.21	167.1	6.1e-49	166.8	7.6e-49
AG-920-D04_7_14_10736_11977_F	TIGR02335	465.8	9.7e-140	465.6	1.1e-139
AG-920-E11_3_40_36195_37436_R	TIGR02335	467.4	3e-140	467.2	3.4e-140
AG-920-F19_1_251_245925_247013_R	PF01663.21	37.8	1.2e-09	36.5	3.1e-09
AG-920-G02_8_7_8474_9367_F	PF01663.21	103.9	1e-29	58.7	5.7e-16
AG-920-G04_6_11_12613_13728_F	PF01663.21	143.6	8.7e-42	143.3	1.1e-41
AG-920-G11_3_62_51299_52507_R	PF01663.21	243.0	5e-72	242.6	6.9e-72
AG-920-G16_1_27_22845_23930_R	PF01663.21	30.3	2.3e-07	25.2	8.2e-06
AG-920-I11_26_1_1_1191_F	TIGR02335	463.7	4e-139	463.6	4.4e-139
AG-920-I17_41_4_4598_6247_R	PF01663.21	182.9	9.6e-54	182.5	1.3e-53
AG-920-J05_1_275_251659_252744_F	PF01663.21	29.0	5.9e-07	24.1	1.8e-05
AG-920-J13_5_53_50364_51599_R	TIGR02335	486.2	5.8e-146	486.1	6.6e-146
AG-920-K10_8_32_26993_28234_F	TIGR02335	471.0	2.5e-141	470.8	2.8e-141
AG-920-K17_2_100_94383_95618_R	TIGR02335	485.5	9.5e-146	485.4	1.1e-145
AG-920-M09_2_57_52336_53421_R	PF01663.21	30.3	2.3e-07	25.2	8.2e-06
AG-920-O19_2_2_202_1440_F	TIGR02335	496.4	4.7e-149	496.2	5.3e-149
AG-920-P16_18_11_8110_9237_F	PF01663.21	83.9	1.2e-23	83.0	2.3e-23
AG-920-P21_20_2_278_2002_F	PF01663.21	146.6	1.1e-42	146.0	1.6e-42
AH-287-A01_9_31_28980_30221_F	TIGR02335	467.7	2.5e-140	467.5	2.8e-140
AH-287-A04_1_109_107341_108426_R	PF01663.21	28.4	9.2e-07	24.9	1e-05
AH-287-A16_6_20_14890_15978_R	PF01663.21	53.5	2.1e-14	52.0	6.2e-14
AH-287-A19_14_1_70_1311_F	TIGR02335	492.3	8.4e-148	492.0	1e-147
AH-287-B11_2_151_127567_128655_F	PF01663.21	38.4	8e-10	36.4	3.3e-09
AH-287-B15_16_37_42529_43743_R	PF01663.21	203.4	5.6e-60	203.1	6.9e-60
AH-287-B15_17_14_14931_15911_F	PF01663.21	60.2	2e-16	54.6	9.6e-15
AH-287-C10_4_37_40691_41671_F	PF01663.21	70.3	1.7e-19	68.4	6.4e-19
AH-287-C18_5_88_91194_92681_F	PF01663.21	72.6	3.3e-20	71.2	8.7e-20
AH-287-D20_4_15_11281_12369_R	PF01663.21	53.2	2.5e-14	51.7	7.5e-14
AH-287-E19_2_31_30739_31980_R	TIGR02335	493.0	5.2e-148	492.7	6.4e-148
AH-287-E21_3_83_65339_66571_F	PF01663.21	285.4	6.7e-85	285.2	7.9e-85
AH-287-F08_6_11_12983_14209_F	PF01663.21	278.7	7.4e-83	278.5	8.6e-83
AH-287-G10_20_2_413_1501_R	PF01663.21	38.4	8.2e-10	36.5	3e-09
AH-287-G13_11_25_29004_30629_F	PF01663.21	171.4	3e-50	171.0	4e-50
AH-287-G16_8_6_3775_5001_R	PF01663.21	287.4	1.6e-85	287.2	1.9e-85
AH-287-I07_39_1_42_1631_F	PF01663.21	198.7	1.5e-58	198.2	2.1e-58
AH-287-I14_12_43_39635_40576_F	PF01663.21	71.1	9.6e-20	39.7	3.3e-10
AH-287-I14_3_99_95603_96934_F	PF01663.21	27.7	1.5e-06	27.2	2.1e-06
AH-287-I14_5_55_63004_64593_R	PF01663.21	197.4	3.9e-58	196.9	5.2e-58
AH-287-I15_12_10_6638_7726_F	PF01663.21	38.4	8e-10	36.4	3.3e-09
AH-287-J09_27_11_11440_12684_R	TIGR02335	507.9	1.5e-152	507.6	1.9e-152
AH-287-K03_1_33_29309_30394_F	PF01663.21	29.5	4.3e-07	26.1	4.5e-06
AH-287-K07_1_36_31881_33122_R	TIGR02335	469.1	9.1e-141	469.0	1e-140
AH-287-K10_9_23_26932_28557_F	PF01663.21	171.8	2.3e-50	171.4	3.1e-50
AH-287-K13_8_1_20_1105_F	PF01663.21	27.7	1.5e-06	24.2	1.8e-05
AH-287-K21_2_183_170417_171658_F	TIGR02335	467.6	2.7e-140	467.4	3e-140
AH-287-K22_1_75_55901_56986_F	PF01663.21	28.3	9.3e-07	25.0	9.5e-06
AH-287-M11_1_51_47252_48493_R	TIGR02335	460.6	3.5e-138	460.3	4.3e-138
AH-287-M11_5_5_4011_5228_F	PF01663.21	78.8	4.4e-22	57.5	1.2e-15
AH-287-M22_1_170_147346_148434_F	PF01663.21	38.6	7e-10	37.1	2e-09
AH-287-O04_5_12_9818_10906_F	PF01663.21	51.2	1.1e-13	49.8	2.9e-13
AH-287-O15_8_18_19092_20336_F	TIGR02335	488.8	1e-146	488.4	1.2e-146
AH-287-P01_3_51_49601_50707_R	PF01663.21	93.9	1.1e-26	58.4	6.7e-16
AH-287-P07_5_7_3797_6493_R	PF01663.21	54.9	8.1e-15	49.6	3.3e-13
AH-287-P09_4_59_55092_56180_R	PF01663.21	38.4	8e-10	36.4	3.3e-09
AH-287-P10_6_21_20060_21301_R	TIGR02335	486.8	4e-146	486.5	5e-146
AH-287-P14_4_23_19044_20276_F	PF01663.21	285.5	6.2e-85	285.3	7.2e-85
AH-287-P19_1_11_10029_11273_R	TIGR02335	501.0	1.9e-150	500.7	2.3e-150
AH-321-A09_1_374_331685_332770_F	PF01663.21	29.5	4.3e-07	26.1	4.5e-06
AH-321-A21_8_1_3_1595_R	PF01663.21	172.0	2e-50	171.6	2.6e-50
AH-321-B14_2_82_101739_103091_R	PF01663.21	188.3	2.2e-55	188.1	2.5e-55
AH-321-B21_4_49_38208_39296_F	PF01663.21	39.6	3.6e-10	37.9	1.1e-09
AH-321-D14_3_48_48290_49915_R	PF01663.21	169.8	9.5e-50	169.3	1.3e-49
AH-321-D21_2_19_16272_17516_R	TIGR02335	492.0	1e-147	491.9	1.1e-147
AH-321-E23_20_3_485_2035_R	PF01663.21	131.9	3.2e-38	131.5	4.1e-38
AH-321-G02_18_4_1536_2867_R	PF01663.21	22.2	6.9e-05	21.7	9.6e-05
AH-321-G20_13_4_3236_4615_F	PF01663.21	162.7	1.3e-47	162.5	1.5e-47
AH-321-G20_18_6_4530_5609_R	PF01663.21	80.7	1.2e-22	79.2	3.3e-22
AH-321-J05_31_6_3574_4566_F	PF01663.21	103.3	1.5e-29	100.0	1.6e-28
AH-321-K21_23_19_20008_21594_R	PF01663.21	188.8	1.5e-55	188.5	2e-55
AH-321-L05_19_1_3_698_F	PF01663.21	35.7	5.4e-09	35.6	5.7e-09
AH-321-L06_7_8_8458_9702_F	TIGR02335	509.0	7.1e-153	508.7	8.6e-153
AH-321-L10_1_57_52854_53939_R	PF01663.21	29.9	3.1e-07	24.9	1e-05
AH-321-M16_1_164_197494_199134_R	PF01663.21	131.7	3.7e-38	131.2	4.9e-38
AH-321-N07_2_76_72414_73499_R	PF01663.21	29.8	3.4e-07	25.0	9.9e-06
AH-321-N15_5_82_58411_59499_F	PF01663.21	57.3	1.4e-15	56.0	3.5e-15
AH-321-N21_13_7_5591_6679_R	PF01663.21	54.2	1.3e-14	52.9	3.2e-14
AH-321-P06_2_14_12323_12532_F	PF01663.21	48.8	5.8e-13	48.7	6.2e-13
AH-321-P06_2_4_2243_3598_R	PF01663.21	176.7	7.4e-52	176.5	8.7e-52
AH-321-P06_2_8_6417_7850_F	PF01663.21	107.5	8e-31	107.2	1e-30
AH-321-P19_87_1_1_1194_R	PF01663.21	180.0	7.5e-53	179.8	8.4e-53
AH-324-A03_1_211_206244_207332_R	PF01663.21	38.4	8e-10	36.4	3.3e-09
AH-324-A14_38_7_6638_7297_R	PF01663.21	58.5	6.1e-16	58.3	7.2e-16
AH-324-A19_4_25_20830_22062_R	PF01663.21	280.0	3e-83	279.8	3.5e-83
AH-324-C03_7_12_9765_11006_F	TIGR02335	468.5	1.4e-140	468.4	1.6e-140
AH-324-D10_2_130_122297_123532_R	TIGR02335	484.7	1.7e-145	484.5	1.9e-145
AH-324-F15_5_36_32209_33450_R	TIGR02335	468.5	1.4e-140	468.4	1.6e-140
AH-324-F23_65_4_2697_3866_R	TIGR02335	495.8	7.1e-149	495.7	7.9e-149
AH-324-G14_23_6_3504_4592_R	PF01663.21	37.9	1.1e-09	35.8	5.2e-09
AH-324-G19_1_4_1393_2481_F	PF01663.21	38.0	1.1e-09	35.9	4.7e-09
AH-324-J04_22_5_7652_8878_F	PF01663.21	69.1	3.8e-19	41.3	1.1e-10
AH-324-K02_20_2_1568_2803_R	TIGR02335	486.4	5.4e-146	486.2	6e-146
AH-324-K14_21_3_1292_2623_F	PF01663.21	27.3	2e-06	26.8	2.8e-06
AH-324-L07_7_14_13293_14525_R	PF01663.21	283.2	3.2e-84	282.9	3.8e-84
AH-324-L13_13_1_2_1072_F	PF01663.21	252.5	6.6e-75	252.3	7.7e-75
AH-324-M03_6_12_10449_11681_R	PF01663.21	283.2	3.2e-84	282.9	3.8e-84
AH-324-N06_9_31_27715_28956_R	TIGR02335	466.4	6.1e-140	466.2	6.9e-140
AH-324-N16_48_3_1756_3000_R	TIGR02335	505.3	9.7e-152	505.0	1.2e-151
AH-324-O11_46_2_1038_2279_F	TIGR02335	482.0	1.1e-144	481.7	1.4e-144
AH-324-P01_1_17_13824_14912_F	PF01663.21	54.4	1.1e-14	52.3	4.7e-14
AH-324-P04_9_7_5876_7108_F	PF01663.21	284.7	1.1e-84	284.4	1.3e-84
AH-324-P07_2_52_45840_46925_R	PF01663.21	28.4	9.2e-07	24.9	1e-05
AH-324-P18_26_2_350_1636_F	TIGR02335	480.0	4.4e-144	479.9	5e-144
AH-324-P18_7_23_27908_29230_R	PF01663.21	138.5	3e-40	138.2	3.6e-40
AH-326-A11_1_56_50977_52065_R	PF01663.21	53.2	2.5e-14	51.7	7.5e-14
AH-326-B08_10_27_23332_24573_R	TIGR02335	467.2	3.6e-140	467.0	4e-140
AH-326-B09_1_48_46010_47254_R	TIGR02335	487.1	3.1e-146	486.9	3.6e-146
AH-326-B11_10_2_1135_2376_R	TIGR02335	465.3	1.4e-139	465.1	1.5e-139
AH-326-B14_6_2_1000_2655_R	PF01663.21	203.6	5.1e-60	203.2	6.4e-60
AH-326-C13_30_2_355_1062_F	PF01663.21	126.7	1.2e-36	126.4	1.5e-36
AH-326-C13_8_7_5205_6815_R	PF01663.21	123.7	9.8e-36	123.2	1.4e-35
AH-326-C16_13_1_3_434_F	PF01663.21	29.4	4.5e-07	29.1	5.6e-07
AH-326-C16_19_6_4411_5019_F	PF01663.21	168.0	3.2e-49	167.8	3.6e-49
AH-326-C23_8_10_5788_6876_F	PF01663.21	37.2	1.9e-09	35.2	7.8e-09
AH-326-E22_31_18_16720_17964_R	TIGR02335	488.2	1.5e-146	487.9	1.8e-146
AH-326-F13_1_29_27517_28758_R	TIGR02335	469.1	9.5e-141	468.9	1.1e-140
AH-326-F18_5_3_2205_3446_R	TIGR02335	467.8	2.2e-140	467.7	2.5e-140
AH-326-F22_1_32_37254_37487_F	PF01663.21	38.3	8.9e-10	38.2	9.7e-10
AH-326-F22_1_33_37687_37941_F	PF01663.21	30.5	2e-07	30.5	2.1e-07
AH-326-F22_4_17_19015_19995_F	PF01663.21	70.7	1.2e-19	67.4	1.3e-18
AH-326-G03_26_8_5320_6561_F	TIGR02335	464.7	2.1e-139	464.5	2.4e-139
AH-326-I10_1_139_136106_137344_F	TIGR02335	458.3	1.8e-137	458.0	2.2e-137
AH-326-J10_3_8_8340_10052_F	PF01663.21	64.1	1.2e-17	40.8	1.5e-10
AH-326-J10_64_3_2304_3344_F	PF01663.21	54.7	9.3e-15	53.6	1.9e-14
AH-326-J16_1_11_7605_8693_F	PF01663.21	53.8	1.7e-14	52.3	4.9e-14
AH-326-J17_1_67_60341_61429_R	PF01663.21	39.6	3.6e-10	37.9	1.1e-09
AH-326-J23_1_13_10797_11885_F	PF01663.21	38.1	1e-09	36.5	3e-09
AH-326-K23_4_46_45643_46884_F	TIGR02335	488.1	1.6e-146	487.8	1.9e-146
AH-326-L19_15_2_432_1676_F	TIGR02335	506.3	4.6e-152	506.1	5.6e-152
AH-326-M13_6_20_20447_21688_F	TIGR02335	495.2	1.1e-148	494.9	1.4e-148
AH-326-M21_1_27_24300_25541_F	TIGR02335	468.6	1.3e-140	468.4	1.5e-140
AH-326-N03_1_29_25864_26952_R	PF01663.21	37.8	1.3e-09	35.9	4.6e-09
AH-326-N10_1_65_56328_57563_F	TIGR02335	485.2	1.2e-145	485.0	1.4e-145
AH-326-N22_28_23_20359_21639_F	TIGR02335	522.0	8.3e-157	521.8	9.5e-157
AH-326-O03_5_45_38827_39915_R	PF01663.21	38.4	8e-10	36.4	3.3e-09
AH-326-O14_11_11_9825_11450_R	PF01663.21	171.5	2.8e-50	171.1	3.8e-50
AH-326-O15_3_48_45428_46669_R	TIGR02335	472.1	1.2e-141	471.9	1.3e-141
AH-326-P07_1_64_59348_60436_R	PF01663.21	54.0	1.5e-14	52.3	4.8e-14
