AG-313-C07_4_15_15359_16129_R	TIGR02315	342.4	1.9e-103	342.3	2.2e-103
AG-313-C08_13_21_19827_20597_R	TIGR02315	342.4	1.9e-103	342.3	2.2e-103
AG-313-C18_3_98_85399_86166_F	TIGR02315	345.3	2.6e-104	345.1	2.9e-104
AG-313-F05_42_2_123_893_R	TIGR02315	342.0	2.7e-103	341.8	3e-103
AG-313-F06_6_37_31917_32711_R	TIGR02315	334.4	5.5e-101	334.2	6.3e-101
AG-313-I13_3_30_27125_27895_R	TIGR02315	342.7	1.6e-103	342.5	1.8e-103
AG-313-J17_1_104_93667_94419_F	TIGR02315	311.4	5.7e-94	311.2	6.5e-94
AG-313-K22_29_3_1478_2200_F	TIGR02315	309.4	2.4e-93	309.2	2.7e-93
AG-313-L14_8_39_32587_33354_F	TIGR02315	344.5	4.6e-104	344.3	5.2e-104
AG-313-M09_9_15_14382_15152_R	TIGR02315	342.4	1.9e-103	342.3	2.2e-103
AG-319-A05_12_7_3350_4072_R	TIGR02315	318.8	3.3e-96	318.6	3.7e-96
AG-319-E04_17_6_4114_4860_R	TIGR02315	327.4	7.7e-99	327.2	8.6e-99
AG-319-E10_21_19_14750_15529_F	TIGR02315	297.8	8.2e-90	297.6	9.6e-90
AG-319-F15_43_11_10680_11480_R	TIGR02315	325.4	3e-98	325.3	3.4e-98
AG-319-I10_13_11_9901_10734_R	TIGR02315	329.7	1.5e-99	329.5	1.7e-99
AG-319-I10_59_4_2613_3365_R	TIGR02315	313.5	1.3e-94	313.3	1.5e-94
AG-319-I22_53_3_3021_3854_F	TIGR02315	330.3	9.7e-100	330.1	1.1e-99
AG-319-J17_28_3_2404_3156_F	TIGR02315	314.4	7.3e-95	314.2	8.3e-95
AG-319-M03_11_22_19773_20600_R	TIGR02315	328.8	2.9e-99	328.6	3.3e-99
AG-319-M03_25_6_6117_6869_R	TIGR02315	313.7	1.2e-94	313.5	1.3e-94
AG-319-N07_20_6_5495_6235_F	TIGR02315	313.2	1.6e-94	313.0	1.9e-94
AG-319-P18_13_4_3135_3905_R	TIGR02315	340.6	6.8e-103	340.5	7.7e-103
AG-325-C14_31_8_4099_4821_R	TIGR02315	311.2	6.9e-94	311.0	7.7e-94
AG-325-D14_19_16_11452_12174_R	TIGR02315	314.0	9.4e-95	313.8	1e-94
AG-325-E03_100_2_1196_1990_F	TIGR02315	334.8	4.2e-101	334.6	4.7e-101
AG-325-E09_3_56_46603_47370_F	TIGR02315	340.2	9.6e-103	340.0	1.1e-102
AG-325-G22_5_58_51416_52183_R	TIGR02315	341.2	4.7e-103	341.0	5.3e-103
AG-325-I05_1_4_2243_2965_F	TIGR02315	309.6	2.1e-93	309.4	2.3e-93
AG-325-J05_11_2_1232_1999_F	TIGR02315	341.7	3.2e-103	341.5	3.6e-103
AG-325-J06_4_10_7645_8412_F	TIGR02315	340.2	9.6e-103	340.0	1.1e-102
AG-325-O21_29_5_4705_5472_R	TIGR02315	342.0	2.6e-103	341.9	2.9e-103
AG-325-P16_1_105_92120_92905_F	TIGR02315	332.6	1.9e-100	332.5	2.2e-100
AG-333-A04_5_3_2038_2760_F	TIGR02315	317.3	9.4e-96	317.1	1.1e-95
AG-333-A21_18_6_5463_6233_R	TIGR02315	343.2	1.1e-103	343.0	1.3e-103
AG-333-C03_14_13_8699_9421_R	TIGR02315	312.0	3.8e-94	311.9	4.2e-94
AG-333-C07_24_4_2154_2876_R	TIGR02315	312.8	2.2e-94	312.7	2.4e-94
AG-333-D20_1_15_15630_16376_R	TIGR02315	330.0	1.2e-99	329.8	1.4e-99
AG-333-E10_7_32_24068_24838_F	TIGR02315	343.5	9e-104	343.3	1e-103
AG-333-E15_24_6_5261_5902_R	TIGR02315	279.6	2.9e-84	279.5	3.3e-84
AG-333-F21_12_9_10258_10980_F	TIGR02315	306.2	2.2e-92	306.1	2.5e-92
AG-333-G05_2_24_17853_18620_F	TIGR02315	342.4	1.9e-103	342.3	2.2e-103
AG-333-G15_2_17_11787_12554_F	TIGR02315	343.7	8.2e-104	343.5	9.3e-104
AG-333-G23_4_23_19289_20059_R	TIGR02315	342.5	1.9e-103	342.3	2.1e-103
AG-333-I03_7_17_15993_16778_R	TIGR02315	324.6	5.2e-98	324.5	5.9e-98
AG-333-K23_2_9_9302_10171_F	TIGR02315	278.9	4.8e-84	278.7	5.6e-84
AG-333-M03_23_5_2509_3231_R	TIGR02315	309.8	1.8e-93	309.6	2e-93
AG-333-N14_16_11_11694_12482_R	TIGR02315	325.7	2.4e-98	325.6	2.8e-98
AG-333-O03_6_3_2036_2758_F	TIGR02315	317.3	9.4e-96	317.1	1.1e-95
AG-333-P05_11_19_14645_15367_R	TIGR02315	318.8	3.2e-96	318.7	3.5e-96
AG-337-E14_14_26_25437_26222_F	TIGR02315	324.5	5.7e-98	324.3	6.4e-98
AG-337-I05_1_15_12858_13625_R	TIGR02315	342.6	1.7e-103	342.4	1.9e-103
AG-337-L13_10_8_6393_7178_F	TIGR02315	324.5	5.7e-98	324.3	6.4e-98
AG-337-M20_3_43_35214_35981_F	TIGR02315	343.2	1.1e-103	343.0	1.3e-103
AG-337-O17_11_31_23693_24460_F	TIGR02315	342.2	2.2e-103	342.1	2.5e-103
AG-337-P14_19_8_5441_6163_R	TIGR02315	310.9	8.4e-94	310.7	9.4e-94
AG-337-P17_2_15_17291_18013_F	TIGR02315	312.8	2.2e-94	312.7	2.4e-94
AG-343-B13_1_55_55451_56317_R	TIGR02315	279.9	2.4e-84	279.7	2.7e-84
AG-343-C03_8_19_13526_14296_F	TIGR02315	342.6	1.7e-103	342.5	1.9e-103
AG-343-C08_1_8_8678_9448_R	TIGR02315	340.6	6.9e-103	340.4	7.8e-103
AG-343-E15_11_14_13804_14550_R	TIGR02315	327.8	5.7e-99	327.6	6.5e-99
AG-343-G17_13_20_20196_20981_F	TIGR02315	329.2	2.1e-99	329.0	2.4e-99
AG-343-I02_6_22_14957_15727_F	TIGR02315	342.8	1.4e-103	342.7	1.6e-103
AG-343-L10_19_2_366_1154_F	TIGR02315	329.3	1.9e-99	329.2	2.2e-99
AG-343-N10_3_10_9210_9980_R	TIGR02315	342.5	1.9e-103	342.3	2.1e-103
AG-343-N22_28_6_5368_6180_F	TIGR02315	333.8	8.4e-101	333.6	9.6e-101
AG-343-O04_2_128_110945_111712_F	TIGR02315	343.3	1.1e-103	343.1	1.2e-103
AG-343-O05_1_19_19681_20427_R	TIGR02315	327.3	7.9e-99	327.1	9e-99
AG-343-P09_5_21_14201_14968_F	TIGR02315	342.9	1.4e-103	342.7	1.6e-103
AG-343-P20_4_18_15752_16546_R	TIGR02315	332.4	2.2e-100	332.3	2.5e-100
AG-349-A01_18_5_4638_5408_R	TIGR02315	340.5	7.3e-103	340.4	8.3e-103
AG-349-B10_10_1_2_685_F	TIGR02315	271.0	1.3e-81	270.8	1.4e-81
AG-349-B14_19_5_4541_5308_R	TIGR02315	342.4	2e-103	342.2	2.3e-103
AG-349-C02_1_133_118077_118844_F	TIGR02315	345.7	1.9e-104	345.5	2.2e-104
AG-349-E07_9_27_18403_19173_F	TIGR02315	339.1	2e-102	339.0	2.2e-102
AG-349-F20_4_61_50625_51392_F	TIGR02315	341.9	2.8e-103	341.7	3.2e-103
AG-349-J05_1_79_67013_67783_R	TIGR02315	341.7	3.3e-103	341.5	3.7e-103
AG-349-J18_1_42_39745_40530_F	TIGR02315	324.5	5.7e-98	324.3	6.5e-98
AG-349-J20_15_6_6322_7044_F	TIGR02315	315.9	2.4e-95	315.8	2.7e-95
AG-349-M08_5_53_46465_47235_R	TIGR02315	341.7	3.3e-103	341.5	3.7e-103
AG-349-N13_2_15_18052_18777_R	TIGR02315	313.1	1.7e-94	313.0	1.9e-94
AG-349-N17_5_38_34745_35530_F	TIGR02315	326.4	1.5e-98	326.2	1.7e-98
AG-349-O16_2_109_106179_106964_F	TIGR02315	330.2	1.1e-99	330.0	1.2e-99
AG-359-A03_66_6_4155_4967_R	TIGR02315	328.2	4.2e-99	328.0	4.8e-99
AG-359-A10_2_133_119782_120549_R	TIGR02315	342.9	1.4e-103	342.7	1.5e-103
AG-359-B02_50_2_118_885_F	TIGR02315	331.6	4e-100	331.4	4.5e-100
AG-359-C09_4_27_22759_23583_R	TIGR02315	317.6	7.3e-96	317.4	8.5e-96
AG-359-D03_9_21_20379_21239_F	TIGR02315	310.0	1.5e-93	309.8	1.8e-93
AG-359-E10_20_14_10710_11534_R	TIGR02315	318.9	3.1e-96	318.6	3.6e-96
AG-359-F16_11_17_12247_13014_F	TIGR02315	333.4	1.1e-100	333.2	1.3e-100
AG-359-F18_4_97_65690_66493_R	TIGR02315	324.7	5e-98	324.5	5.7e-98
AG-359-I05_1_119_113674_114441_F	TIGR02315	333.3	1.2e-100	333.1	1.3e-100
AG-359-K08_1_19_16312_17136_R	TIGR02315	319.9	1.4e-96	319.7	1.7e-96
AG-359-K09_14_17_10597_11400_F	TIGR02315	321.6	4.3e-97	321.5	4.9e-97
AG-359-K22_1_265_243034_243789_R	TIGR02315	332.7	1.8e-100	332.6	2e-100
AG-359-K22_1_290_264040_264807_F	TIGR02315	343.7	8.2e-104	343.5	9.3e-104
AG-359-L07_7_20_16966_17769_F	TIGR02315	326.2	1.7e-98	326.0	2e-98
AG-359-L15_56_5_4693_5505_R	TIGR02315	329.3	2e-99	329.1	2.3e-99
AG-359-L15_61_10_5637_6431_F	TIGR02315	308.7	3.8e-93	308.5	4.3e-93
AG-359-L21_3_33_29142_29927_F	TIGR02315	329.8	1.4e-99	329.6	1.6e-99
AG-359-M17_3_15_13269_14024_R	TIGR02315	332.7	1.8e-100	332.6	2e-100
AG-359-M21_5_56_48646_49470_F	TIGR02315	319.6	1.9e-96	319.3	2.2e-96
AG-359-N14_6_34_29320_30087_R	TIGR02315	343.7	8.2e-104	343.5	9.3e-104
AG-359-N22_1_104_86167_86991_F	TIGR02315	320.8	7.8e-97	320.6	9e-97
AG-359-N23_35_6_4905_5735_F	TIGR02315	304.4	8e-92	304.2	9.4e-92
AG-359-O08_2_30_28281_29084_R	TIGR02315	312.2	3.3e-94	312.0	3.8e-94
AG-359-O10_2_133_112517_113320_F	TIGR02315	319.6	1.8e-96	319.5	2e-96
AG-359-P15_2_30_24142_24909_F	TIGR02315	343.7	8.2e-104	343.5	9.3e-104
AG-360-A05_11_20_17137_17913_R	TIGR02315	308.0	6.4e-93	307.7	7.6e-93
AG-360-B21_9_10_8238_9053_F	TIGR02315	319.7	1.6e-96	319.5	1.9e-96
AG-360-C06_2_91_74799_75569_F	TIGR02315	339.1	2e-102	339.0	2.2e-102
AG-360-C11_27_3_1374_2177_R	TIGR02315	322.1	3.2e-97	321.9	3.6e-97
AG-360-C15_2_7_5267_6091_R	TIGR02315	319.6	1.9e-96	319.3	2.2e-96
AG-360-C22_1_16_15685_16470_F	TIGR02315	330.2	1.1e-99	330.0	1.2e-99
AG-360-D02_10_28_19890_20663_F	TIGR02315	340.4	7.9e-103	340.2	9e-103
AG-360-D17_15_4_1916_2689_R	TIGR02315	340.3	8.5e-103	340.2	9.6e-103
AG-360-E02_7_9_7682_8437_F	TIGR02315	332.8	1.7e-100	332.6	1.9e-100
AG-360-E08_20_3_1678_2421_R	TIGR02315	294.6	8.1e-89	294.3	9.7e-89
AG-360-F21_14_13_10117_10920_R	TIGR02315	320.3	1.1e-96	320.1	1.2e-96
AG-360-I13_2_22_20558_21313_R	TIGR02315	332.8	1.7e-100	332.6	1.9e-100
AG-360-J21_3_2_736_1521_R	TIGR02315	302.8	2.5e-91	302.6	2.8e-91
AG-360-K11_3_31_22608_23432_F	TIGR02315	320.7	8.5e-97	320.5	1e-96
AG-360-L09_1_124_109561_110328_R	TIGR02315	343.7	8.2e-104	343.5	9.3e-104
AG-360-M05_9_17_11999_12802_F	TIGR02315	313.2	1.6e-94	313.1	1.8e-94
AG-360-M22_4_2_581_1405_F	TIGR02315	318.7	3.4e-96	318.5	4e-96
AG-360-N13_12_9_4242_4997_R	TIGR02315	332.8	1.7e-100	332.6	1.9e-100
AG-360-N13_7_9_9075_9845_R	TIGR02315	342.0	2.6e-103	341.8	3e-103
AG-360-N23_7_7_5176_6000_R	TIGR02315	318.9	3.1e-96	318.6	3.6e-96
AG-360-O02_6_7_3089_3895_F	TIGR02315	310.7	9.6e-94	310.5	1.1e-93
AG-360-O20_3_15_12651_13466_F	TIGR02315	319.2	2.4e-96	319.0	2.7e-96
AG-360-P05_3_25_22059_22952_R	TIGR02315	288.2	7.1e-87	287.9	8.7e-87
AG-365-C09_1_33_26626_27396_F	TIGR02315	339.6	1.5e-102	339.4	1.6e-102
AG-365-D04_27_1_3_614_R	TIGR02315	291.2	8.5e-88	291.1	9.5e-88
AG-365-D22_1_40_30827_31597_F	TIGR02315	342.5	1.8e-103	342.3	2.1e-103
AG-365-E07_30_2_447_1169_F	TIGR02315	308.8	3.6e-93	308.6	4e-93
AG-365-E08_2_4_2988_3758_R	TIGR02315	340.1	1e-102	339.9	1.1e-102
AG-365-I11_2_17_12288_13010_F	TIGR02315	314.6	6.1e-95	314.4	6.8e-95
AG-365-I16_10_4_3335_4162_R	TIGR02315	311.4	6e-94	311.1	7.1e-94
AG-365-I16_1_7_5341_6108_F	TIGR02315	270.5	1.9e-81	270.2	2.2e-81
AG-365-K10_13_13_14959_15681_F	TIGR02315	313.7	1.1e-94	313.6	1.2e-94
AG-365-L22_13_14_10410_11210_R	TIGR02315	335.2	3.2e-101	335.0	3.6e-101
AG-365-L22_2_25_22453_23328_F	TIGR02315	277.7	1.1e-83	277.5	1.3e-83
AG-365-M03_4_16_10308_11078_F	TIGR02315	339.1	2e-102	339.0	2.2e-102
AG-365-M19_26_10_9985_10851_R	TIGR02315	309.0	3.2e-93	308.8	3.6e-93
AG-365-M22_4_55_48284_49054_R	TIGR02315	340.6	6.9e-103	340.4	7.8e-103
AG-365-N16_4_16_13986_14756_R	TIGR02315	342.2	2.3e-103	342.0	2.6e-103
AG-365-O09_2_23_21832_22677_F	TIGR02315	284.1	1.2e-85	283.9	1.4e-85
AG-390-A18_9_22_22976_23770_R	TIGR02315	332.6	2e-100	332.4	2.2e-100
AG-390-A19_1_322_343994_344740_R	TIGR02315	334.8	4.1e-101	334.6	4.7e-101
AG-390-B07_11_7_9200_9994_F	TIGR02315	275.1	7.2e-83	274.9	8.3e-83
AG-390-B19_6_68_57982_58752_R	TIGR02315	342.4	1.9e-103	342.3	2.2e-103
AG-390-E02_2_78_86560_87363_R	TIGR02315	332.1	2.8e-100	331.9	3.1e-100
AG-390-E03_25_8_7397_8200_F	TIGR02315	328.9	2.6e-99	328.7	2.9e-99
AG-390-E09_2_170_157294_158061_R	TIGR02315	342.1	2.4e-103	342.0	2.7e-103
AG-390-E16_21_3_1974_2696_F	TIGR02315	313.4	1.5e-94	313.2	1.6e-94
AG-390-G07_3_21_18003_18770_R	TIGR02315	343.0	1.3e-103	342.8	1.5e-103
AG-390-G08_20_6_4977_5771_F	TIGR02315	314.3	7.7e-95	314.1	8.9e-95
AG-390-G21_3_5_3292_4062_F	TIGR02315	344.5	4.5e-104	344.3	5.1e-104
AG-390-K09_25_7_5051_5698_R	TIGR02315	299.3	2.9e-90	299.1	3.3e-90
AG-390-K18_10_1_2_631_F	TIGR02315	270.7	1.5e-81	270.5	1.7e-81
AG-390-L05_5_29_24334_25104_R	TIGR02315	342.8	1.5e-103	342.6	1.7e-103
AG-390-L20_8_113_95666_96469_R	TIGR02315	322.8	2e-97	322.6	2.3e-97
AG-390-N04_2_76_76022_76768_F	TIGR02315	327.3	7.9e-99	327.1	9e-99
AG-390-O19_4_46_41042_41809_R	TIGR02315	342.6	1.8e-103	342.4	2e-103
AG-390-P04_24_8_5697_6419_R	TIGR02315	318.9	3e-96	318.7	3.3e-96
AG-390-P10_2_23_19951_20721_R	TIGR02315	340.6	6.9e-103	340.4	7.8e-103
AG-404-B18_18_4_3679_4344_R	TIGR02315	298.6	4.8e-90	298.4	5.4e-90
AG-404-B23_3_174_158313_159083_R	TIGR02315	341.0	5.3e-103	340.8	6e-103
AG-404-C02_11_42_37717_38439_R	TIGR02315	315.6	3e-95	315.5	3.3e-95
AG-404-F03_16_5_1931_2701_F	TIGR02315	341.0	5.3e-103	340.8	6e-103
AG-404-F09_39_6_4610_5362_R	TIGR02315	311.6	4.9e-94	311.5	5.6e-94
AG-404-G18_23_21_18848_19633_R	TIGR02315	328.3	3.9e-99	328.2	4.4e-99
AG-404-I14_3_135_121543_122310_R	TIGR02315	342.7	1.6e-103	342.5	1.8e-103
AG-404-N18_4_31_24187_24957_F	TIGR02315	340.6	6.9e-103	340.4	7.8e-103
AG-404-P04_2_44_38944_39714_R	TIGR02315	341.0	5.3e-103	340.8	6e-103
AG-404-P05_19_20_22426_23238_F	TIGR02315	334.0	7.4e-101	333.8	8.5e-101
AG-410-C07_9_4_2525_3298_F	TIGR02315	340.4	7.9e-103	340.2	9e-103
AG-410-F03_9_20_24058_24813_R	TIGR02315	307.1	1.2e-92	306.9	1.4e-92
AG-410-G07_23_9_9055_9825_R	TIGR02315	340.9	5.5e-103	340.8	6.2e-103
AG-410-G16_8_5_4154_4924_R	TIGR02315	341.3	4.2e-103	341.2	4.7e-103
AG-410-J17_10_8_6871_7695_R	TIGR02315	310.4	1.2e-93	310.1	1.4e-93
AG-410-K13_2_37_29736_30458_R	TIGR02315	313.4	1.5e-94	313.2	1.6e-94
AG-410-M04_1_6_5531_6316_F	TIGR02315	330.2	1.1e-99	330.0	1.2e-99
AG-414-A01_8_28_23120_23947_R	TIGR02315	311.4	6e-94	311.1	7.1e-94
AG-414-A01_8_3_1332_2099_R	TIGR02315	270.5	1.9e-81	270.2	2.2e-81
AG-414-B10_16_11_7107_7931_F	TIGR02315	319.8	1.6e-96	319.5	1.9e-96
AG-414-C16_8_50_47347_48132_R	TIGR02315	330.2	1.1e-99	330.0	1.2e-99
AG-414-D10_11_24_21794_22618_R	TIGR02315	318.9	3.1e-96	318.6	3.6e-96
AG-414-E07_3_86_85346_86068_F	TIGR02315	308.1	5.8e-93	308.0	6.5e-93
AG-414-F04_24_10_9834_10646_R	TIGR02315	332.9	1.6e-100	332.7	1.9e-100
AG-414-G13_2_119_104236_105006_F	TIGR02315	340.6	6.9e-103	340.4	7.8e-103
AG-414-I04_10_20_15894_16697_F	TIGR02315	321.2	5.7e-97	321.1	6.5e-97
AG-414-I19_5_45_38022_38846_F	TIGR02315	320.0	1.4e-96	319.7	1.7e-96
AG-414-I21_13_20_19272_20099_F	TIGR02315	311.4	6e-94	311.1	7.1e-94
AG-414-J21_4_7_5151_5921_F	TIGR02315	340.6	6.9e-103	340.4	7.8e-103
AG-414-K08_14_4_3251_4021_R	TIGR02315	341.0	5.3e-103	340.8	6e-103
AG-414-K15_3_97_81318_82142_F	TIGR02315	319.8	1.6e-96	319.6	1.8e-96
AG-414-L09_6_37_36054_36878_R	TIGR02315	320.2	1.2e-96	320.0	1.4e-96
AG-414-M06_10_16_13431_14255_R	TIGR02315	319.9	1.4e-96	319.7	1.7e-96
AG-414-M13_4_72_61275_62045_F	TIGR02315	342.2	2.3e-103	342.0	2.6e-103
AG-414-M15_6_12_10580_11350_R	TIGR02315	339.5	1.5e-102	339.3	1.7e-102
AG-414-N18_10_3_2048_2770_F	TIGR02315	315.7	2.9e-95	315.5	3.2e-95
AG-414-N20_11_12_12755_13624_F	TIGR02315	277.7	1.1e-83	277.5	1.3e-83
AG-414-N20_3_67_61353_62153_R	TIGR02315	335.4	2.7e-101	335.2	3.1e-101
AG-414-O09_6_53_45118_45942_F	TIGR02315	319.9	1.4e-96	319.7	1.7e-96
AG-414-O11_3_105_103199_104023_R	TIGR02315	318.9	3.1e-96	318.6	3.6e-96
AG-414-O15_19_12_9107_9886_R	TIGR02315	315.4	3.5e-95	315.2	3.9e-95
AG-414-O15_22_8_6020_6805_R	TIGR02315	328.7	2.9e-99	328.6	3.3e-99
AG-414-P03_4_50_45051_45806_R	TIGR02315	332.8	1.7e-100	332.6	1.9e-100
AG-414-P19_9_16_13495_14319_R	TIGR02315	319.7	1.7e-96	319.4	2e-96
AG-422-A23_44_2_613_1380_F	TIGR02315	342.9	1.4e-103	342.7	1.6e-103
AG-422-B02_42_2_1014_1799_F	TIGR02315	329.7	1.5e-99	329.5	1.7e-99
AG-422-B21_2_28_26757_27524_R	TIGR02315	343.0	1.3e-103	342.8	1.5e-103
AG-422-C10_3_15_12852_13619_R	TIGR02315	343.7	8.2e-104	343.5	9.3e-104
AG-422-C19_5_21_15918_16685_F	TIGR02315	342.9	1.4e-103	342.7	1.6e-103
AG-422-D22_1_121_125619_126365_R	TIGR02315	327.4	7.3e-99	327.3	8.3e-99
AG-422-G07_2_38_29448_30233_R	TIGR02315	305.4	4.1e-92	305.2	4.6e-92
AG-422-G15_3_27_28754_29476_F	TIGR02315	310.1	1.4e-93	310.0	1.6e-93
AG-422-G18_11_29_19085_19870_R	TIGR02315	305.4	4.1e-92	305.2	4.6e-92
AG-422-J09_4_19_18229_19023_R	TIGR02315	332.6	2e-100	332.4	2.2e-100
AG-422-J23_1_348_324876_325643_F	TIGR02315	343.6	8.5e-104	343.4	9.7e-104
AG-422-L23_17_6_4937_5704_F	TIGR02315	297.5	1e-89	297.3	1.2e-89
AG-422-M03_38_6_4985_5770_F	TIGR02315	326.2	1.7e-98	326.0	2e-98
AG-422-O03_9_7_4572_5339_F	TIGR02315	343.9	6.7e-104	343.8	7.6e-104
AG-422-O17_8_2_184_951_F	TIGR02315	343.0	1.3e-103	342.8	1.5e-103
AG-422-P02_8_28_24963_25730_R	TIGR02315	342.9	1.4e-103	342.7	1.6e-103
AG-422-P13_4_43_37844_38611_F	TIGR02315	343.7	8.2e-104	343.5	9.3e-104
AG-426-A21_1_4_2681_3466_R	TIGR02315	302.5	3.1e-91	302.3	3.5e-91
AG-426-A21_1_7_5316_6083_R	TIGR02315	330.5	8.4e-100	330.3	9.5e-100
AG-426-B05_54_6_3694_4473_F	TIGR02315	315.8	2.6e-95	315.6	3e-95
AG-426-B08_4_28_23772_24575_R	TIGR02315	320.8	7.7e-97	320.6	8.8e-97
AG-426-C16_7_14_9957_10781_F	TIGR02315	318.7	3.4e-96	318.5	4e-96
AG-426-D13_1_104_86979_87803_F	TIGR02315	319.8	1.6e-96	319.6	1.8e-96
AG-426-D16_29_8_4862_5647_R	TIGR02315	302.5	3e-91	302.3	3.4e-91
AG-426-D23_1_254_247438_248208_R	TIGR02315	342.0	2.6e-103	341.8	3e-103
AG-426-D23_2_145_133507_134262_R	TIGR02315	332.8	1.7e-100	332.6	1.9e-100
AG-426-E23_10_27_20983_21810_R	TIGR02315	311.4	6e-94	311.1	7.1e-94
AG-426-E23_18_17_16343_17110_R	TIGR02315	270.5	1.9e-81	270.2	2.2e-81
AG-426-F11_10_16_13706_14530_R	TIGR02315	319.9	1.4e-96	319.7	1.7e-96
AG-426-F13_12_1_78_848_F	TIGR02315	339.1	2e-102	339.0	2.2e-102
AG-426-F15_6_16_10318_11142_F	TIGR02315	319.9	1.4e-96	319.7	1.7e-96
AG-426-F20_2_77_72175_72921_F	TIGR02315	333.1	1.3e-100	332.9	1.5e-100
AG-426-G06_34_6_7796_8641_R	TIGR02315	286.2	2.8e-86	286.1	3.2e-86
AG-426-I02_20_20_10159_10926_R	TIGR02315	331.6	4e-100	331.4	4.5e-100
AG-426-I21_6_27_21883_22686_R	TIGR02315	323.1	1.6e-97	322.9	1.8e-97
AG-426-I23_16_12_6387_7172_F	TIGR02315	302.5	3.1e-91	302.3	3.5e-91
AG-426-I23_16_9_3770_4537_F	TIGR02315	331.0	6.2e-100	330.8	6.9e-100
AG-426-J07_1_26_22878_23648_R	TIGR02315	341.3	4.2e-103	341.1	4.8e-103
AG-426-J09_13_2_1032_1799_F	TIGR02315	332.9	1.5e-100	332.8	1.7e-100
AG-426-J09_13_5_3649_4434_F	TIGR02315	302.5	3.1e-91	302.3	3.5e-91
AG-426-J11_4_13_26142_26966_R	TIGR02315	322.5	2.3e-97	322.3	2.6e-97
AG-426-J15_10_8_6098_6877_F	TIGR02315	315.4	3.5e-95	315.2	3.9e-95
AG-426-J15_5_12_10356_11141_F	TIGR02315	330.2	1.1e-99	330.0	1.2e-99
AG-426-J16_3_124_111994_112761_R	TIGR02315	343.7	8.2e-104	343.5	9.3e-104
AG-426-K05_2_42_35633_36388_R	TIGR02315	332.8	1.7e-100	332.6	1.9e-100
AG-426-K10_7_62_40226_40993_R	TIGR02315	329.8	1.4e-99	329.7	1.5e-99
AG-426-L07_4_75_57465_58250_R	TIGR02315	302.3	3.4e-91	302.1	3.9e-91
AG-426-L07_4_78_60101_60868_R	TIGR02315	332.7	1.9e-100	332.5	2.1e-100
AG-426-M03_28_1_3_692_F	TIGR02315	275.6	5.1e-83	275.4	5.8e-83
AG-426-M14_3_24_21500_22270_R	TIGR02315	343.9	6.9e-104	343.7	7.8e-104
AG-426-N08_3_18_13601_14461_R	TIGR02315	311.2	6.9e-94	310.9	8.2e-94
AG-426-N08_52_7_4252_5019_R	TIGR02315	270.2	2.2e-81	270.0	2.6e-81
AG-426-N09_17_19_13666_14433_F	TIGR02315	331.8	3.3e-100	331.7	3.7e-100
AG-426-P20_19_18_14641_15363_F	TIGR02315	315.0	4.5e-95	314.9	5.1e-95
AG-426-P20_19_6_4167_4889_R	TIGR02315	315.0	4.5e-95	314.9	5.1e-95
AG-430-A20_3_51_44656_45459_F	TIGR02315	322.1	3.2e-97	321.9	3.6e-97
AG-430-B08_20_2_584_1408_F	TIGR02315	318.9	3.1e-96	318.6	3.6e-96
AG-430-B22_8_39_33463_34209_F	TIGR02315	329.5	1.8e-99	329.3	2e-99
AG-430-C15_4_27_18406_19179_R	TIGR02315	340.3	8.5e-103	340.2	9.6e-103
AG-430-D11_4_20_14320_15144_F	TIGR02315	321.5	4.9e-97	321.3	5.6e-97
AG-430-D23_2_8_6772_7632_R	TIGR02315	311.1	7.1e-94	310.9	8.4e-94
AG-430-E04_23_6_3058_3825_F	TIGR02315	330.5	8.5e-100	330.3	9.6e-100
AG-430-E05_1_37_33955_34722_R	TIGR02315	342.0	2.6e-103	341.8	2.9e-103
AG-430-E08_17_13_9038_9793_F	TIGR02315	332.8	1.7e-100	332.6	1.9e-100
AG-430-E18_5_12_10051_10875_R	TIGR02315	320.3	1.1e-96	320.1	1.2e-96
AG-430-E20_4_63_62377_63201_R	TIGR02315	318.9	3.1e-96	318.6	3.6e-96
AG-430-F09_22_5_3635_4429_F	TIGR02315	316.4	1.7e-95	316.2	2e-95
AG-430-F17_3_33_27976_28779_F	TIGR02315	322.1	3.2e-97	321.9	3.6e-97
AG-430-G08_10_10_9148_9918_R	TIGR02315	340.6	6.9e-103	340.4	7.8e-103
AG-430-I09_8_30_23891_24685_F	TIGR02315	300.4	1.3e-90	300.2	1.5e-90
AG-430-J18_60_1_3_782_F	TIGR02315	309.1	3e-93	308.9	3.5e-93
AG-430-K07_1_55_55018_55740_R	TIGR02315	312.6	2.5e-94	312.4	2.8e-94
AG-430-K17_9_12_6157_6942_F	TIGR02315	299.6	2.3e-90	299.4	2.6e-90
AG-430-K17_9_9_3540_4307_F	TIGR02315	333.9	7.6e-101	333.8	8.5e-101
AG-430-L03_6_8_4754_5578_F	TIGR02315	319.5	2e-96	319.2	2.3e-96
AG-430-M02_32_5_1865_2635_F	TIGR02315	341.0	5.3e-103	340.8	6e-103
AG-430-M11_19_13_11005_11772_R	TIGR02315	343.7	8.2e-104	343.5	9.3e-104
AG-430-M19_2_50_44024_44797_R	TIGR02315	340.4	7.9e-103	340.2	9e-103
AG-430-M19_5_13_9018_9788_F	TIGR02315	344.6	4.2e-104	344.4	4.8e-104
AG-430-M22_13_25_24726_25529_F	TIGR02315	319.1	2.5e-96	318.9	2.9e-96
AG-430-N02_36_2_970_1737_F	TIGR02315	333.4	1.1e-100	333.2	1.3e-100
AG-430-N17_1_39_34658_35428_R	TIGR02315	343.0	1.3e-103	342.8	1.5e-103
AG-430-N20_10_11_5774_6577_F	TIGR02315	322.1	3.2e-97	321.9	3.6e-97
AG-430-N22_1_70_60240_61013_R	TIGR02315	340.4	7.9e-103	340.2	9e-103
AG-430-O18_8_48_41920_42690_R	TIGR02315	342.6	1.7e-103	342.5	1.9e-103
AG-430-P14_1_120_116790_117650_F	TIGR02315	310.1	1.4e-93	309.9	1.7e-93
AG-430-P14_1_143_136596_137363_F	TIGR02315	268.4	8e-81	268.1	9.5e-81
AG-435-A07_4_71_59206_59976_F	TIGR02315	340.9	5.5e-103	340.8	6.2e-103
AG-435-A09_10_21_14812_15582_F	TIGR02315	341.5	3.7e-103	341.3	4.2e-103
AG-435-A21_9_9_9400_10245_R	TIGR02315	284.1	1.2e-85	283.9	1.4e-85
AG-435-D20_36_4_3166_4011_R	TIGR02315	284.1	1.2e-85	283.9	1.4e-85
AG-435-E03_22_20_17680_18468_R	TIGR02315	284.8	7.9e-86	284.6	9e-86
AG-435-F03_1_720_697297_698043_F	TIGR02315	327.9	5.1e-99	327.8	5.8e-99
AG-435-F08_2_64_55426_56196_R	TIGR02315	340.6	6.9e-103	340.4	7.8e-103
AG-435-G21_25_3_1142_1912_R	TIGR02315	341.5	3.7e-103	341.3	4.2e-103
AG-435-J13_7_22_22536_23321_F	TIGR02315	329.8	1.4e-99	329.6	1.6e-99
AG-435-K06_6_9_8846_9613_R	TIGR02315	343.7	8.2e-104	343.5	9.3e-104
AG-435-K08_1_18_12291_13061_F	TIGR02315	340.6	6.9e-103	340.4	7.8e-103
AG-435-M08_40_2_1623_2480_R	TIGR02315	281.8	6.6e-85	281.6	7.5e-85
AG-435-M22_24_4_7092_7814_F	TIGR02315	313.0	1.8e-94	312.9	2e-94
AG-435-O11_32_1_1_603_R	TIGR02315	277.0	1.8e-83	276.9	2e-83
AG-435-P10_5_12_8388_9158_F	TIGR02315	340.6	6.9e-103	340.4	7.8e-103
AG-435-P21_1_22_16213_16980_F	TIGR02315	343.7	8.2e-104	343.5	9.3e-104
AG-439-B05_8_16_15367_16137_R	TIGR02315	342.8	1.5e-103	342.6	1.7e-103
AG-439-C07_8_26_21723_22517_R	TIGR02315	313.9	9.8e-95	313.8	1.1e-94
AG-439-E07_5_8_10803_11525_F	TIGR02315	312.3	3.1e-94	312.1	3.5e-94
AG-439-I19_6_61_55702_56424_F	TIGR02315	312.0	3.8e-94	311.8	4.2e-94
AG-439-J04_7_31_25554_26324_F	TIGR02315	342.7	1.6e-103	342.5	1.8e-103
AG-439-J14_17_3_2425_3219_F	TIGR02315	326.8	1.1e-98	326.7	1.3e-98
AG-439-K09_20_2_1190_1960_F	TIGR02315	340.6	6.9e-103	340.4	7.8e-103
AG-439-K22_2_22_16896_17642_F	TIGR02315	331.8	3.5e-100	331.6	3.9e-100
AG-439-K22_2_3_1438_2184_R	TIGR02315	331.8	3.5e-100	331.6	3.9e-100
AG-439-L07_5_20_15488_16255_F	TIGR02315	343.7	8.2e-104	343.5	9.3e-104
AG-439-L22_7_27_27793_28620_F	TIGR02315	325.7	2.4e-98	325.5	2.9e-98
AG-439-M17_30_4_3999_4721_F	TIGR02315	311.1	7e-94	311.0	7.8e-94
AG-439-N04_25_2_459_1181_F	TIGR02315	317.3	9e-96	317.2	1e-95
AG-439-N06_10_4_3592_4362_R	TIGR02315	337.5	6.1e-102	337.4	6.8e-102
AG-439-N12_8_21_16300_17067_F	TIGR02315	343.7	8.2e-104	343.5	9.3e-104
AG-439-N21_15_15_12866_13636_R	TIGR02315	339.1	2e-102	339.0	2.2e-102
AG-439-O03_3_7_4931_5677_R	TIGR02315	328.8	2.7e-99	328.7	3.1e-99
AG-439-O15_16_17_15734_16456_F	TIGR02315	315.7	2.8e-95	315.5	3.2e-95
AG-447-A06_2_135_140890_141693_F	TIGR02315	327.4	7.6e-99	327.2	8.6e-99
AG-447-B23_36_1_2_778_F	TIGR02315	339.1	2e-102	338.9	2.3e-102
AG-447-C06_37_1_1_717_R	TIGR02315	313.2	1.7e-94	313.0	1.9e-94
AG-447-C15_8_12_8163_8885_R	TIGR02315	318.5	3.9e-96	318.4	4.3e-96
AG-447-E02_11_26_17700_18422_R	TIGR02315	313.4	1.4e-94	313.3	1.6e-94
AG-447-E22_3_44_38657_39379_R	TIGR02315	311.7	4.7e-94	311.5	5.3e-94
AG-447-E23_17_12_14097_14819_F	TIGR02315	316.0	2.3e-95	315.8	2.6e-95
AG-447-G07_13_3_1991_2713_F	TIGR02315	312.7	2.3e-94	312.5	2.6e-94
AG-447-G11_16_20_20052_20846_F	TIGR02315	329.6	1.6e-99	329.4	1.8e-99
AG-447-G15_3_2_533_1300_F	TIGR02315	342.9	1.4e-103	342.7	1.6e-103
AG-447-G20_6_17_15664_16431_R	TIGR02315	342.9	1.4e-103	342.7	1.6e-103
AG-447-I05_9_3_1932_2654_F	TIGR02315	313.1	1.7e-94	313.0	1.9e-94
AG-447-I21_2_152_135440_136207_R	TIGR02315	342.7	1.6e-103	342.6	1.8e-103
AG-447-L09_6_16_11427_12149_R	TIGR02315	313.1	1.8e-94	312.9	2e-94
AG-447-L16_4_27_18796_19566_F	TIGR02315	339.3	1.8e-102	339.1	2e-102
AG-447-L17_2_15_12791_13558_R	TIGR02315	343.5	8.9e-104	343.4	1e-103
AG-447-L20_5_28_22795_23517_R	TIGR02315	314.6	6.1e-95	314.4	6.8e-95
AG-447-M17_19_6_5280_6050_R	TIGR02315	341.9	2.8e-103	341.7	3.2e-103
AG-447-M18_6_24_21010_21777_R	TIGR02315	343.4	9.5e-104	343.3	1.1e-103
AG-447-N10_6_39_35964_36734_R	TIGR02315	339.1	2e-102	339.0	2.2e-102
AG-447-N19_1_58_48362_49129_F	TIGR02315	342.6	1.8e-103	342.4	2e-103
AG-447-O20_15_2_977_1744_F	TIGR02315	343.3	1.1e-103	343.1	1.2e-103
AG-447-O23_23_12_7782_8504_R	TIGR02315	312.5	2.6e-94	312.4	2.9e-94
AG-447-P23_2_179_164183_164953_R	TIGR02315	339.1	2e-102	339.0	2.2e-102
AG-453-A04_53_5_3729_4478_R	TIGR02315	308.6	4e-93	308.4	4.7e-93
AG-453-C09_15_9_7270_8016_R	TIGR02315	332.3	2.4e-100	332.1	2.8e-100
AG-453-D06_4_7_5923_6690_R	TIGR02315	342.5	1.8e-103	342.3	2.1e-103
AG-453-D09_1_6_3261_4031_F	TIGR02315	339.1	2e-102	339.0	2.2e-102
AG-453-E11_12_4_2825_3592_R	TIGR02315	342.5	1.8e-103	342.3	2.1e-103
AG-453-E13_37_3_2144_2866_F	TIGR02315	313.5	1.3e-94	313.4	1.4e-94
AG-453-F03_5_8_5733_6455_R	TIGR02315	317.7	7.1e-96	317.5	7.9e-96
AG-453-F22_8_38_34288_35082_R	TIGR02315	330.6	7.8e-100	330.4	8.9e-100
AG-453-G17_1_57_46320_47087_F	TIGR02315	341.4	4e-103	341.2	4.5e-103
AG-453-I07_60_1_236_1048_F	TIGR02315	325.5	2.9e-98	325.3	3.3e-98
AG-453-J21_6_29_25431_26297_R	TIGR02315	279.7	2.8e-84	279.5	3.2e-84
AG-453-J23_7_16_14108_14878_R	TIGR02315	339.1	2e-102	339.0	2.2e-102
AG-453-K15_4_31_31870_32664_R	TIGR02315	326.2	1.8e-98	326.0	2.1e-98
AG-453-L02_2_10_7574_8341_F	TIGR02315	342.6	1.8e-103	342.4	2e-103
AG-453-L04_11_1_3_704_R	TIGR02315	332.9	1.6e-100	332.7	1.8e-100
AG-453-L14_17_4_3043_3813_R	TIGR02315	340.6	6.9e-103	340.4	7.8e-103
AG-453-N22_20_7_4456_5223_F	TIGR02315	342.4	2e-103	342.2	2.3e-103
AG-453-O10_3_6_5625_6347_F	TIGR02315	312.7	2.3e-94	312.6	2.5e-94
AG-453-P07_10_14_12528_13298_R	TIGR02315	339.1	2e-102	339.0	2.2e-102
AG-457-A20_26_12_9290_10036_F	TIGR02315	327.9	5.1e-99	327.8	5.8e-99
AG-457-C05_9_28_28327_29100_R	TIGR02315	295.9	3.2e-89	295.7	3.6e-89
AG-457-D04_14_3_1529_2296_R	TIGR02315	343.7	8.2e-104	343.5	9.3e-104
AG-457-E08_6_40_34124_34891_R	TIGR02315	343.8	7.4e-104	343.6	8.4e-104
AG-457-F17_19_3_2047_2769_F	TIGR02315	310.4	1.2e-93	310.2	1.3e-93
AG-457-K05_1_10_13130_13948_F	TIGR02315	335.8	2.1e-101	335.6	2.4e-101
AG-457-K05_42_2_1342_2193_F	TIGR02315	305.6	3.4e-92	305.4	3.9e-92
AG-457-M07_33_3_1351_2073_F	TIGR02315	316.8	1.3e-95	316.6	1.5e-95
AG-457-N04_3_36_30351_31073_R	TIGR02315	310.0	1.6e-93	309.8	1.8e-93
AG-457-O03_39_1_2_622_R	TIGR02315	274.6	1e-82	274.5	1.1e-82
AG-461-B03_39_2_886_1608_R	TIGR02315	313.3	1.5e-94	313.2	1.7e-94
AG-461-C10_3_59_50929_51696_R	TIGR02315	343.7	8.2e-104	343.5	9.3e-104
AG-461-G13_3_41_36761_37483_R	TIGR02315	313.9	9.9e-95	313.8	1.1e-94
AG-461-G18_2_102_86084_86851_F	TIGR02315	343.7	7.8e-104	343.5	8.8e-104
AG-461-J09_21_4_2357_3076_F	TIGR02315	304.3	8.5e-92	304.2	9.5e-92
AG-461-J21_14_8_5636_6403_F	TIGR02315	342.3	2.1e-103	342.1	2.4e-103
AG-461-K19_15_4_3713_4480_R	TIGR02315	343.7	8.2e-104	343.5	9.3e-104
AG-461-K23_60_5_3753_4541_F	TIGR02315	312.2	3.2e-94	312.1	3.7e-94
AG-461-M06_24_5_4102_4824_F	TIGR02315	312.7	2.2e-94	312.6	2.5e-94
AG-461-M08_3_23_20232_20999_R	TIGR02315	343.8	7.4e-104	343.6	8.4e-104
AG-461-P07_2_112_110703_111497_R	TIGR02315	329.3	1.9e-99	329.2	2.2e-99
AG-464-B02_5_35_33276_34040_F	TIGR02315	300.2	1.5e-90	300.0	1.7e-90
AG-464-B09_5_51_44452_45222_R	TIGR02315	345.5	2.2e-104	345.3	2.5e-104
AG-464-B18_28_6_4951_5763_F	TIGR02315	336.4	1.3e-101	336.2	1.5e-101
AG-464-B23_95_2_1695_2414_F	TIGR02315	317.2	9.6e-96	317.1	1.1e-95
AG-464-C06_5_3_3229_4005_F	TIGR02315	278.5	6.3e-84	278.3	7.2e-84
AG-464-D09_12_4_2071_2793_R	TIGR02315	313.6	1.3e-94	313.4	1.4e-94
AG-464-F22_5_27_23038_23775_F	TIGR02315	320.6	8.8e-97	320.5	9.9e-97
AG-464-I09_13_4_2629_3408_F	TIGR02315	328.2	4.4e-99	328.0	5e-99
AG-464-I13_3_49_53064_53786_F	TIGR02315	310.6	1e-93	310.4	1.1e-93
AG-464-J09_3_31_27171_27950_R	TIGR02315	295.5	4.2e-89	295.3	4.9e-89
AG-464-K18_2_78_81288_82010_F	TIGR02315	312.6	2.5e-94	312.4	2.8e-94
AG-464-L02_21_4_3171_3893_R	TIGR02315	310.7	9.5e-94	310.5	1.1e-93
AG-464-N07_44_2_763_1593_F	TIGR02315	323.9	8.8e-98	323.7	1e-97
AG-464-P07_13_13_9592_10338_R	TIGR02315	301.2	7.4e-91	301.1	8.3e-91
AG-464-P19_25_5_3800_4546_F	TIGR02315	327.2	8.9e-99	327.0	1e-98
AG-470-D15_14_8_6408_7154_F	TIGR02315	330.0	1.2e-99	329.8	1.4e-99
AG-470-E13_9_6_3639_4409_F	TIGR02315	341.6	3.5e-103	341.4	4e-103
AG-470-E16_2_120_118849_119607_R	TIGR02315	303.0	2.2e-91	302.8	2.4e-91
AG-470-F08_4_64_53427_54194_F	TIGR02315	342.9	1.4e-103	342.7	1.6e-103
AG-470-G06_4_16_13817_14575_R	TIGR02315	303.0	2.2e-91	302.8	2.4e-91
AG-470-G22_12_14_12888_13610_R	TIGR02315	313.8	1.1e-94	313.6	1.2e-94
AG-470-O09_6_4_2263_3033_R	TIGR02315	335.4	2.7e-101	335.3	3e-101
AG-470-O19_36_3_1246_1971_R	TIGR02315	312.5	2.6e-94	312.3	3e-94
AG-470-P18_5_33_29632_30402_R	TIGR02315	340.0	1.1e-102	339.8	1.2e-102
AG-891-A05_6_66_65145_65969_R	TIGR02315	318.9	2.9e-96	318.7	3.4e-96
AG-891-A07_16_36_33833_34633_R	TIGR02315	330.2	1e-99	330.0	1.2e-99
AG-891-A21_17_6_5175_5870_R	TIGR02315	297.1	1.4e-89	296.9	1.6e-89
AG-891-A21_7_45_41537_42322_F	TIGR02315	330.2	1.1e-99	330.0	1.2e-99
AG-891-B11_5_30_23551_24375_F	TIGR02315	322.5	2.3e-97	322.3	2.6e-97
AG-891-C05_31_2_113_880_F	TIGR02315	331.8	3.3e-100	331.7	3.7e-100
AG-891-D05_6_14_11431_12255_R	TIGR02315	318.6	3.6e-96	318.4	4.3e-96
AG-891-F03_29_4_2591_3391_F	TIGR02315	321.1	6.3e-97	320.9	7.2e-97
AG-891-F06_1_292_306211_306990_F	TIGR02315	316.1	2.2e-95	315.9	2.5e-95
AG-891-G03_10_24_23945_24748_F	TIGR02315	319.1	2.5e-96	318.9	2.9e-96
AG-891-I05_1_46_31755_32522_F	TIGR02315	331.8	3.3e-100	331.7	3.7e-100
AG-891-I07_1_284_277878_278648_R	TIGR02315	342.0	2.6e-103	341.8	3e-103
AG-891-I07_2_54_38246_39001_F	TIGR02315	332.8	1.7e-100	332.6	1.9e-100
AG-891-I09_1_234_221612_222379_R	TIGR02315	343.4	9.5e-104	343.3	1.1e-103
AG-891-I13_2_87_70545_71369_F	TIGR02315	318.9	3.1e-96	318.6	3.6e-96
AG-891-I16_19_4_2493_3260_R	TIGR02315	333.2	1.3e-100	333.0	1.5e-100
AG-891-J04_2_190_191897_192700_F	TIGR02315	322.1	3.2e-97	321.9	3.6e-97
AG-891-J10_13_4_2119_2922_F	TIGR02315	322.2	2.9e-97	322.0	3.3e-97
AG-891-K07_32_2_971_1738_F	TIGR02315	329.2	2.2e-99	329.0	2.5e-99
AG-891-K18_1_111_113159_113956_F	TIGR02315	305.5	3.8e-92	305.3	4.3e-92
AG-891-L07_5_79_63700_64467_F	TIGR02315	333.2	1.3e-100	333.0	1.5e-100
AG-891-L11_8_17_11145_11912_F	TIGR02315	329.3	2e-99	329.1	2.3e-99
AG-891-L21_1_401_378040_378771_R	TIGR02315	307.8	7.5e-93	307.6	8.4e-93
AG-891-L23_18_5_4014_4829_F	TIGR02315	320.0	1.3e-96	319.8	1.5e-96
AG-891-N20_2_35_32351_33151_R	TIGR02315	321.1	6.3e-97	320.9	7.2e-97
AG-891-O05_10_6_4166_4969_F	TIGR02315	319.0	2.8e-96	318.8	3.2e-96
AG-891-O18_3_37_28825_29592_R	TIGR02315	330.7	7.2e-100	330.6	8.1e-100
AG-891-P07_14_3_1736_2515_R	TIGR02315	315.4	3.5e-95	315.2	3.9e-95
AG-891-P17_1_40_34859_35683_F	TIGR02315	322.5	2.3e-97	322.3	2.6e-97
AG-891-P23_8_30_24583_25386_F	TIGR02315	324.7	5e-98	324.5	5.7e-98
AG-892-A04_16_10_8394_9287_F	TIGR02315	287.5	1.1e-86	287.2	1.4e-86
AG-892-A16_14_10_5759_6544_F	TIGR02315	302.9	2.3e-91	302.7	2.6e-91
AG-892-A16_14_7_3142_3909_F	TIGR02315	329.0	2.4e-99	328.9	2.7e-99
AG-892-B19_5_10_10107_10910_F	TIGR02315	308.1	6e-93	307.9	6.8e-93
AG-892-C19_3_2_723_1526_F	TIGR02315	318.8	3.1e-96	318.6	3.6e-96
AG-892-C23_15_1_350_1135_F	TIGR02315	304.0	1e-91	303.8	1.2e-91
AG-892-C23_4_3_1772_2539_F	TIGR02315	331.5	4.1e-100	331.4	4.7e-100
AG-892-D19_2_20_19093_19929_R	TIGR02315	312.4	3e-94	312.2	3.4e-94
AG-892-E07_4_6_4845_5645_F	TIGR02315	321.1	6.3e-97	320.9	7.2e-97
AG-892-E08_3_175_164036_164860_R	TIGR02315	319.7	1.7e-96	319.5	2e-96
AG-892-F07_2_73_66832_67692_R	TIGR02315	311.5	5.3e-94	311.3	6.2e-94
AG-892-F19_13_5_2563_3357_F	TIGR02315	314.3	7.7e-95	314.1	8.9e-95
AG-892-F22_4_82_79622_80371_R	TIGR02315	308.5	4.4e-93	308.3	5e-93
AG-892-G03_2_32_29067_29870_F	TIGR02315	326.2	1.7e-98	326.0	2e-98
AG-892-G17_37_1_1_672_F	TIGR02315	293.6	1.5e-88	293.5	1.7e-88
AG-892-G22_2_209_178171_178995_F	TIGR02315	319.8	1.6e-96	319.6	1.8e-96
AG-892-G23_11_14_9502_10305_R	TIGR02315	309.0	3.1e-93	308.8	3.6e-93
AG-892-J05_3_5_2798_3565_R	TIGR02315	331.8	3.5e-100	331.6	4e-100
AG-892-J13_11_24_12787_13590_R	TIGR02315	324.7	5e-98	324.5	5.7e-98
AG-892-J18_14_44_24002_24769_R	TIGR02315	333.2	1.2e-100	333.1	1.4e-100
AG-892-L04_2_37_23678_24445_R	TIGR02315	332.7	1.9e-100	332.5	2.1e-100
AG-892-M03_7_15_14476_15336_F	TIGR02315	311.3	6e-94	311.1	7.2e-94
AG-892-M03_7_43_37735_38502_F	TIGR02315	270.5	1.9e-81	270.2	2.2e-81
AG-892-M06_2_87_80055_80858_F	TIGR02315	321.6	4.3e-97	321.5	4.9e-97
AG-892-M17_5_32_30086_30889_R	TIGR02315	319.0	2.8e-96	318.8	3.2e-96
AG-892-O07_19_31_30835_31638_R	TIGR02315	319.3	2.2e-96	319.1	2.5e-96
AG-892-O13_2_13_9556_10380_R	TIGR02315	318.9	3.1e-96	318.6	3.6e-96
AG-892-O14_8_21_15058_15825_F	TIGR02315	343.9	7e-104	343.7	7.9e-104
AG-892-O16_1_91_83323_84126_R	TIGR02315	321.5	4.8e-97	321.3	5.5e-97
AG-892-O21_19_26_17619_18386_R	TIGR02315	332.5	2.1e-100	332.3	2.4e-100
AG-892-P22_4_11_5218_5985_R	TIGR02315	333.4	1.1e-100	333.2	1.3e-100
AG-893-B02_30_10_4883_5650_R	TIGR02315	333.3	1.2e-100	333.1	1.3e-100
AG-893-B07_4_20_15810_16613_F	TIGR02315	322.7	2e-97	322.5	2.3e-97
AG-893-C03_4_12_5962_6765_F	TIGR02315	321.9	3.5e-97	321.7	4e-97
AG-893-E15_3_27_21067_21870_F	TIGR02315	324.7	5e-98	324.5	5.7e-98
AG-893-F20_5_101_62927_63694_R	TIGR02315	333.4	1.1e-100	333.2	1.3e-100
AG-893-G05_2_134_119786_120589_R	TIGR02315	319.1	2.5e-96	318.9	2.9e-96
AG-893-G11_5_9_3733_4500_F	TIGR02315	333.3	1.2e-100	333.1	1.3e-100
AG-893-G16_28_3_1520_2332_F	TIGR02315	312.4	2.8e-94	312.2	3.3e-94
AG-893-I14_12_12_6158_6925_R	TIGR02315	329.3	2e-99	329.1	2.3e-99
AG-893-J15_5_46_36212_36979_F	TIGR02315	333.3	1.2e-100	333.1	1.3e-100
AG-893-J16_20_27_16243_17010_R	TIGR02315	333.2	1.3e-100	333.0	1.5e-100
AG-893-J17_4_26_22312_23124_R	TIGR02315	309.7	1.9e-93	309.5	2.2e-93
AG-893-J19_5_30_22135_22902_R	TIGR02315	331.8	3.5e-100	331.6	4e-100
AG-893-J20_32_2_649_1473_R	TIGR02315	317.7	7.1e-96	317.4	8.4e-96
AG-893-J23_31_2_201_968_F	TIGR02315	333.2	1.3e-100	333.0	1.5e-100
AG-893-K18_1_26_15441_16256_F	TIGR02315	320.0	1.3e-96	319.8	1.5e-96
AG-893-L03_12_43_29659_30426_R	TIGR02315	331.1	5.6e-100	330.9	6.3e-100
AG-893-L04_4_92_75877_76680_R	TIGR02315	322.1	3.2e-97	321.9	3.6e-97
AG-893-L07_5_79_63253_64077_F	TIGR02315	319.9	1.4e-96	319.7	1.7e-96
AG-893-L10_37_4_2161_2964_F	TIGR02315	322.8	2e-97	322.6	2.3e-97
AG-893-L15_17_17_8815_9600_R	TIGR02315	302.1	4e-91	301.9	4.6e-91
AG-893-L15_17_20_11450_12217_R	TIGR02315	332.1	2.7e-100	332.0	3e-100
AG-893-M03_2_6_2818_3621_F	TIGR02315	321.6	4.3e-97	321.5	4.9e-97
AG-893-M04_1_137_98897_99664_F	TIGR02315	331.8	3.5e-100	331.6	4e-100
AG-893-M17_7_58_55792_56595_F	TIGR02315	326.2	1.7e-98	326.0	2e-98
AG-893-N22_1_19_16359_17183_R	TIGR02315	318.9	3.1e-96	318.6	3.6e-96
AG-893-O15_132_2_509_1318_F	TIGR02315	307.6	8.5e-93	307.4	9.8e-93
AG-893-P05_4_80_77774_78577_F	TIGR02315	319.8	1.6e-96	319.6	1.8e-96
AG-893-P17_3_66_47461_48228_F	TIGR02315	332.3	2.5e-100	332.1	2.8e-100
AG-894-A10_5_40_31998_32822_F	TIGR02315	319.9	1.4e-96	319.7	1.7e-96
AG-894-A11_8_42_35977_36780_F	TIGR02315	321.7	4.2e-97	321.5	4.7e-97
AG-894-A16_1_278_243111_243914_F	TIGR02315	319.1	2.5e-96	318.9	2.9e-96
AG-894-B17_6_42_37612_38472_R	TIGR02315	311.3	6e-94	311.1	7.2e-94
AG-894-B21_4_8_3689_4456_R	TIGR02315	331.8	3.3e-100	331.7	3.7e-100
AG-894-C14_5_48_41112_41936_F	TIGR02315	318.9	3.1e-96	318.6	3.6e-96
AG-894-D05_9_53_25787_26554_R	TIGR02315	330.7	7.3e-100	330.5	8.2e-100
AG-894-D22_27_9_5385_6209_F	TIGR02315	319.9	1.4e-96	319.7	1.7e-96
AG-894-E05_3_101_103809_104612_R	TIGR02315	321.4	5.1e-97	321.2	5.8e-97
AG-894-F10_18_5_5459_6274_F	TIGR02315	313.2	1.6e-94	313.0	1.8e-94
AG-894-F13_29_8_4307_5074_R	TIGR02315	331.7	3.8e-100	331.5	4.3e-100
AG-894-F19_57_4_2030_2836_R	TIGR02315	317.5	8.2e-96	317.3	9.4e-96
AG-894-F20_12_26_15927_16712_R	TIGR02315	302.5	3.1e-91	302.3	3.5e-91
AG-894-F20_12_29_18563_19330_R	TIGR02315	330.5	8.4e-100	330.3	9.5e-100
AG-894-G16_15_22_16735_17502_F	TIGR02315	334.1	6.9e-101	333.9	7.7e-101
AG-894-G22_42_2_1115_1882_F	TIGR02315	333.4	1.1e-100	333.2	1.3e-100
AG-894-I22_1_250_253087_253890_F	TIGR02315	324.7	5e-98	324.5	5.7e-98
AG-894-K13_18_24_18473_19276_R	TIGR02315	321.6	4.3e-97	321.5	4.9e-97
AG-894-K22_5_61_52481_53305_F	TIGR02315	320.7	8.5e-97	320.5	1e-96
AG-894-L05_2_84_79717_80502_R	TIGR02315	329.0	2.5e-99	328.8	2.8e-99
AG-894-L05_56_5_4582_5325_R	TIGR02315	303.7	1.3e-91	303.5	1.5e-91
AG-894-L14_4_43_35803_36570_R	TIGR02315	333.2	1.3e-100	333.0	1.5e-100
AG-894-L17_1_73_71117_71941_R	TIGR02315	319.8	1.6e-96	319.6	1.8e-96
AG-894-M11_13_32_25423_26283_R	TIGR02315	311.2	6.9e-94	310.9	8.2e-94
AG-894-M11_13_4_2257_3024_R	TIGR02315	269.3	4.1e-81	269.1	4.8e-81
AG-894-N05_14_67_40350_41117_R	TIGR02315	329.9	1.3e-99	329.7	1.5e-99
AG-894-N21_22_3_1541_2248_R	TIGR02315	268.4	7.7e-81	268.2	9e-81
AG-894-O05_18_29_20391_21158_R	TIGR02315	333.3	1.2e-100	333.1	1.3e-100
AG-894-O08_2_139_120441_121208_R	TIGR02315	331.8	3.5e-100	331.6	4e-100
AG-894-P13_23_3_1652_2419_R	TIGR02315	333.5	1e-100	333.4	1.1e-100
AG-895-A04_3_3_1697_2464_R	TIGR02315	330.5	8.4e-100	330.3	9.5e-100
AG-895-A10_7_65_40670_41437_R	TIGR02315	331.8	3.3e-100	331.7	3.7e-100
AG-895-A23_28_15_11956_12783_R	TIGR02315	309.9	1.7e-93	309.6	2.1e-93
AG-895-A23_88_4_2809_3630_R	TIGR02315	328.3	4e-99	328.1	4.5e-99
AG-895-B04_20_13_9890_10717_R	TIGR02315	310.3	1.2e-93	310.1	1.4e-93
AG-895-B19_2_46_46426_47250_R	TIGR02315	320.7	8.5e-97	320.5	9.9e-97
AG-895-C22_10_6_5495_6217_F	TIGR02315	312.6	2.4e-94	312.5	2.7e-94
AG-895-D03_3_70_53688_54455_F	TIGR02315	333.4	1.1e-100	333.2	1.3e-100
AG-895-D04_7_67_58354_59178_R	TIGR02315	322.5	2.3e-97	322.3	2.6e-97
AG-895-D05_9_65_54680_55447_R	TIGR02315	331.8	3.5e-100	331.6	4e-100
AG-895-E06_3_85_67391_68194_R	TIGR02315	319.1	2.5e-96	318.9	2.9e-96
AG-895-F02_1_53_49007_49780_R	TIGR02315	340.4	7.9e-103	340.2	9e-103
AG-895-F05_1_78_68132_68899_R	TIGR02315	331.8	3.5e-100	331.6	4e-100
AG-895-F06_18_14_11833_12636_F	TIGR02315	320.5	9.6e-97	320.3	1.1e-96
AG-895-F07_3_30_24180_24983_F	TIGR02315	322.1	3.2e-97	321.9	3.6e-97
AG-895-F09_1_63_74766_75581_F	TIGR02315	314.6	6.1e-95	314.4	7e-95
AG-895-F20_2_18_13728_14531_R	TIGR02315	322.7	2e-97	322.5	2.3e-97
AG-895-I03_21_2_2359_3174_F	TIGR02315	319.7	1.7e-96	319.5	1.9e-96
AG-895-I15_38_2_1110_1877_F	TIGR02315	333.4	1.1e-100	333.2	1.3e-100
AG-895-I21_9_17_10837_11640_F	TIGR02315	323.1	1.6e-97	322.9	1.8e-97
AG-895-J17_5_92_73078_73881_R	TIGR02315	321.6	4.3e-97	321.5	4.9e-97
AG-895-J18_15_27_22086_22886_R	TIGR02315	321.1	6.3e-97	320.9	7.2e-97
AG-895-K23_6_49_47087_47854_R	TIGR02315	267.8	1.2e-80	267.5	1.4e-80
AG-895-L09_7_6_4465_5259_F	TIGR02315	316.7	1.4e-95	316.5	1.7e-95
AG-895-L13_10_25_21558_22325_R	TIGR02315	343.7	8.2e-104	343.5	9.3e-104
AG-895-M05_4_83_48180_48971_R	TIGR02315	304.3	8.8e-92	304.1	1e-91
AG-895-M05_4_86_50813_51580_R	TIGR02315	333.7	8.8e-101	333.6	9.9e-101
AG-895-M08_2_54_36588_37355_F	TIGR02315	335.1	3.3e-101	335.0	3.7e-101
AG-895-M18_24_16_9310_10077_R	TIGR02315	333.4	1.1e-100	333.2	1.3e-100
AG-895-M21_17_5_2387_3154_F	TIGR02315	333.4	1.1e-100	333.2	1.3e-100
AG-895-O05_1_124_107822_108532_R	TIGR02315	305.3	4.4e-92	305.1	4.8e-92
AG-895-O08_2_48_42826_43650_F	TIGR02315	320.0	1.4e-96	319.8	1.6e-96
AG-895-O22_3_25_19312_20079_F	TIGR02315	333.4	1.1e-100	333.3	1.2e-100
AG-895-P05_8_36_36624_37454_F	TIGR02315	314.0	9e-95	313.8	1.1e-94
AG-895-P06_22_1_1_645_R	TIGR02315	285.6	4.3e-86	285.5	4.8e-86
AG-895-P17_21_16_9070_9873_R	TIGR02315	326.6	1.4e-98	326.4	1.5e-98
AG-895-P19_3_12_4919_5686_F	TIGR02315	333.4	1.1e-100	333.2	1.3e-100
AG-896-A01_28_12_16365_17186_R	TIGR02315	328.5	3.4e-99	328.4	3.9e-99
AG-896-A01_3_140_139912_140706_R	TIGR02315	315.2	4e-95	315.0	4.6e-95
AG-896-A03_6_35_27159_27926_R	TIGR02315	331.1	5.6e-100	330.9	6.3e-100
AG-896-A07_26_15_9410_10213_F	TIGR02315	322.2	2.9e-97	322.0	3.3e-97
AG-896-B07_3_29_20235_21059_F	TIGR02315	318.9	3.1e-96	318.6	3.6e-96
AG-896-C14_6_14_13866_14681_F	TIGR02315	315.5	3.3e-95	315.3	3.8e-95
AG-896-D14_18_18_16952_17719_R	TIGR02315	270.6	1.7e-81	270.4	2e-81
AG-896-D15_16_1_3_803_F	TIGR02315	314.3	7.6e-95	314.1	8.8e-95
AG-896-E15_37_7_2968_3735_R	TIGR02315	267.1	2e-80	266.9	2.3e-80
AG-896-E15_4_36_28912_29736_R	TIGR02315	320.6	9.2e-97	320.4	1.1e-96
AG-896-E23_29_7_3058_3825_F	TIGR02315	333.4	1.1e-100	333.2	1.3e-100
AG-896-G21_6_20_13581_14375_F	TIGR02315	308.7	3.8e-93	308.5	4.3e-93
AG-896-I04_1_13_10098_10922_R	TIGR02315	319.9	1.4e-96	319.7	1.7e-96
AG-896-J04_7_91_83888_84691_F	TIGR02315	320.9	7e-97	320.8	8e-97
AG-896-K16_6_35_38348_39163_F	TIGR02315	315.5	3.3e-95	315.3	3.8e-95
AG-896-N20_1_91_77433_78236_R	TIGR02315	319.1	2.5e-96	318.9	2.9e-96
AG-896-P05_3_32_29555_30358_F	TIGR02315	326.6	1.4e-98	326.4	1.5e-98
AG-896-P15_28_9_6376_7170_R	TIGR02315	314.3	7.7e-95	314.1	8.9e-95
AG-896-P19_6_18_13463_14287_F	TIGR02315	320.6	9.2e-97	320.4	1.1e-96
AG-897-B22_11_11_7071_7895_F	TIGR02315	320.0	1.4e-96	319.7	1.7e-96
AG-897-B23_13_16_15581_16396_R	TIGR02315	320.6	9.2e-97	320.3	1.1e-96
AG-897-D05_23_1_3_689_F	TIGR02315	267.5	1.5e-80	267.3	1.7e-80
AG-897-D06_12_21_15278_16045_F	TIGR02315	343.7	8.2e-104	343.5	9.3e-104
AG-897-D06_15_6_4725_5480_F	TIGR02315	332.7	1.8e-100	332.6	2e-100
AG-897-G20_3_145_147561_148391_R	TIGR02315	315.0	4.5e-95	314.8	5.3e-95
AG-897-G20_5_135_144271_145092_F	TIGR02315	328.5	3.4e-99	328.4	3.9e-99
AG-897-J23_26_4_2153_2977_R	TIGR02315	318.9	3.1e-96	318.6	3.6e-96
AG-897-K16_8_15_9971_10774_F	TIGR02315	320.5	9.9e-97	320.3	1.1e-96
AG-897-K20_3_29_23994_24797_R	TIGR02315	311.4	5.8e-94	311.2	6.6e-94
AG-897-P03_5_41_37507_38274_F	TIGR02315	331.8	3.5e-100	331.6	4e-100
AG-897-P05_4_135_93965_94732_R	TIGR02315	333.2	1.3e-100	333.0	1.5e-100
AG-897-P16_3_51_44241_45044_F	TIGR02315	323.1	1.6e-97	322.9	1.8e-97
AG-898-B05_10_9_5762_6586_F	TIGR02315	319.9	1.4e-96	319.7	1.7e-96
AG-898-B14_13_60_50750_51553_R	TIGR02315	321.3	5.7e-97	321.1	6.5e-97
AG-898-C07_2_88_71601_72425_F	TIGR02315	319.8	1.6e-96	319.6	1.9e-96
AG-898-D04_3_12_9445_10260_F	TIGR02315	318.7	3.3e-96	318.5	3.9e-96
AG-898-D17_1_22_17482_18249_F	TIGR02315	267.8	1.2e-80	267.5	1.4e-80
AG-898-G02_2_30_25862_26722_R	TIGR02315	312.1	3.4e-94	311.9	4.1e-94
AG-898-G03_7_46_25513_26280_F	TIGR02315	331.3	4.9e-100	331.1	5.5e-100
AG-898-I14_2_57_29960_30727_R	TIGR02315	332.7	1.8e-100	332.5	2e-100
AG-898-J17_1_210_227065_227895_R	TIGR02315	315.7	2.8e-95	315.5	3.2e-95
AG-898-J17_3_133_145125_145946_R	TIGR02315	328.5	3.4e-99	328.4	3.9e-99
AG-898-J22_4_34_27421_28281_R	TIGR02315	312.1	3.4e-94	311.9	4.1e-94
AG-898-J22_4_9_7182_7949_R	TIGR02315	268.6	7e-81	268.3	8.3e-81
AG-898-K08_9_2_1250_2017_F	TIGR02315	333.4	1.1e-100	333.2	1.3e-100
AG-898-K23_5_21_20479_21339_F	TIGR02315	311.5	5.6e-94	311.2	6.7e-94
AG-898-L05_10_2_971_1738_F	TIGR02315	331.6	4e-100	331.4	4.5e-100
AG-898-L05_10_5_3588_4373_F	TIGR02315	302.5	3.1e-91	302.3	3.5e-91
AG-898-M04_11_1_106_849_F	TIGR02315	306.9	1.3e-92	306.8	1.5e-92
AG-898-M13_8_9_8251_9054_R	TIGR02315	313.2	1.6e-94	313.1	1.8e-94
AG-898-M15_14_31_30120_30947_F	TIGR02315	311.4	6e-94	311.1	7.1e-94
AG-898-M15_24_16_13883_14650_R	TIGR02315	270.5	1.9e-81	270.2	2.2e-81
AG-898-M18_23_2_2228_3043_F	TIGR02315	320.3	1.1e-96	320.1	1.3e-96
AG-898-N21_1_87_83195_83998_F	TIGR02315	324.7	5e-98	324.5	5.7e-98
AG-898-O15_4_44_42054_42683_F	TIGR02315	275.7	4.6e-83	275.6	5.1e-83
AG-898-P07_3_23_16736_17539_R	TIGR02315	321.4	5.3e-97	321.2	6e-97
AG-899-B02_3_130_129040_129867_F	TIGR02315	311.4	6e-94	311.1	7.1e-94
AG-899-B02_3_158_152261_153028_F	TIGR02315	269.4	3.9e-81	269.2	4.6e-81
AG-899-B06_11_59_49072_49896_F	TIGR02315	322.5	2.3e-97	322.3	2.6e-97
AG-899-C03_2_71_66873_67700_R	TIGR02315	311.4	6e-94	311.1	7.1e-94
AG-899-C06_10_46_44392_45186_R	TIGR02315	315.2	3.9e-95	315.0	4.5e-95
AG-899-C16_16_2_350_1174_F	TIGR02315	317.7	7.1e-96	317.4	8.4e-96
AG-899-D16_37_3_1682_2506_R	TIGR02315	319.8	1.6e-96	319.6	1.8e-96
AG-899-D19_20_8_6313_7137_R	TIGR02315	318.7	3.4e-96	318.5	4e-96
AG-899-E11_5_87_72997_73800_R	TIGR02315	319.1	2.5e-96	318.9	2.9e-96
AG-899-F04_5_86_66438_67238_R	TIGR02315	319.5	1.9e-96	319.3	2.2e-96
AG-899-G16_6_46_32681_33466_R	TIGR02315	302.5	3.1e-91	302.3	3.5e-91
AG-899-I11_4_53_44528_45298_R	TIGR02315	342.0	2.6e-103	341.8	3e-103
AG-899-J06_4_51_47219_47986_R	TIGR02315	270.5	1.9e-81	270.2	2.2e-81
AG-899-J14_25_13_5895_6662_R	TIGR02315	329.3	2e-99	329.1	2.3e-99
AG-899-K02_4_108_116704_117525_F	TIGR02315	328.5	3.4e-99	328.4	3.9e-99
AG-899-K05_28_5_2804_3571_R	TIGR02315	333.2	1.3e-100	333.0	1.5e-100
AG-899-K21_4_132_128232_129035_F	TIGR02315	324.7	5e-98	324.5	5.7e-98
AG-899-L04_1_124_114660_115463_R	TIGR02315	320.2	1.2e-96	320.0	1.4e-96
AG-899-L14_8_2_1181_1936_F	TIGR02315	332.8	1.7e-100	332.6	1.9e-100
AG-899-L16_35_5_2170_2937_R	TIGR02315	332.7	1.9e-100	332.5	2.1e-100
AG-899-M04_3_2_993_1760_F	TIGR02315	331.8	3.5e-100	331.6	4e-100
AG-899-M09_1_299_287502_288362_F	TIGR02315	311.2	6.9e-94	310.9	8.2e-94
AG-899-M13_21_12_11207_11974_R	TIGR02315	333.4	1.1e-100	333.2	1.3e-100
AG-899-M15_13_14_13727_14587_F	TIGR02315	311.1	7.1e-94	310.9	8.4e-94
AG-899-M15_13_37_33533_34300_F	TIGR02315	267.8	1.2e-80	267.5	1.4e-80
AG-899-M23_3_20_19365_20132_R	TIGR02315	270.5	1.9e-81	270.2	2.2e-81
AG-899-M23_3_48_42532_43392_R	TIGR02315	311.1	7.1e-94	310.9	8.4e-94
AG-899-N21_2_77_78526_79350_R	TIGR02315	317.3	9.1e-96	317.1	1.1e-95
AG-899-O02_3_143_130121_130924_R	TIGR02315	321.6	4.3e-97	321.5	4.9e-97
AG-899-O16_1_95_90581_91405_F	TIGR02315	320.6	9.2e-97	320.4	1.1e-96
AG-899-O20_2_44_38349_39152_R	TIGR02315	319.8	1.6e-96	319.6	1.8e-96
AG-899-P20_3_26_19961_20764_R	TIGR02315	316.1	2.1e-95	315.9	2.4e-95
AG-900-A03_26_7_2959_3726_F	TIGR02315	331.8	3.5e-100	331.6	4e-100
AG-900-B07_15_8_7862_8689_F	TIGR02315	311.4	6e-94	311.1	7.1e-94
AG-900-B11_1_19_11864_12631_R	TIGR02315	333.4	1.1e-100	333.2	1.3e-100
AG-900-B19_7_23_10332_11099_F	TIGR02315	331.3	4.9e-100	331.1	5.5e-100
AG-900-B20_31_10_4442_5209_R	TIGR02315	332.5	2.1e-100	332.3	2.4e-100
AG-900-C16_20_2_1066_1833_F	TIGR02315	333.4	1.1e-100	333.2	1.3e-100
AG-900-D02_54_2_744_1529_R	TIGR02315	330.2	1.1e-99	330.0	1.2e-99
AG-900-D03_1_19_14164_14988_F	TIGR02315	320.0	1.4e-96	319.7	1.7e-96
AG-900-E19_2_4_2994_3818_R	TIGR02315	319.9	1.4e-96	319.7	1.7e-96
AG-900-I06_17_2_1002_1769_F	TIGR02315	331.8	3.5e-100	331.6	4e-100
AG-900-I07_2_2_61_864_F	TIGR02315	322.8	2e-97	322.6	2.3e-97
AG-900-K07_15_1_3_710_F	TIGR02315	294.4	9e-89	294.2	1e-88
AG-900-K10_2_43_39548_40315_R	TIGR02315	343.7	8.2e-104	343.5	9.3e-104
AG-900-K10_2_68_59225_59980_F	TIGR02315	332.7	1.8e-100	332.6	2e-100
AG-900-K14_4_112_105705_106508_F	TIGR02315	322.1	3.2e-97	321.9	3.6e-97
AG-900-K20_4_48_45189_45992_R	TIGR02315	323.3	1.4e-97	323.1	1.5e-97
AG-900-L08_12_23_17425_18228_R	TIGR02315	322.7	2e-97	322.5	2.3e-97
AG-900-L19_41_6_3147_3914_R	TIGR02315	331.8	3.5e-100	331.6	4e-100
AG-900-M14_5_58_50984_51787_R	TIGR02315	322.7	2e-97	322.5	2.3e-97
AG-900-M19_14_23_17751_18524_R	TIGR02315	340.4	7.9e-103	340.2	9e-103
AG-900-N03_8_21_15721_16488_F	TIGR02315	329.3	2e-99	329.1	2.3e-99
AG-900-N04_15_29_20981_21784_F	TIGR02315	322.4	2.5e-97	322.3	2.8e-97
AG-900-N17_42_6_4333_5112_R	TIGR02315	315.8	2.6e-95	315.6	3e-95
AG-900-N21_10_14_11249_12016_F	TIGR02315	269.3	4.2e-81	269.1	4.9e-81
AG-900-O17_5_57_63462_64286_R	TIGR02315	320.0	1.4e-96	319.7	1.7e-96
AG-900-O22_1_68_56979_57749_R	TIGR02315	339.3	1.8e-102	339.1	2e-102
AG-900-P11_4_63_56903_57706_R	TIGR02315	319.1	2.5e-96	318.9	2.9e-96
AG-900-P21_16_8_5878_6702_R	TIGR02315	318.9	3.1e-96	318.6	3.6e-96
AG-901-A07_5_60_51583_52407_F	TIGR02315	319.9	1.4e-96	319.7	1.7e-96
AG-901-A18_21_4_2361_3185_R	TIGR02315	318.9	3.1e-96	318.6	3.6e-96
AG-901-A18_21_6_3711_4766_R	TIGR02315	287.2	1.5e-86	238.3	1.2e-71
AG-901-A21_4_4_3431_4198_R	TIGR02315	343.6	8.5e-104	343.4	9.7e-104
AG-901-C08_6_34_31975_32799_R	TIGR02315	319.9	1.4e-96	319.7	1.7e-96
AG-901-C14_14_10_7216_7986_F	TIGR02315	342.0	2.6e-103	341.8	3e-103
AG-901-D21_2_82_66993_67796_R	TIGR02315	321.6	4.3e-97	321.5	4.9e-97
AG-901-D22_22_2_1233_2000_F	TIGR02315	343.7	8.2e-104	343.5	9.3e-104
AG-901-E23_2_283_284699_285502_F	TIGR02315	326.2	1.7e-98	326.0	2e-98
AG-901-G03_12_19_14511_15314_F	TIGR02315	321.6	4.3e-97	321.5	4.9e-97
AG-901-G05_1_122_105283_106107_F	TIGR02315	319.8	1.6e-96	319.6	1.8e-96
AG-901-G13_3_26_20512_21279_F	TIGR02315	343.7	8.2e-104	343.5	9.3e-104
AG-901-G21_3_94_77872_78675_R	TIGR02315	322.1	3.2e-97	321.9	3.6e-97
AG-901-I05_31_3_979_1746_F	TIGR02315	286.8	1.8e-86	286.7	2.1e-86
AG-901-J02_47_2_1014_1781_F	TIGR02315	329.8	1.4e-99	329.7	1.5e-99
AG-901-J04_19_20_10543_11328_R	TIGR02315	302.5	3.1e-91	302.3	3.5e-91
AG-901-J04_19_23_13178_13945_R	TIGR02315	330.5	8.4e-100	330.3	9.5e-100
AG-901-K16_4_5_2289_3059_F	TIGR02315	340.8	6e-103	340.7	6.8e-103
AG-901-L08_2_56_47528_48298_R	TIGR02315	342.0	2.6e-103	341.8	3e-103
AG-901-L08_7_12_7695_8468_F	TIGR02315	340.4	7.9e-103	340.2	9e-103
AG-901-O02_2_46_40289_41044_R	TIGR02315	333.8	8.1e-101	333.7	9.1e-101
AG-901-O07_8_34_32477_33292_R	TIGR02315	314.6	6.1e-95	314.4	7e-95
AG-901-O20_3_27_23727_24551_R	TIGR02315	318.6	3.8e-96	318.3	4.4e-96
AG-901-P17_38_3_1721_2524_R	TIGR02315	322.1	3.2e-97	321.9	3.6e-97
AG-903-A05_22_6_4170_4925_F	TIGR02315	332.7	1.8e-100	332.6	2e-100
AG-903-A05_23_4_2942_3709_R	TIGR02315	343.7	8.2e-104	343.5	9.3e-104
AG-903-C04_1_31_29240_30064_R	TIGR02315	318.9	3.1e-96	318.6	3.6e-96
AG-903-D11_10_52_38033_38788_F	TIGR02315	332.8	1.7e-100	332.6	1.9e-100
AG-903-D11_6_47_35356_36126_F	TIGR02315	342.0	2.6e-103	341.8	3e-103
AG-903-D13_11_5_2253_3023_F	TIGR02315	345.5	2.3e-104	345.3	2.6e-104
AG-903-E20_11_10_9414_10214_F	TIGR02315	321.1	6.3e-97	320.9	7.2e-97
AG-903-E23_1_168_133904_134671_F	TIGR02315	332.2	2.6e-100	332.0	2.9e-100
AG-903-F16_2_30_27790_28614_R	TIGR02315	318.9	3e-96	318.7	3.5e-96
AG-903-G07_5_25_19314_20117_R	TIGR02315	321.2	5.7e-97	321.1	6.5e-97
AG-903-G18_4_147_132045_132812_R	TIGR02315	342.4	2e-103	342.2	2.2e-103
AG-903-G21_2_94_93508_94311_R	TIGR02315	311.4	5.8e-94	311.2	6.6e-94
AG-903-I13_10_3_1995_2798_R	TIGR02315	319.0	2.8e-96	318.8	3.2e-96
AG-903-I14_16_7_5318_6088_F	TIGR02315	343.0	1.3e-103	342.8	1.5e-103
AG-903-J11_1_6_3196_3963_R	TIGR02315	333.2	1.3e-100	333.0	1.5e-100
AG-903-K13_8_30_24612_25436_R	TIGR02315	319.2	2.4e-96	319.0	2.7e-96
AG-903-K22_6_45_38685_39509_F	TIGR02315	319.0	2.7e-96	318.8	3.1e-96
AG-903-L16_35_2_584_1408_R	TIGR02315	319.9	1.4e-96	319.7	1.7e-96
AG-903-M06_6_25_13109_13894_R	TIGR02315	302.5	3.1e-91	302.3	3.5e-91
AG-903-M07_2_36_30485_31252_F	TIGR02315	343.7	8.2e-104	343.5	9.3e-104
AG-903-M14_6_10_7727_8551_R	TIGR02315	318.9	3.1e-96	318.6	3.6e-96
AG-903-N11_15_27_15684_16469_R	TIGR02315	302.5	3.1e-91	302.3	3.5e-91
AG-903-N11_15_30_18319_19086_R	TIGR02315	329.6	1.6e-99	329.5	1.7e-99
AG-903-O09_9_61_36626_37393_R	TIGR02315	331.8	3.3e-100	331.7	3.7e-100
AG-903-O22_10_17_14014_14838_R	TIGR02315	319.9	1.4e-96	319.7	1.7e-96
AG-903-P01_2_43_36937_37704_F	TIGR02315	342.0	2.7e-103	341.8	3e-103
AG-903-P05_20_3_1809_2612_F	TIGR02315	322.8	2e-97	322.6	2.3e-97
AG-903-P13_37_13_11053_11865_F	TIGR02315	328.2	4.2e-99	328.0	4.8e-99
AG-903-P18_25_4_2014_2817_R	TIGR02315	319.1	2.5e-96	318.9	2.9e-96
AG-904-B08_18_1_2_1117_F	TIGR02315	318.9	2.9e-96	318.5	3.9e-96
AG-904-B14_17_8_6157_6981_R	TIGR02315	319.9	1.4e-96	319.7	1.7e-96
AG-904-C06_34_6_4758_5567_R	TIGR02315	315.6	2.9e-95	315.4	3.4e-95
AG-904-C11_6_42_40660_41520_F	TIGR02315	311.1	7.1e-94	310.9	8.4e-94
AG-904-D18_11_15_8690_9493_F	TIGR02315	322.7	2e-97	322.5	2.3e-97
AG-904-E10_13_9_10438_11244_R	TIGR02315	313.4	1.4e-94	313.2	1.7e-94
AG-904-E19_2_37_36203_37027_R	TIGR02315	319.9	1.4e-96	319.7	1.7e-96
AG-904-F03_23_2_123_890_R	TIGR02315	333.2	1.3e-100	333.0	1.5e-100
AG-904-F08_10_3_1792_2595_F	TIGR02315	321.0	7e-97	320.8	8e-97
AG-904-F15_36_8_5325_6149_F	TIGR02315	320.0	1.4e-96	319.7	1.7e-96
AG-904-F17_1_355_310889_311713_F	TIGR02315	318.9	3.1e-96	318.6	3.6e-96
AG-904-G21_4_22_15557_16381_F	TIGR02315	319.9	1.4e-96	319.7	1.7e-96
AG-904-I16_28_2_244_987_F	TIGR02315	296.4	2.2e-89	296.2	2.5e-89
AG-904-N04_17_9_4379_5146_R	TIGR02315	331.7	3.7e-100	331.5	4.2e-100
AG-904-N19_12_2_585_1352_F	TIGR02315	268.9	5.4e-81	268.7	6.4e-81
AG-904-N19_50_2_436_1263_R	TIGR02315	311.4	6e-94	311.1	7.1e-94
AG-904-O05_29_7_5570_6364_F	TIGR02315	314.3	7.7e-95	314.1	8.9e-95
AG-904-O08_3_66_60036_60836_R	TIGR02315	321.1	6.3e-97	320.9	7.2e-97
AG-904-O22_5_69_56680_57447_R	TIGR02315	332.8	1.7e-100	332.6	1.9e-100
AG-905-A20_14_7_3107_3874_F	TIGR02315	333.4	1.1e-100	333.2	1.3e-100
AG-905-B08_3_68_57226_57996_R	TIGR02315	342.2	2.3e-103	342.0	2.6e-103
AG-905-B08_4_70_58401_59156_F	TIGR02315	332.8	1.7e-100	332.6	1.9e-100
AG-905-B14_1_30_12420_13187_F	TIGR02315	333.4	1.1e-100	333.2	1.3e-100
AG-905-C17_5_25_17710_18513_F	TIGR02315	320.0	1.3e-96	319.9	1.5e-96
AG-905-D04_3_112_108957_109724_F	TIGR02315	268.3	8.4e-81	268.1	9.8e-81
AG-905-D04_3_85_85744_86550_F	TIGR02315	308.8	3.5e-93	308.6	4e-93
AG-905-D16_4_30_23545_24348_F	TIGR02315	321.6	4.3e-97	321.5	4.9e-97
AG-905-D21_2_6_4699_5454_F	TIGR02315	332.8	1.7e-100	332.6	1.9e-100
AG-905-E08_5_21_15855_16622_F	TIGR02315	343.7	8.2e-104	343.5	9.3e-104
AG-905-E11_14_17_11094_11918_F	TIGR02315	319.5	1.9e-96	319.3	2.2e-96
AG-905-F13_14_16_12057_12857_R	TIGR02315	319.7	1.7e-96	319.5	1.9e-96
AG-905-F14_17_19_10106_10891_R	TIGR02315	302.5	3.1e-91	302.3	3.5e-91
AG-905-F14_17_22_12740_13507_R	TIGR02315	332.8	1.7e-100	332.7	1.9e-100
AG-905-G05_10_12_4670_5437_F	TIGR02315	332.5	2.1e-100	332.3	2.4e-100
AG-905-I20_10_23_19320_20135_R	TIGR02315	320.0	1.3e-96	319.8	1.5e-96
AG-905-I23_3_17_7012_7779_F	TIGR02315	331.3	4.9e-100	331.1	5.5e-100
AG-905-J14_5_10_6820_7644_R	TIGR02315	318.9	3.1e-96	318.6	3.6e-96
AG-905-J18_29_2_964_1731_F	TIGR02315	333.2	1.3e-100	333.0	1.5e-100
AG-905-L17_3_94_83778_84581_F	TIGR02315	321.6	4.3e-97	321.5	4.9e-97
AG-905-N16_12_12_9746_10513_F	TIGR02315	269.7	3.1e-81	269.5	3.7e-81
AG-905-N16_13_21_20945_21805_F	TIGR02315	310.6	1e-93	310.3	1.2e-93
AG-905-N19_7_1_2_796_F	TIGR02315	318.2	5e-96	318.0	5.6e-96
AG-905-O09_15_13_9144_9878_R	TIGR02315	291.1	9.3e-88	290.9	1.1e-87
AG-905-P14_8_43_40409_41209_R	TIGR02315	321.1	6.3e-97	320.9	7.2e-97
AG-905-P20_1_83_69983_70807_F	TIGR02315	318.9	3.1e-96	318.6	3.6e-96
AG-907-B11_10_13_5736_6503_F	TIGR02315	332.0	2.9e-100	331.9	3.3e-100
AG-907-C17_5_28_22285_23088_F	TIGR02315	321.6	4.3e-97	321.5	4.9e-97
AG-907-C23_4_8_6075_6845_F	TIGR02315	341.7	3.1e-103	341.6	3.5e-103
AG-907-E10_8_3_1937_2761_R	TIGR02315	322.4	2.6e-97	322.2	2.9e-97
AG-907-E16_53_1_2_766_F	TIGR02315	312.5	2.7e-94	312.3	3e-94
AG-907-G16_10_34_20153_20920_R	TIGR02315	331.8	3.5e-100	331.6	4e-100
AG-907-K06_35_4_2743_3495_R	TIGR02315	292.9	2.6e-88	292.7	2.9e-88
AG-907-K08_16_2_1135_1908_F	TIGR02315	340.4	7.9e-103	340.2	9e-103
AG-907-K08_19_5_2508_3278_F	TIGR02315	342.1	2.5e-103	341.9	2.8e-103
AG-907-N15_4_50_50052_50876_R	TIGR02315	318.9	3.1e-96	318.6	3.6e-96
AG-907-N18_13_7_4761_5564_R	TIGR02315	321.6	4.3e-97	321.5	4.9e-97
AG-907-O16_14_7_5649_6407_R	TIGR02315	299.4	2.6e-90	299.2	3.1e-90
AG-907-P07_8_7_3042_3809_F	TIGR02315	333.2	1.3e-100	333.0	1.5e-100
AG-907-P11_1_84_73608_74432_R	TIGR02315	322.5	2.3e-97	322.3	2.6e-97
AG-907-P16_1_82_67134_67958_F	TIGR02315	318.9	3.1e-96	318.6	3.6e-96
AG-908-A17_6_24_21162_21962_F	TIGR02315	321.1	6.3e-97	320.9	7.2e-97
AG-908-A22_3_2_1053_1820_F	TIGR02315	332.2	2.5e-100	332.1	2.8e-100
AG-908-B02_1_37_33056_33880_F	TIGR02315	322.5	2.3e-97	322.3	2.6e-97
AG-908-B03_10_25_26920_27723_F	TIGR02315	327.3	8.1e-99	327.1	9.2e-99
AG-908-D05_1_213_179285_180109_F	TIGR02315	319.9	1.4e-96	319.7	1.7e-96
AG-908-D06_1_138_120042_120809_R	TIGR02315	333.2	1.3e-100	333.0	1.5e-100
AG-908-D17_4_88_87733_88557_R	TIGR02315	318.9	3.1e-96	318.6	3.6e-96
AG-908-E06_58_3_1347_2069_R	TIGR02315	317.1	1.1e-95	316.9	1.2e-95
AG-908-E09_6_21_15092_15859_F	TIGR02315	343.7	8.2e-104	343.5	9.3e-104
AG-908-F04_21_2_494_1297_F	TIGR02315	322.1	3.2e-97	321.9	3.6e-97
AG-908-F18_10_38_32128_32952_F	TIGR02315	320.6	9.2e-97	320.4	1.1e-96
AG-908-G17_2_68_43009_43812_R	TIGR02315	324.7	5e-98	324.5	5.7e-98
AG-908-G18_1_13_11631_12455_R	TIGR02315	322.0	3.4e-97	321.8	3.9e-97
AG-908-I10_1_74_74339_75163_R	TIGR02315	318.9	3.1e-96	318.6	3.6e-96
AG-908-J14_4_29_16787_17554_F	TIGR02315	332.5	2.1e-100	332.3	2.4e-100
AG-908-K11_6_2_980_1747_F	TIGR02315	332.1	2.7e-100	332.0	3e-100
AG-908-K19_9_21_17981_18748_R	TIGR02315	343.5	9.3e-104	343.3	1e-103
AG-908-O02_18_14_6405_7172_R	TIGR02315	333.9	7.9e-101	333.7	8.9e-101
AG-908-O04_17_6_3487_4260_R	TIGR02315	340.4	7.9e-103	340.2	9e-103
AG-909-A15_11_16_13952_14719_R	TIGR02315	343.7	8.2e-104	343.5	9.3e-104
AG-909-D16_3_37_36757_37581_R	TIGR02315	320.2	1.2e-96	320.0	1.4e-96
AG-909-F08_12_34_28598_29401_F	TIGR02315	322.4	2.6e-97	322.2	2.9e-97
AG-909-G06_11_24_20825_21649_R	TIGR02315	320.0	1.4e-96	319.7	1.7e-96
AG-909-G09_2_39_32431_33234_F	TIGR02315	321.6	4.3e-97	321.5	4.9e-97
AG-909-I06_6_3_1632_2456_R	TIGR02315	316.6	1.5e-95	316.3	1.8e-95
AG-909-L11_6_47_38359_39162_F	TIGR02315	322.5	2.3e-97	322.4	2.6e-97
AG-909-L16_3_50_27879_28664_R	TIGR02315	302.5	3.1e-91	302.3	3.5e-91
AG-909-L16_3_53_30514_31281_R	TIGR02315	330.5	8.4e-100	330.3	9.5e-100
AG-909-N06_8_24_21609_22433_R	TIGR02315	318.9	3.1e-96	318.6	3.6e-96
AG-909-O06_3_49_41621_42445_F	TIGR02315	318.9	3.1e-96	318.6	3.6e-96
AG-909-P15_8_34_32882_33742_F	TIGR02315	311.1	7.1e-94	310.9	8.4e-94
AG-910-A16_4_30_21881_22651_F	TIGR02315	341.7	3.3e-103	341.5	3.7e-103
AG-910-B20_5_110_71853_72620_R	TIGR02315	333.2	1.3e-100	333.0	1.5e-100
AG-910-B21_2_188_224180_224965_R	TIGR02315	329.7	1.5e-99	329.5	1.7e-99
AG-910-B21_2_240_272290_273069_R	TIGR02315	315.4	3.5e-95	315.2	3.9e-95
AG-910-C05_2_24_15470_16297_R	TIGR02315	315.7	2.8e-95	315.4	3.4e-95
AG-910-C15_6_31_26840_27643_R	TIGR02315	321.6	4.3e-97	321.5	4.9e-97
AG-910-D07_3_35_33600_34424_R	TIGR02315	320.7	8.5e-97	320.5	1e-96
AG-910-D20_1_60_50601_51404_R	TIGR02315	321.6	4.3e-97	321.5	4.9e-97
AG-910-E04_8_52_51761_52585_R	TIGR02315	318.9	3.1e-96	318.6	3.6e-96
AG-910-E10_26_7_3518_4285_R	TIGR02315	331.8	3.5e-100	331.6	4e-100
AG-910-E22_7_28_22478_23281_F	TIGR02315	321.3	5.6e-97	321.1	6.4e-97
AG-910-F07_3_64_58029_58853_R	TIGR02315	320.1	1.2e-96	319.9	1.5e-96
AG-910-G08_3_8_5996_6769_R	TIGR02315	340.3	8.5e-103	340.2	9.6e-103
AG-910-I09_3_15_10151_10954_F	TIGR02315	324.7	5e-98	324.5	5.7e-98
AG-910-J03_7_27_20811_21635_R	TIGR02315	317.5	7.8e-96	317.3	9.2e-96
AG-910-J04_11_11_5944_6711_R	TIGR02315	332.5	2.1e-100	332.3	2.4e-100
AG-910-J06_1_52_44198_45001_R	TIGR02315	322.1	3.2e-97	321.9	3.6e-97
AG-910-J22_9_24_16998_17822_F	TIGR02315	319.9	1.4e-96	319.7	1.7e-96
AG-910-K08_10_40_33940_34764_F	TIGR02315	319.9	1.4e-96	319.7	1.7e-96
AG-910-M10_4_33_24726_25493_F	TIGR02315	343.0	1.3e-103	342.8	1.5e-103
AG-910-M13_5_21_13637_14404_F	TIGR02315	343.7	8.2e-104	343.5	9.3e-104
AG-910-N06_12_11_7333_8118_R	TIGR02315	302.5	3.1e-91	302.3	3.5e-91
AG-910-N06_12_14_9968_10735_R	TIGR02315	333.5	1e-100	333.3	1.2e-100
AG-910-N21_1_146_145673_146500_F	TIGR02315	310.2	1.3e-93	310.0	1.6e-93
AG-910-N21_9_52_49747_50514_R	TIGR02315	269.3	4.1e-81	269.1	4.8e-81
AG-910-O03_1_119_112514_113338_R	TIGR02315	318.9	3.1e-96	318.6	3.6e-96
AG-910-O20_1_61_53403_54227_F	TIGR02315	318.1	5e-96	317.9	5.9e-96
AG-910-P08_11_5_2678_3433_R	TIGR02315	332.8	1.7e-100	332.6	1.9e-100
AG-910-P08_3_40_35939_36709_R	TIGR02315	342.0	2.6e-103	341.8	3e-103
AG-910-P13_5_25_25111_25911_F	TIGR02315	319.7	1.7e-96	319.5	1.9e-96
AG-911-B02_5_25_22380_23204_R	TIGR02315	318.9	3.1e-96	318.6	3.6e-96
AG-911-B04_1_208_183532_184356_F	TIGR02315	318.9	3.1e-96	318.6	3.6e-96
AG-911-C04_4_25_17105_17875_F	TIGR02315	342.0	2.6e-103	341.8	3e-103
AG-911-C05_23_3_1422_2189_F	TIGR02315	333.0	1.5e-100	332.8	1.7e-100
AG-911-C05_23_6_4038_4823_F	TIGR02315	302.5	3.1e-91	302.3	3.5e-91
AG-911-C08_4_125_140896_141618_R	TIGR02315	304.4	7.9e-92	304.2	8.9e-92
AG-911-C13_1_34_25076_25900_F	TIGR02315	318.9	3.1e-96	318.6	3.6e-96
AG-911-D11_4_92_78613_79380_R	TIGR02315	343.7	8.2e-104	343.5	9.3e-104
AG-911-E06_16_2_1064_1831_F	TIGR02315	333.2	1.3e-100	333.0	1.5e-100
AG-911-E14_2_14_10718_11542_R	TIGR02315	318.9	3.1e-96	318.6	3.6e-96
AG-911-E22_4_3_1341_2144_R	TIGR02315	324.7	5e-98	324.5	5.7e-98
AG-911-F16_1_22_19090_19869_R	TIGR02315	315.4	3.5e-95	315.2	3.9e-95
AG-911-F16_12_24_23038_23823_F	TIGR02315	330.2	1.1e-99	330.0	1.2e-99
AG-911-I14_11_18_15538_16317_R	TIGR02315	313.8	1e-94	313.7	1.2e-94
AG-911-I16_32_1_2_793_F	TIGR02315	315.0	4.5e-95	314.8	5.1e-95
AG-911-I18_4_52_49711_50478_R	TIGR02315	270.7	1.6e-81	270.4	1.9e-81
AG-911-I18_4_80_72874_73680_R	TIGR02315	311.5	5.5e-94	311.2	6.4e-94
AG-911-J10_5_47_43191_43994_R	TIGR02315	320.3	1.1e-96	320.1	1.2e-96
AG-911-J17_79_2_998_1810_R	TIGR02315	313.7	1.1e-94	313.5	1.3e-94
AG-911-K21_2_20_14026_14793_F	TIGR02315	343.7	8.2e-104	343.5	9.3e-104
AG-911-L06_8_14_6722_7489_R	TIGR02315	333.2	1.3e-100	333.0	1.5e-100
AG-911-L07_2_61_44336_45109_F	TIGR02315	340.4	7.9e-103	340.2	9e-103
AG-911-L07_9_8_8543_9313_R	TIGR02315	342.1	2.5e-103	341.9	2.8e-103
AG-911-L11_1_138_132482_133306_R	TIGR02315	318.3	4.6e-96	318.1	5.3e-96
AG-911-L18_1_72_71064_71888_R	TIGR02315	319.9	1.4e-96	319.7	1.7e-96
AG-911-L21_1_86_74505_75272_F	TIGR02315	343.5	9.3e-104	343.3	1e-103
AG-911-M05_1_178_166957_167781_R	TIGR02315	318.4	4.1e-96	318.2	4.8e-96
AG-911-M08_2_109_107755_108582_F	TIGR02315	312.2	3.2e-94	312.0	3.8e-94
AG-911-M18_3_8_7502_8305_F	TIGR02315	318.7	3.4e-96	318.5	3.9e-96
AG-911-M23_9_34_31600_32370_R	TIGR02315	343.0	1.3e-103	342.8	1.5e-103
AG-911-P08_1_21_19065_19823_R	TIGR02315	305.5	3.5e-92	305.4	4e-92
AG-912-A09_2_20_13807_14631_F	TIGR02315	320.2	1.2e-96	320.0	1.4e-96
AG-912-B03_12_20_9685_10452_R	TIGR02315	332.1	2.8e-100	331.9	3.2e-100
AG-912-B06_7_16_10417_11241_F	TIGR02315	318.9	3.1e-96	318.6	3.6e-96
AG-912-B13_3_21_15648_16403_R	TIGR02315	332.8	1.7e-100	332.6	1.9e-100
AG-912-C20_2_68_48162_48929_F	TIGR02315	330.6	8e-100	330.4	9e-100
AG-912-D06_3_81_65057_65827_F	TIGR02315	343.0	1.3e-103	342.8	1.5e-103
AG-912-D07_5_19_10549_11316_R	TIGR02315	331.8	3.5e-100	331.6	4e-100
AG-912-D07_6_75_49019_49804_F	TIGR02315	302.5	3.1e-91	302.3	3.5e-91
AG-912-E02_2_137_97441_98208_F	TIGR02315	331.8	3.5e-100	331.6	4e-100
AG-912-E06_5_17_14118_14897_R	TIGR02315	315.8	2.6e-95	315.6	3e-95
AG-912-E20_3_18_11218_12021_F	TIGR02315	321.6	4.3e-97	321.5	4.9e-97
AG-912-F21_3_47_44080_44877_R	TIGR02315	306.1	2.3e-92	306.0	2.7e-92
AG-912-G03_6_18_12501_13304_F	TIGR02315	324.7	5e-98	324.5	5.7e-98
AG-912-G06_3_74_40326_41093_F	TIGR02315	333.2	1.3e-100	333.0	1.5e-100
AG-912-G22_1_326_281984_282808_F	TIGR02315	319.9	1.4e-96	319.7	1.7e-96
AG-912-I06_5_34_21099_21866_R	TIGR02315	330.5	8.4e-100	330.3	9.5e-100
AG-912-I13_12_28_24180_24947_R	TIGR02315	343.7	8.2e-104	343.5	9.3e-104
AG-912-J14_1_208_168762_169529_R	TIGR02315	330.7	7.3e-100	330.5	8.2e-100
AG-912-J22_11_24_17663_18487_F	TIGR02315	318.9	3.1e-96	318.6	3.6e-96
AG-912-K05_1_142_132967_133791_R	TIGR02315	318.9	3.1e-96	318.6	3.6e-96
AG-912-L02_2_2_979_1746_F	TIGR02315	333.2	1.3e-100	333.0	1.5e-100
AG-912-L05_11_3_1154_1978_R	TIGR02315	318.9	3.1e-96	318.6	3.6e-96
AG-912-L09_2_41_43113_43937_R	TIGR02315	318.9	3.1e-96	318.6	3.6e-96
AG-912-M05_21_2_789_1511_R	TIGR02315	312.8	2.1e-94	312.7	2.4e-94
AG-912-N02_7_17_11093_11860_F	TIGR02315	333.2	1.3e-100	333.0	1.5e-100
AG-912-N08_5_46_36761_37564_F	TIGR02315	322.4	2.5e-97	322.3	2.8e-97
AG-912-N22_3_26_24103_24888_R	TIGR02315	302.5	3.1e-91	302.3	3.5e-91
AG-912-N22_3_29_26739_27506_R	TIGR02315	333.4	1.1e-100	333.2	1.3e-100
AG-912-O03_7_21_15663_16430_F	TIGR02315	343.7	8.2e-104	343.5	9.3e-104
AG-912-O17_12_7_3165_3932_F	TIGR02315	333.2	1.3e-100	333.0	1.5e-100
AG-912-P07_15_9_3723_4490_F	TIGR02315	332.5	2.1e-100	332.3	2.4e-100
AG-912-P15_6_2_812_1579_F	TIGR02315	343.9	7e-104	343.7	7.9e-104
AG-913-A04_4_74_74386_75210_R	TIGR02315	318.9	3.1e-96	318.6	3.6e-96
AG-913-A14_23_14_6723_7490_R	TIGR02315	333.2	1.3e-100	333.0	1.5e-100
AG-913-A21_10_10_8653_9456_R	TIGR02315	312.9	2e-94	312.7	2.3e-94
AG-913-B10_22_33_13622_14389_R	TIGR02315	331.8	3.3e-100	331.7	3.7e-100
AG-913-C03_2_116_99611_100435_F	TIGR02315	319.6	1.8e-96	319.4	2.1e-96
AG-913-C11_4_6_4660_5433_F	TIGR02315	341.4	3.9e-103	341.2	4.4e-103
AG-913-D08_4_18_13103_13927_F	TIGR02315	319.7	1.7e-96	319.5	2e-96
AG-913-D18_34_7_4535_5338_R	TIGR02315	312.1	3.6e-94	311.9	4.1e-94
AG-913-D23_6_33_24401_25168_F	TIGR02315	331.8	3.3e-100	331.7	3.7e-100
AG-913-E02_14_27_21879_22682_R	TIGR02315	321.6	4.3e-97	321.5	4.9e-97
AG-913-E04_5_35_28978_29778_R	TIGR02315	321.1	6.3e-97	320.9	7.2e-97
AG-913-E15_15_13_10016_10819_R	TIGR02315	322.1	3.2e-97	321.9	3.6e-97
AG-913-F13_1_207_167541_168308_F	TIGR02315	331.8	3.5e-100	331.6	4e-100
AG-913-G17_4_6_4683_5456_F	TIGR02315	340.4	7.9e-103	340.2	9e-103
AG-913-J11_4_45_31452_32219_F	TIGR02315	333.4	1.1e-100	333.2	1.3e-100
AG-913-K07_2_104_89065_89835_R	TIGR02315	345.5	2.3e-104	345.3	2.6e-104
AG-913-K08_1_10_6085_6909_F	TIGR02315	318.9	3.1e-96	318.6	3.6e-96
AG-913-L11_10_21_15067_15834_F	TIGR02315	343.9	7e-104	343.7	7.9e-104
AG-913-M21_8_37_33905_34708_R	TIGR02315	320.5	9.6e-97	320.3	1.1e-96
AG-913-N17_1_148_97972_98739_R	TIGR02315	333.4	1.1e-100	333.2	1.3e-100
AG-913-N19_4_36_36395_37183_R	TIGR02315	319.8	1.6e-96	319.6	1.8e-96
AG-913-O16_1_6_4723_5478_F	TIGR02315	332.8	1.7e-100	332.6	1.9e-100
AG-913-O20_2_48_43834_44688_F	TIGR02315	277.4	1.5e-83	277.2	1.7e-83
AG-913-P05_1_7_2958_3725_F	TIGR02315	331.8	3.3e-100	331.7	3.7e-100
AG-913-P10_34_2_181_1005_F	TIGR02315	319.8	1.6e-96	319.6	1.8e-96
AG-913-P21_8_23_22787_23590_F	TIGR02315	319.1	2.5e-96	318.9	2.9e-96
AG-913-P22_2_8_6781_7584_R	TIGR02315	319.4	2.1e-96	319.2	2.4e-96
AG-914-A04_16_7_5139_5909_F	TIGR02315	339.1	2e-102	339.0	2.2e-102
AG-914-A14_2_58_40954_41721_F	TIGR02315	329.3	2e-99	329.1	2.3e-99
AG-914-B16_2_61_53513_54316_F	TIGR02315	322.1	3.2e-97	321.9	3.6e-97
AG-914-B19_1_71_59607_60380_R	TIGR02315	340.3	8.5e-103	340.2	9.6e-103
AG-914-B19_1_96_80577_81344_F	TIGR02315	343.7	8.2e-104	343.5	9.3e-104
AG-914-D09_2_115_84144_84911_F	TIGR02315	333.0	1.5e-100	332.8	1.6e-100
AG-914-D20_3_42_35154_35978_F	TIGR02315	318.9	3.1e-96	318.6	3.6e-96
AG-914-E17_20_36_29446_30246_R	TIGR02315	321.1	6.3e-97	320.9	7.2e-97
AG-914-E23_12_6_2812_3579_F	TIGR02315	333.2	1.3e-100	333.0	1.5e-100
AG-914-F14_6_45_36280_37104_R	TIGR02315	321.7	4.1e-97	321.5	4.7e-97
AG-914-G18_4_99_84090_84893_R	TIGR02315	323.3	1.4e-97	323.1	1.5e-97
AG-914-G22_6_31_28627_29451_R	TIGR02315	318.9	3.1e-96	318.6	3.6e-96
AG-914-I15_9_17_12753_13577_F	TIGR02315	318.7	3.4e-96	318.5	4e-96
AG-914-I23_12_29_21211_21978_F	TIGR02315	333.4	1.1e-100	333.2	1.3e-100
AG-914-J13_5_10_7663_8496_F	TIGR02315	272.5	4.4e-82	272.3	5.1e-82
AG-914-J13_9_13_14412_15449_R	TIGR02315	312.1	3.6e-94	311.7	4.6e-94
AG-914-K21_1_164_150558_151325_R	TIGR02315	343.7	8.2e-104	343.5	9.3e-104
AG-914-L11_11_7_6258_7061_F	TIGR02315	309.2	2.8e-93	309.0	3.1e-93
AG-914-L21_11_6_4158_4913_F	TIGR02315	332.7	1.8e-100	332.6	2e-100
AG-914-L21_13_7_6212_6979_R	TIGR02315	343.7	8.2e-104	343.5	9.3e-104
AG-914-M13_36_3_1291_2115_R	TIGR02315	319.8	1.6e-96	319.6	1.8e-96
AG-914-N22_30_12_5696_6316_F	TIGR02315	282.5	3.8e-85	282.4	4.2e-85
AG-914-O15_3_15_13950_14720_R	TIGR02315	342.0	2.6e-103	341.8	3e-103
AG-914-O15_6_22_16371_17126_R	TIGR02315	332.8	1.7e-100	332.6	1.9e-100
AG-914-O23_60_6_3987_4799_R	TIGR02315	329.8	1.4e-99	329.6	1.6e-99
AG-914-P03_19_20_10562_11347_R	TIGR02315	302.5	3.1e-91	302.3	3.5e-91
AG-914-P03_19_23_13182_13964_R	TIGR02315	329.5	1.7e-99	329.4	1.9e-99
AG-914-P14_9_15_15718_16533_F	TIGR02315	320.0	1.3e-96	319.8	1.5e-96
AG-914-P23_6_59_58568_59392_R	TIGR02315	318.9	3.1e-96	318.6	3.6e-96
AG-915-A08_9_32_28780_29547_R	TIGR02315	343.1	1.2e-103	342.9	1.4e-103
AG-915-A11_35_2_970_1737_F	TIGR02315	331.8	3.3e-100	331.7	3.7e-100
AG-915-A23_7_10_7261_8031_F	TIGR02315	343.0	1.3e-103	342.8	1.5e-103
AG-915-B11_6_36_31449_32216_R	TIGR02315	302.8	2.4e-91	302.6	2.8e-91
AG-915-E02_13_11_9766_10536_R	TIGR02315	342.0	2.6e-103	341.8	3e-103
AG-915-E02_6_23_15198_15971_F	TIGR02315	340.4	7.9e-103	340.2	9e-103
AG-915-E06_4_46_38681_39505_F	TIGR02315	318.9	3.1e-96	318.6	3.6e-96
AG-915-E09_17_4_2483_3286_F	TIGR02315	322.8	2e-97	322.6	2.3e-97
AG-915-E18_1_1_26_799_F	TIGR02315	340.3	8.5e-103	340.2	9.6e-103
AG-915-E23_1_57_49450_50253_F	TIGR02315	320.9	7e-97	320.8	8e-97
AG-915-F11_3_211_185929_186684_R	TIGR02315	332.7	1.8e-100	332.6	2e-100
AG-915-F11_6_21_15304_16071_F	TIGR02315	343.7	8.2e-104	343.5	9.3e-104
AG-915-G04_16_34_20015_20782_R	TIGR02315	334.5	5.2e-101	334.3	5.9e-101
AG-915-G06_1_109_78320_79123_R	TIGR02315	324.7	5e-98	324.5	5.7e-98
AG-915-G10_6_72_72711_73535_R	TIGR02315	318.9	3.1e-96	318.6	3.6e-96
AG-915-I10_2_170_163382_164185_F	TIGR02315	324.7	5e-98	324.5	5.7e-98
AG-915-K03_21_8_6049_6873_R	TIGR02315	319.9	1.5e-96	319.6	1.8e-96
AG-915-K05_5_24_20142_20909_R	TIGR02315	342.7	1.7e-103	342.5	1.9e-103
AG-915-K06_19_3_1286_2053_F	TIGR02315	332.4	2.2e-100	332.3	2.5e-100
AG-915-K07_2_28_25015_25839_R	TIGR02315	320.0	1.4e-96	319.7	1.7e-96
AG-915-M14_1_251_225251_226054_F	TIGR02315	319.1	2.5e-96	318.9	2.9e-96
AG-915-N17_6_38_28242_29009_F	TIGR02315	333.2	1.3e-100	333.0	1.5e-100
AG-915-N20_26_17_7034_7801_F	TIGR02315	331.8	3.5e-100	331.6	4e-100
AG-915-O02_15_7_3764_4531_R	TIGR02315	332.2	2.5e-100	332.1	2.9e-100
AG-915-O05_5_28_28839_29561_F	TIGR02315	316.3	1.9e-95	316.1	2.1e-95
AG-915-P01_3_105_85333_86157_F	TIGR02315	318.9	3.1e-96	318.6	3.6e-96
AG-915-P16_1_78_48103_48870_F	TIGR02315	333.1	1.4e-100	332.9	1.5e-100
AG-916-A10_10_27_23870_24694_R	TIGR02315	319.9	1.4e-96	319.7	1.7e-96
AG-916-A18_3_71_61863_62678_R	TIGR02315	316.6	1.5e-95	316.4	1.7e-95
AG-916-B07_8_25_19523_20326_R	TIGR02315	321.6	4.3e-97	321.5	4.9e-97
AG-916-B15_8_45_44446_45270_R	TIGR02315	319.9	1.4e-96	319.7	1.7e-96
AG-916-B16_3_122_99007_99774_F	TIGR02315	333.2	1.3e-100	333.0	1.5e-100
AG-916-B20_21_9_3724_4491_F	TIGR02315	334.5	4.9e-101	334.4	5.6e-101
AG-916-D05_1_79_79792_80616_R	TIGR02315	318.9	3.1e-96	318.6	3.6e-96
AG-916-D09_2_86_76768_77523_R	TIGR02315	333.6	9.6e-101	333.4	1.1e-100
AG-916-D18_3_33_27846_28601_R	TIGR02315	332.8	1.7e-100	332.6	1.9e-100
AG-916-D18_4_71_61628_62398_R	TIGR02315	342.0	2.6e-103	341.8	3e-103
AG-916-E11_5_45_42584_43411_F	TIGR02315	311.4	6e-94	311.1	7.1e-94
AG-916-E18_22_14_6641_7408_F	TIGR02315	331.8	3.3e-100	331.7	3.7e-100
AG-916-F03_7_23_20147_20971_R	TIGR02315	320.2	1.2e-96	320.0	1.4e-96
AG-916-F14_4_6_4660_5433_F	TIGR02315	340.3	8.5e-103	340.2	9.6e-103
AG-916-G02_8_8_5845_6615_F	TIGR02315	342.3	2.1e-103	342.2	2.3e-103
AG-916-I03_5_2_1074_1841_F	TIGR02315	333.4	1.1e-100	333.2	1.3e-100
AG-916-I16_7_11_5786_6589_F	TIGR02315	321.6	4.3e-97	321.5	4.9e-97
AG-916-I18_7_60_52960_53715_R	TIGR02315	333.4	1.1e-100	333.2	1.2e-100
AG-916-J06_12_16_11064_11888_F	TIGR02315	318.9	3.1e-96	318.6	3.6e-96
AG-916-L04_5_21_15048_15878_F	TIGR02315	319.3	2.2e-96	319.1	2.7e-96
AG-916-L15_2_8_4278_5045_R	TIGR02315	331.4	4.6e-100	331.2	5.2e-100
AG-916-M03_11_17_12777_13544_F	TIGR02315	268.6	6.8e-81	268.4	8e-81
AG-916-M06_21_2_490_1314_F	TIGR02315	318.9	3.1e-96	318.6	3.6e-96
AG-916-M14_6_43_42337_43140_F	TIGR02315	324.7	5e-98	324.5	5.7e-98
AG-916-M15_1_26_17683_18507_F	TIGR02315	318.9	3.1e-96	318.6	3.6e-96
AG-916-M16_14_4_2482_3267_R	TIGR02315	302.5	3.1e-91	302.3	3.5e-91
AG-916-M16_14_7_5117_5884_R	TIGR02315	333.4	1.1e-100	333.2	1.3e-100
AG-916-N16_4_60_52511_53266_R	TIGR02315	332.8	1.7e-100	332.6	1.9e-100
AG-916-N18_14_12_8965_9792_R	TIGR02315	311.4	6e-94	311.1	7.1e-94
AG-916-N22_21_7_6919_7674_R	TIGR02315	272.4	4.7e-82	272.2	5.3e-82
AG-916-O09_30_15_6940_7707_R	TIGR02315	332.5	2.1e-100	332.3	2.4e-100
AG-916-O10_2_102_88387_89190_R	TIGR02315	321.6	4.3e-97	321.5	4.9e-97
AG-916-O20_14_18_15240_16064_R	TIGR02315	319.8	1.6e-96	319.6	1.8e-96
AG-916-P07_3_32_26237_27052_R	TIGR02315	318.5	4e-96	318.3	4.7e-96
AG-916-P08_8_12_8202_8969_F	TIGR02315	343.9	7e-104	343.7	7.9e-104
AG-916-P17_8_43_43335_44159_R	TIGR02315	319.9	1.4e-96	319.7	1.7e-96
AG-917-A09_8_32_26049_26873_R	TIGR02315	318.9	3e-96	318.6	3.6e-96
AG-917-A10_10_16_14357_15124_R	TIGR02315	343.9	7e-104	343.7	7.9e-104
AG-917-A11_5_43_38675_39442_R	TIGR02315	343.7	8.2e-104	343.5	9.3e-104
AG-917-A21_20_20_11209_11976_R	TIGR02315	333.4	1.1e-100	333.2	1.3e-100
AG-917-A23_2_8_5236_6060_F	TIGR02315	319.5	2e-96	319.2	2.3e-96
AG-917-B03_34_14_6656_7423_R	TIGR02315	333.3	1.2e-100	333.1	1.3e-100
AG-917-B08_12_23_16658_17482_F	TIGR02315	318.9	3.1e-96	318.6	3.6e-96
AG-917-B09_21_10_5566_6351_F	TIGR02315	302.5	3.1e-91	302.3	3.5e-91
AG-917-B09_21_7_2951_3718_F	TIGR02315	332.4	2.3e-100	332.2	2.6e-100
AG-917-C06_19_15_12225_13004_R	TIGR02315	315.4	3.5e-95	315.2	3.9e-95
AG-917-C06_6_19_19369_20154_F	TIGR02315	330.2	1.1e-99	330.0	1.2e-99
AG-917-C08_3_7_4575_5399_F	TIGR02315	318.9	3.1e-96	318.6	3.6e-96
AG-917-C10_15_16_11916_12740_R	TIGR02315	319.8	1.6e-96	319.6	1.8e-96
AG-917-C11_19_5_3801_4625_R	TIGR02315	318.9	3.1e-96	318.6	3.6e-96
AG-917-C18_2_14_10260_11087_R	TIGR02315	311.4	6e-94	311.1	7.1e-94
AG-917-D07_54_8_3598_4365_F	TIGR02315	332.5	2.1e-100	332.3	2.4e-100
AG-917-D08_4_23_19337_20167_F	TIGR02315	314.2	8.1e-95	314.0	9.5e-95
AG-917-E05_7_27_24876_25700_F	TIGR02315	318.8	3.1e-96	318.6	3.6e-96
AG-917-E11_4_96_60568_61335_F	TIGR02315	332.5	2.1e-100	332.3	2.4e-100
AG-917-F20_23_10_11266_12069_F	TIGR02315	313.8	1.1e-94	313.6	1.2e-94
AG-917-G04_60_2_591_1394_R	TIGR02315	320.1	1.3e-96	319.9	1.5e-96
AG-917-G18_17_41_41724_42539_R	TIGR02315	314.6	6.1e-95	314.4	7e-95
AG-917-I03_4_4_2169_2924_R	TIGR02315	333.7	8.7e-101	333.6	9.8e-101
AG-917-I07_5_32_19534_20301_R	TIGR02315	331.6	4e-100	331.4	4.5e-100
AG-917-L07_4_87_79283_80056_F	TIGR02315	340.4	7.9e-103	340.2	9e-103
AG-917-L07_8_61_47726_48496_F	TIGR02315	342.1	2.5e-103	341.9	2.8e-103
AG-917-L16_40_4_3319_4122_R	TIGR02315	322.1	3.2e-97	321.9	3.6e-97
AG-917-M22_2_34_27562_28386_F	TIGR02315	318.9	3.1e-96	318.6	3.6e-96
AG-917-N15_10_11_7922_8725_R	TIGR02315	321.6	4.3e-97	321.5	4.9e-97
AG-917-O02_25_11_8253_9077_R	TIGR02315	318.9	3.1e-96	318.6	3.6e-96
AG-917-O08_8_40_25961_26728_R	TIGR02315	332.5	2.1e-100	332.3	2.4e-100
AG-917-O09_1_194_182791_183558_R	TIGR02315	343.0	1.3e-103	342.8	1.5e-103
AG-917-P07_1_226_195930_196754_F	TIGR02315	318.9	3.1e-96	318.6	3.6e-96
AG-918-A01_7_51_44269_45093_F	TIGR02315	318.9	3.1e-96	318.6	3.6e-96
AG-918-B15_16_12_8451_9221_F	TIGR02315	341.7	3.3e-103	341.5	3.7e-103
AG-918-B19_42_1_2_682_F	TIGR02315	272.0	6.3e-82	271.8	7.2e-82
AG-918-B21_11_6_3402_4172_F	TIGR02315	342.1	2.5e-103	341.9	2.8e-103
AG-918-B21_13_16_14342_15097_F	TIGR02315	332.7	1.8e-100	332.6	2e-100
AG-918-C09_20_6_4554_5378_R	TIGR02315	322.8	1.9e-97	322.6	2.2e-97
AG-918-C11_2_14_10626_11378_F	TIGR02315	306.7	1.6e-92	306.5	1.8e-92
AG-918-C11_41_18_22222_23010_F	TIGR02315	327.9	5.1e-99	327.8	5.8e-99
AG-918-C15_2_139_137741_138565_R	TIGR02315	319.9	1.4e-96	319.7	1.7e-96
AG-918-C19_31_10_7858_8685_R	TIGR02315	311.4	6e-94	311.1	7.1e-94
AG-918-D14_1_93_75377_76201_F	TIGR02315	320.7	8.4e-97	320.5	9.8e-97
AG-918-D16_4_27_21374_22177_R	TIGR02315	322.1	3.2e-97	321.9	3.6e-97
AG-918-E07_4_31_17534_18301_R	TIGR02315	332.5	2.1e-100	332.3	2.4e-100
AG-918-E09_3_14_15420_16247_R	TIGR02315	309.9	1.7e-93	309.6	2.1e-93
AG-918-E09_3_4_3950_4777_F	TIGR02315	309.9	1.7e-93	309.6	2.1e-93
AG-918-F13_2_59_31846_32613_F	TIGR02315	332.5	2.1e-100	332.3	2.4e-100
AG-918-F16_11_25_23227_23982_R	TIGR02315	332.8	1.7e-100	332.6	1.9e-100
AG-918-I09_5_21_15277_16044_F	TIGR02315	343.7	8.2e-104	343.5	9.3e-104
AG-918-I18_9_46_44443_45210_R	TIGR02315	270.0	2.6e-81	269.8	3e-81
AG-918-I18_9_69_64153_64980_R	TIGR02315	310.3	1.2e-93	310.1	1.4e-93
AG-918-K09_7_15_12658_13482_R	TIGR02315	318.9	3.1e-96	318.6	3.6e-96
AG-918-L07_9_48_47450_48274_R	TIGR02315	318.9	3.1e-96	318.6	3.6e-96
AG-918-L20_1_27_25849_26634_R	TIGR02315	330.2	1.1e-99	330.0	1.2e-99
AG-918-L21_20_7_4068_4892_R	TIGR02315	318.9	3.1e-96	318.6	3.6e-96
AG-918-M02_2_77_65430_66197_F	TIGR02315	343.7	8.2e-104	343.5	9.3e-104
AG-918-M14_8_21_15095_15862_F	TIGR02315	344.1	5.9e-104	344.0	6.6e-104
AG-918-M19_4_53_44033_44857_F	TIGR02315	319.9	1.4e-96	319.7	1.7e-96
AG-918-N05_1_142_122457_123281_F	TIGR02315	319.9	1.4e-96	319.7	1.7e-96
AG-918-P10_11_20_16322_17146_R	TIGR02315	319.9	1.4e-96	319.7	1.7e-96
AG-918-P13_17_6_5514_6374_F	TIGR02315	311.1	7.1e-94	310.9	8.4e-94
AG-918-P13_4_38_36218_36985_R	TIGR02315	270.5	1.9e-81	270.2	2.2e-81
AG-919-A15_4_5_2157_2924_R	TIGR02315	330.1	1.2e-99	329.9	1.3e-99
AG-919-B02_5_52_28643_29410_R	TIGR02315	333.6	9.6e-101	333.4	1.1e-100
AG-919-B14_3_56_56227_57051_R	TIGR02315	319.9	1.4e-96	319.7	1.7e-96
AG-919-E16_13_2_958_1758_F	TIGR02315	321.1	6.3e-97	320.9	7.2e-97
AG-919-F05_1_174_155460_156215_R	TIGR02315	332.8	1.7e-100	332.6	1.9e-100
AG-919-F15_1_10_7319_8143_R	TIGR02315	318.9	3.1e-96	318.6	3.6e-96
AG-919-F22_2_38_37637_38461_R	TIGR02315	318.9	3.1e-96	318.6	3.6e-96
AG-919-G14_1_122_110257_111024_R	TIGR02315	343.3	1.1e-103	343.1	1.2e-103
AG-919-I05_7_32_32294_33094_F	TIGR02315	320.5	9.5e-97	320.3	1.1e-96
AG-919-I10_17_11_6321_7043_R	TIGR02315	313.4	1.4e-94	313.2	1.6e-94
AG-919-I11_6_26_23462_24286_R	TIGR02315	320.1	1.2e-96	319.9	1.5e-96
AG-919-I20_4_35_29090_29914_R	TIGR02315	318.7	3.4e-96	318.5	4e-96
AG-919-J11_20_7_2991_3758_F	TIGR02315	326.6	1.4e-98	326.4	1.5e-98
AG-919-J14_13_16_13336_14160_R	TIGR02315	319.9	1.4e-96	319.7	1.7e-96
AG-919-K04_15_30_14378_15145_F	TIGR02315	331.0	5.9e-100	330.9	6.6e-100
AG-919-K06_10_15_11092_11895_R	TIGR02315	323.7	9.9e-98	323.6	1.1e-97
AG-919-L04_6_81_67659_68426_R	TIGR02315	343.7	8.2e-104	343.5	9.3e-104
AG-919-L06_1_20_13981_14805_F	TIGR02315	318.9	3.1e-96	318.6	3.6e-96
AG-919-L13_49_8_8979_9773_R	TIGR02315	315.1	4.3e-95	314.9	4.9e-95
AG-919-L19_4_49_35965_36735_F	TIGR02315	339.1	2e-102	339.0	2.2e-102
AG-919-N16_16_8_6433_7212_F	TIGR02315	316.1	2.2e-95	315.9	2.5e-95
AG-919-N17_1_5_3878_4681_R	TIGR02315	321.6	4.3e-97	321.5	4.9e-97
AG-919-O09_13_1_17_841_F	TIGR02315	318.9	3.1e-96	318.6	3.6e-96
AG-919-O13_9_37_30923_31747_F	TIGR02315	318.9	3.1e-96	318.6	3.6e-96
AG-919-O22_1_6_5518_6285_R	TIGR02315	343.7	8.2e-104	343.5	9.3e-104
AG-919-O23_1_58_50391_51146_R	TIGR02315	332.7	1.8e-100	332.6	2e-100
AG-919-O23_1_83_71369_72136_F	TIGR02315	343.7	8.2e-104	343.5	9.3e-104
AG-919-P09_3_95_88183_88986_F	TIGR02315	321.6	4.3e-97	321.5	4.9e-97
AG-919-P14_2_53_44152_44976_F	TIGR02315	318.5	3.8e-96	318.3	4.5e-96
AG-920-B04_7_2_2266_3159_F	TIGR02315	287.5	1.1e-86	287.2	1.4e-86
AG-920-C05_36_2_760_1527_R	TIGR02315	329.8	1.4e-99	329.7	1.5e-99
AG-920-C09_12_24_20872_21594_F	TIGR02315	311.7	4.7e-94	311.6	5.2e-94
AG-920-F19_2_150_123482_124252_F	TIGR02315	344.1	6.1e-104	343.9	6.9e-104
AG-920-F19_3_110_94840_95595_F	TIGR02315	332.8	1.7e-100	332.6	1.9e-100
AG-920-F21_11_16_8268_9035_F	TIGR02315	332.5	2.1e-100	332.3	2.4e-100
AG-920-I14_7_23_20834_21658_R	TIGR02315	318.9	3.1e-96	318.6	3.6e-96
AG-920-J03_12_12_7826_8650_R	TIGR02315	318.9	3.1e-96	318.6	3.6e-96
AG-920-J04_13_34_25838_26662_F	TIGR02315	318.9	3.1e-96	318.6	3.6e-96
AG-920-J05_4_169_147721_148476_R	TIGR02315	332.7	1.8e-100	332.6	2e-100
AG-920-J06_3_36_30819_31574_R	TIGR02315	332.7	1.8e-100	332.6	2e-100
AG-920-J06_3_61_51797_52564_F	TIGR02315	343.7	8.2e-104	343.5	9.3e-104
AG-920-J16_2_8_3764_4531_R	TIGR02315	332.2	2.5e-100	332.1	2.9e-100
AG-920-L09_29_5_2808_3575_R	TIGR02315	329.3	2e-99	329.1	2.3e-99
AG-920-M14_26_12_8090_8857_R	TIGR02315	329.6	1.6e-99	329.5	1.7e-99
AG-920-M14_26_9_5454_6239_R	TIGR02315	304.0	1e-91	303.8	1.2e-91
AG-920-N08_1_254_241042_241866_R	TIGR02315	320.2	1.2e-96	320.0	1.4e-96
AG-920-O11_2_81_66437_67261_F	TIGR02315	319.0	2.7e-96	318.8	3.1e-96
AG-920-O19_41_4_2547_3359_F	TIGR02315	329.8	1.4e-99	329.6	1.6e-99
AG-920-P06_43_3_1964_2782_R	TIGR02315	318.4	4.2e-96	318.2	4.9e-96
AG-920-P15_5_29_21025_21849_F	TIGR02315	318.0	5.6e-96	317.8	6.5e-96
AG-920-P23_11_10_6717_7541_R	TIGR02315	319.9	1.4e-96	319.7	1.7e-96
AG-923-C10_2_2_1029_1796_F	TIGR02315	331.8	3.5e-100	331.6	4e-100
AH-287-A16_8_23_15752_16519_F	TIGR02315	343.0	1.3e-103	342.8	1.5e-103
AH-287-A17_6_24_15668_16435_F	TIGR02315	343.0	1.3e-103	342.8	1.5e-103
AH-287-B11_1_117_103470_104240_R	TIGR02315	338.1	3.9e-102	338.0	4.4e-102
AH-287-C15_23_3_1545_2303_F	TIGR02315	306.2	2.2e-92	306.0	2.5e-92
AH-287-D23_17_4_2728_3522_F	TIGR02315	329.6	1.6e-99	329.4	1.9e-99
AH-287-E08_12_14_16259_16981_F	TIGR02315	309.7	1.9e-93	309.6	2.1e-93
AH-287-E18_1_29_25285_26007_R	TIGR02315	310.8	9e-94	310.6	1e-93
AH-287-E19_2_36_35251_36009_R	TIGR02315	307.7	7.6e-93	307.6	8.6e-93
AH-287-F19_2_19_18067_18834_R	TIGR02315	343.0	1.3e-103	342.8	1.5e-103
AH-287-G04_2_37_34653_35423_R	TIGR02315	338.1	3.9e-102	338.0	4.4e-102
AH-287-G10_10_10_7160_7930_F	TIGR02315	338.1	3.9e-102	338.0	4.4e-102
AH-287-G15_8_2_982_1752_F	TIGR02315	338.1	3.9e-102	338.0	4.4e-102
AH-287-I04_2_6_5159_5881_F	TIGR02315	315.1	4.2e-95	315.0	4.6e-95
AH-287-I15_4_79_62425_63195_F	TIGR02315	337.1	7.9e-102	337.0	9e-102
AH-287-J09_1_116_109523_110317_F	TIGR02315	332.1	2.7e-100	332.0	3e-100
AH-287-K22_2_80_67357_68124_R	TIGR02315	341.6	3.4e-103	341.5	3.8e-103
AH-287-M09_6_22_15140_15862_R	TIGR02315	313.1	1.7e-94	313.0	1.9e-94
AH-287-M22_2_88_75448_76218_R	TIGR02315	338.1	3.9e-102	338.0	4.4e-102
AH-287-O04_2_126_114335_115102_R	TIGR02315	343.0	1.3e-103	342.8	1.5e-103
AH-287-O23_8_6_3825_4592_F	TIGR02315	341.6	3.4e-103	341.5	3.8e-103
AH-287-P04_3_26_26056_26850_F	TIGR02315	329.6	1.6e-99	329.4	1.9e-99
AH-287-P09_13_5_2595_3365_F	TIGR02315	338.1	3.9e-102	338.0	4.4e-102
AH-287-P10_6_26_24570_25328_R	TIGR02315	308.2	5.6e-93	308.0	6.3e-93
AH-287-P19_1_16_14581_15402_R	TIGR02315	301.0	8.9e-91	300.8	1e-90
AH-321-A09_6_22_16347_17114_F	TIGR02315	341.6	3.4e-103	341.5	3.8e-103
AH-321-B21_3_25_16514_17284_F	TIGR02315	338.1	3.9e-102	338.0	4.4e-102
AH-321-D15_2_38_31213_31959_F	TIGR02315	330.0	1.2e-99	329.8	1.3e-99
AH-321-G14_10_10_9003_9725_R	TIGR02315	312.3	3.1e-94	312.1	3.4e-94
AH-321-I19_53_1_1_789_F	TIGR02315	313.4	1.4e-94	313.3	1.6e-94
AH-321-I19_68_2_1145_1939_F	TIGR02315	327.5	7.2e-99	327.3	8.1e-99
AH-321-L10_12_19_17385_18152_R	TIGR02315	343.6	8.4e-104	343.4	9.5e-104
AH-321-N15_2_96_79843_80610_F	TIGR02315	341.7	3.2e-103	341.5	3.7e-103
AH-321-N17_11_21_22697_23443_R	TIGR02315	332.8	1.7e-100	332.6	1.9e-100
AH-321-O13_2_6_3746_4540_R	TIGR02315	328.4	3.8e-99	328.2	4.3e-99
AH-321-P14_11_2_585_1352_F	TIGR02315	343.5	8.9e-104	343.4	1e-103
AH-324-A20_4_36_32465_33187_F	TIGR02315	311.0	7.7e-94	310.8	8.5e-94
AH-324-D21_1_25_21890_22657_R	TIGR02315	343.0	1.3e-103	342.8	1.5e-103
AH-324-I07_1_63_52323_53045_R	TIGR02315	314.3	7.6e-95	314.1	8.4e-95
AH-324-K11_16_12_13441_14163_F	TIGR02315	309.4	2.4e-93	309.2	2.7e-93
AH-324-L10_2_18_15757_16542_R	TIGR02315	328.5	3.5e-99	328.3	4e-99
AH-324-N11_11_8_7839_8609_R	TIGR02315	336.8	1e-101	336.6	1.1e-101
AH-324-P01_2_174_158206_158973_R	TIGR02315	343.0	1.3e-103	342.9	1.4e-103
AH-324-P23_5_42_43538_44260_F	TIGR02315	317.6	7.4e-96	317.4	8.3e-96
AH-326-A11_29_2_347_1114_F	TIGR02315	343.6	8.6e-104	343.4	9.7e-104
AH-326-B07_1_52_47963_48685_R	TIGR02315	315.6	3e-95	315.5	3.3e-95
AH-326-B17_24_4_2238_2996_R	TIGR02315	306.2	2.2e-92	306.0	2.5e-92
AH-326-D16_2_85_82584_83330_F	TIGR02315	333.6	9.4e-101	333.5	1.1e-100
AH-326-D23_10_22_17096_17863_F	TIGR02315	341.6	3.4e-103	341.5	3.8e-103
AH-326-I05_4_18_17949_18671_R	TIGR02315	312.9	2e-94	312.8	2.2e-94
AH-326-J08_3_43_36563_37285_R	TIGR02315	312.8	2.1e-94	312.7	2.4e-94
AH-326-K23_4_41_41614_42372_F	TIGR02315	306.2	2.2e-92	306.0	2.5e-92
AH-326-L19_22_19_16118_16912_F	TIGR02315	331.4	4.6e-100	331.2	5.2e-100
AH-326-M02_17_4_2748_3515_R	TIGR02315	341.3	4.4e-103	341.1	5e-103
AH-326-M17_8_28_21913_22635_R	TIGR02315	311.1	7.4e-94	310.9	8.2e-94
AH-326-N03_6_1_2_685_R	TIGR02315	324.4	6.4e-98	324.2	7.1e-98
AH-326-O03_24_5_2358_3128_F	TIGR02315	337.4	6.4e-102	337.3	7.3e-102
AH-326-P07_11_4_3745_4512_R	TIGR02315	342.3	2.1e-103	342.1	2.4e-103
