AG-337-F21_58_9_6312_6848_R	PF05845.11	102.5	6.9e-31	102.0	1e-30
AG-359-A03_37_21_16920_17489_R	PF05845.11	165.7	2.8e-50	165.6	3.2e-50
AG-359-A03_66_12_9715_10251_R	PF05845.11	102.8	5.7e-31	102.4	7.5e-31
AG-359-C07_16_17_12143_12697_R	PF05845.11	128.8	5.9e-39	128.6	6.8e-39
AG-359-C09_4_30_24927_25481_F	PF05845.11	126.3	3.6e-38	126.1	4.2e-38
AG-359-D03_69_5_1772_2335_F	PF05845.11	143.1	2.5e-43	143.0	2.7e-43
AG-359-E10_20_17_12878_13432_F	PF05845.11	128.8	5.9e-39	128.6	6.8e-39
AG-359-F18_4_103_71105_71416_R	PF05845.11	104.0	2.4e-31	103.9	2.6e-31
AG-359-K08_1_22_18468_19022_F	PF05845.11	126.6	2.8e-38	126.4	3.2e-38
AG-359-K09_14_26_18151_18693_F	PF05845.11	117.9	1.3e-35	117.6	1.6e-35
AG-359-L07_7_14_11783_12355_F	PF05845.11	165.5	3.3e-50	165.4	3.7e-50
AG-359-L15_56_11_10253_10789_R	PF05845.11	103.1	4.7e-31	102.7	6.2e-31
AG-359-L15_61_5_3058_3627_R	PF05845.11	168.7	3.6e-51	168.5	4.1e-51
AG-359-L21_3_4_1565_2137_F	PF05845.11	145.3	5.3e-44	145.1	6.2e-44
AG-359-M21_5_53_46748_47302_R	PF05845.11	128.5	7.6e-39	128.3	8.8e-39
AG-359-N22_1_101_84270_84824_R	PF05845.11	130.2	2.3e-39	130.0	2.6e-39
AG-359-O10_2_143_121295_121864_F	PF05845.11	142.9	2.9e-43	142.6	3.5e-43
AG-360-B21_9_17_14178_14750_F	PF05845.11	162.7	2.4e-49	162.4	3e-49
AG-360-C11_1_8_5177_5731_F	PF05845.11	135.5	5.5e-41	135.2	6.6e-41
AG-360-C15_2_10_7435_7989_F	PF05845.11	128.8	5.9e-39	128.6	6.8e-39
AG-360-C19_47_6_4082_4423_R	PF05845.11	112.9	4.6e-34	112.7	5.1e-34
AG-360-E08_20_6_3845_4399_F	PF05845.11	126.0	4.3e-38	125.8	5e-38
AG-360-F21_14_3_1572_2141_R	PF05845.11	142.9	2.9e-43	142.6	3.5e-43
AG-360-K11_3_28_20725_21279_R	PF05845.11	127.0	2.2e-38	126.7	2.6e-38
AG-360-M22_36_2_552_1106_F	PF05845.11	128.9	5.6e-39	128.7	6.5e-39
AG-360-N03_18_18_14345_14914_R	PF05845.11	143.8	1.5e-43	143.6	1.8e-43
AG-360-N23_7_10_7344_7898_F	PF05845.11	130.0	2.6e-39	129.8	3e-39
AG-360-O20_3_22_18557_19132_F	PF05845.11	177.3	8.4e-54	177.1	9.5e-54
AG-360-P05_3_18_16439_17011_R	PF05845.11	141.9	6e-43	141.6	7.2e-43
AG-365-D23_1_29_30434_31060_F	PF05845.11	204.6	3.4e-62	204.4	3.9e-62
AG-365-M19_26_18_16789_17397_R	PF05845.11	198.4	2.7e-60	198.3	3e-60
AG-365-O09_2_13_13391_13996_F	TIGR03292	95.4	9.6e-29	95.2	1.1e-28
AG-390-C11_5_3_894_1472_F	PF05845.11	164.5	6.8e-50	164.3	7.7e-50
AG-390-G08_20_14_12063_12632_F	PF05845.11	148.6	5.3e-45	148.4	5.8e-45
AG-390-L20_8_103_87120_87689_R	PF05845.11	143.8	1.5e-43	143.6	1.8e-43
AG-414-A01_8_17_14156_14719_R	PF05845.11	143.1	2.5e-43	143.0	2.7e-43
AG-414-B10_16_8_5221_5775_R	PF05845.11	131.8	7.4e-40	131.6	8.6e-40
AG-414-D10_11_27_24084_24515_F	PF05845.11	102.9	5.4e-31	102.7	6e-31
AG-414-I04_10_29_23446_24000_F	PF05845.11	135.5	5.5e-41	135.2	6.6e-41
AG-414-I19_5_42_36136_36690_R	PF05845.11	128.9	5.6e-39	128.7	6.5e-39
AG-414-K15_3_94_79433_79987_R	PF05845.11	124.4	1.4e-37	124.1	1.6e-37
AG-414-L09_6_40_38222_38776_F	PF05845.11	123.9	1.9e-37	123.7	2.2e-37
AG-414-L13_28_8_5318_5872_F	PF05845.11	135.5	5.5e-41	135.2	6.6e-41
AG-414-M06_10_19_15587_16141_F	PF05845.11	129.3	4.2e-39	129.1	4.8e-39
AG-414-O09_6_50_43232_43786_R	PF05845.11	124.4	1.4e-37	124.1	1.6e-37
AG-414-O11_3_108_105367_105921_F	PF05845.11	128.8	5.9e-39	128.6	6.8e-39
AG-414-P19_9_19_15651_16205_F	PF05845.11	131.8	7.4e-40	131.6	8.6e-40
AG-426-B08_4_18_15226_15795_R	PF05845.11	142.2	4.8e-43	141.9	5.7e-43
AG-426-C16_7_11_8071_8625_R	PF05845.11	129.1	4.8e-39	128.9	5.5e-39
AG-426-D13_1_101_85093_85647_R	PF05845.11	124.4	1.4e-37	124.1	1.6e-37
AG-426-E04_25_7_4011_4565_R	PF05845.11	124.4	1.4e-37	124.1	1.6e-37
AG-426-E23_10_16_12020_12583_R	PF05845.11	142.6	3.5e-43	142.5	3.9e-43
AG-426-F11_10_19_15862_16416_F	PF05845.11	124.4	1.4e-37	124.2	1.6e-37
AG-426-F15_6_13_8432_8986_R	PF05845.11	126.8	2.5e-38	126.6	2.9e-38
AG-426-G06_34_15_16497_17102_R	TIGR03292	95.4	9.6e-29	95.2	1.1e-28
AG-426-I14_64_3_1254_1823_R	PF05845.11	144.6	8.5e-44	144.4	1e-43
AG-426-I21_6_18_14574_15128_R	PF05845.11	133.2	2.7e-40	132.9	3.3e-40
AG-426-J11_4_19_31539_32111_R	PF05845.11	175.2	3.6e-53	175.0	4e-53
AG-426-N08_3_7_4638_5201_R	PF05845.11	142.3	4.5e-43	142.1	5e-43
AG-430-A20_3_60_52209_52763_F	PF05845.11	133.2	2.7e-40	132.9	3.3e-40
AG-430-B08_29_2_561_1115_F	PF05845.11	129.1	5e-39	128.9	5.8e-39
AG-430-D11_4_14_9175_9747_F	PF05845.11	175.1	3.8e-53	175.0	4.2e-53
AG-430-E18_5_15_12207_12761_F	PF05845.11	124.4	1.4e-37	124.1	1.6e-37
AG-430-E20_4_66_64545_65099_F	PF05845.11	128.8	5.9e-39	128.6	6.8e-39
AG-430-F09_22_13_10720_11289_F	PF05845.11	144.3	1.1e-43	144.1	1.2e-43
AG-430-F17_3_42_35530_36084_F	PF05845.11	135.5	5.5e-41	135.2	6.6e-41
AG-430-L03_6_5_2857_3411_R	PF05845.11	126.1	4.1e-38	125.9	4.8e-38
AG-430-M22_73_2_220_789_F	PF05845.11	142.9	2.9e-43	142.6	3.5e-43
AG-430-N20_10_20_13329_13883_F	PF05845.11	135.5	5.3e-41	135.2	6.4e-41
AG-430-O05_15_4_1514_2068_F	PF05845.11	129.1	4.8e-39	128.9	5.5e-39
AG-430-O19_7_19_15989_16543_R	PF05845.11	135.5	5.5e-41	135.2	6.6e-41
AG-430-P03_18_9_5989_6543_F	PF05845.11	133.2	2.7e-40	132.9	3.3e-40
AG-430-P14_1_131_126051_126614_F	PF05845.11	142.8	3.2e-43	142.6	3.6e-43
AG-435-D20_36_14_11847_12452_R	TIGR03292	95.4	9.6e-29	95.2	1.1e-28
AG-439-C07_8_18_14877_15446_R	PF05845.11	171.5	4.8e-52	171.3	5.4e-52
AG-447-C21_26_26_23780_24412_F	PF05845.11	191.9	2.7e-58	191.7	3.1e-58
AG-447-K02_13_32_31805_32437_R	PF05845.11	194.9	3.2e-59	194.7	3.7e-59
AG-457-O08_2_29_24139_24762_F	PF05845.11	191.8	2.9e-58	191.6	3.3e-58
AG-891-A04_20_1_2_421_R	PF05845.11	59.6	1e-17	59.0	1.5e-17
AG-891-A05_6_69_67301_67855_F	PF05845.11	128.6	7.1e-39	128.3	8.3e-39
AG-891-A07_16_42_39368_39904_R	TIGR03292	108.9	6.9e-33	108.6	8.7e-33
AG-891-A14_1_88_94272_94850_F	PF05845.11	166.2	2.1e-50	166.0	2.4e-50
AG-891-A21_7_16_13941_14513_F	PF05845.11	144.7	8e-44	144.5	9.3e-44
AG-891-B11_5_24_18406_18978_F	PF05845.11	174.7	5e-53	174.6	5.5e-53
AG-891-D05_6_17_13598_14152_F	PF05845.11	130.3	2.1e-39	130.1	2.4e-39
AG-891-E08_18_15_9593_10165_F	PF05845.11	171.7	4.3e-52	171.5	4.8e-52
AG-891-F10_4_14_9234_9788_R	PF05845.11	128.8	5.9e-39	128.6	6.8e-39
AG-891-G02_23_2_429_983_F	PF05845.11	128.6	7.1e-39	128.3	8.3e-39
AG-891-G03_10_34_32723_33292_F	PF05845.11	142.9	2.9e-43	142.6	3.5e-43
AG-891-I13_2_84_68647_69201_R	PF05845.11	128.2	9.1e-39	128.0	1.1e-38
AG-891-J04_2_199_199451_200005_F	PF05845.11	135.5	5.5e-41	135.2	6.6e-41
AG-891-J06_4_140_127459_128016_F	PF05845.11	140.5	1.5e-42	140.4	1.7e-42
AG-891-J10_13_14_10899_11468_F	PF05845.11	143.8	1.5e-43	143.6	1.8e-43
AG-891-K05_6_10_8456_9028_F	PF05845.11	175.8	2.4e-53	175.6	2.7e-53
AG-891-K18_12_5_2962_3519_R	PF05845.11	141.0	1.1e-42	140.8	1.3e-42
AG-891-L23_18_12_9955_10527_F	PF05845.11	168.9	3.1e-51	168.7	3.5e-51
AG-891-N20_2_20_18407_18979_R	PF05845.11	141.7	6.7e-43	141.5	7.6e-43
AG-891-P17_1_34_29714_30286_F	PF05845.11	178.9	2.6e-54	178.7	2.9e-54
AG-891-P23_8_24_19399_19971_F	PF05845.11	171.7	4.3e-52	171.5	4.8e-52
AG-892-A04_16_17_14332_14904_F	PF05845.11	143.2	2.3e-43	143.1	2.6e-43
AG-892-B06_4_124_117516_118088_R	PF05845.11	175.2	3.6e-53	175.0	4e-53
AG-892-B19_5_25_20965_21543_F	PF05845.11	167.4	9e-51	167.2	1e-50
AG-892-C19_3_12_9501_10070_F	PF05845.11	143.0	2.7e-43	142.7	3.3e-43
AG-892-D19_2_36_33963_34586_F	PF05845.11	192.1	2.4e-58	191.9	2.7e-58
AG-892-E07_4_16_13504_14076_F	PF05845.11	141.0	1.1e-42	140.7	1.3e-42
AG-892-E08_3_178_166204_166758_F	PF05845.11	126.3	3.6e-38	126.1	4.2e-38
AG-892-F07_2_62_57865_58428_R	PF05845.11	143.1	2.5e-43	143.0	2.7e-43
AG-892-F19_13_13_9649_10218_F	PF05845.11	147.6	1e-44	147.5	1.1e-44
AG-892-F22_4_72_71076_71645_R	PF05845.11	143.8	1.5e-43	143.6	1.8e-43
AG-892-G03_2_26_23884_24456_F	PF05845.11	165.5	3.3e-50	165.4	3.7e-50
AG-892-G22_2_206_176285_176839_R	PF05845.11	124.4	1.4e-37	124.1	1.6e-37
AG-892-G23_59_3_1900_2478_R	PF05845.11	167.4	9e-51	167.2	1e-50
AG-892-I13_7_10_7631_8200_F	PF05845.11	142.9	2.9e-43	142.6	3.5e-43
AG-892-J06_35_1_1_495_F	PF05845.11	123.8	2e-37	123.7	2.2e-37
AG-892-J13_11_30_18201_18773_R	PF05845.11	171.4	5.4e-52	171.2	6.1e-52
AG-892-M03_7_26_23736_24299_F	PF05845.11	143.1	2.5e-43	143.0	2.7e-43
AG-892-M06_2_96_87608_88162_F	PF05845.11	133.2	2.7e-40	132.9	3.3e-40
AG-892-M17_5_17_16150_16719_R	PF05845.11	143.8	1.5e-43	143.6	1.8e-43
AG-892-N18_27_6_3835_4302_R	PF05845.11	118.5	8.5e-36	118.4	9.4e-36
AG-892-O07_19_16_16899_17468_R	PF05845.11	143.8	1.5e-43	143.6	1.8e-43
AG-892-O13_2_16_11724_12278_F	PF05845.11	128.6	7e-39	128.3	8.5e-39
AG-892-O16_1_76_69383_69952_R	PF05845.11	143.7	1.6e-43	143.5	1.9e-43
AG-893-B07_4_29_23361_23915_F	PF05845.11	135.7	4.6e-41	135.4	5.6e-41
AG-893-C03_4_21_13516_14070_F	PF05845.11	133.2	2.7e-40	132.9	3.3e-40
AG-893-E11_12_9_6752_7324_R	PF05845.11	175.2	3.6e-53	175.0	4e-53
AG-893-E15_3_21_15883_16455_F	PF05845.11	171.7	4.3e-52	171.5	4.8e-52
AG-893-F05_3_90_78274_78846_F	PF05845.11	175.2	3.6e-53	175.0	4e-53
AG-893-G05_2_124_111242_111811_R	PF05845.11	143.0	2.7e-43	142.7	3.3e-43
AG-893-G16_5_90_92216_92794_F	PF05845.11	166.2	2.1e-50	166.0	2.4e-50
AG-893-J17_4_19_16642_17220_R	PF05845.11	164.5	6.8e-50	164.3	7.7e-50
AG-893-J20_32_5_2816_3370_F	PF05845.11	123.8	2e-37	123.6	2.4e-37
AG-893-K18_1_34_21381_21953_F	PF05845.11	168.9	3e-51	168.7	3.5e-51
AG-893-L04_4_83_68574_69128_R	PF05845.11	135.5	5.5e-41	135.2	6.6e-41
AG-893-L07_5_76_61367_61921_R	PF05845.11	124.4	1.4e-37	124.2	1.6e-37
AG-893-L10_41_2_581_1150_F	PF05845.11	143.8	1.5e-43	143.5	1.8e-43
AG-893-M03_2_15_10371_10925_F	PF05845.11	133.2	2.7e-40	132.9	3.3e-40
AG-893-M17_7_52_50609_51181_F	PF05845.11	165.5	3.3e-50	165.4	3.7e-50
AG-893-M18_13_22_17710_18288_F	PF05845.11	156.1	2.6e-47	155.9	2.9e-47
AG-893-N10_16_22_19255_19827_R	PF05845.11	144.6	8.4e-44	144.4	9.9e-44
AG-893-N22_1_22_18527_19081_F	PF05845.11	128.2	9.1e-39	128.0	1.1e-38
AG-893-O20_36_10_8068_8637_R	PF05845.11	143.8	1.5e-43	143.6	1.8e-43
AG-893-P05_4_95_91943_92512_F	PF05845.11	142.9	2.9e-43	142.6	3.5e-43
AG-894-A10_5_37_30112_30666_R	PF05845.11	131.8	7.4e-40	131.6	8.6e-40
AG-894-A11_8_52_43527_44081_F	PF05845.11	135.7	4.6e-41	135.4	5.6e-41
AG-894-A16_1_288_251889_252458_F	PF05845.11	142.9	2.9e-43	142.6	3.5e-43
AG-894-B17_6_31_28647_29210_R	PF05845.11	143.1	2.5e-43	143.0	2.7e-43
AG-894-B22_51_5_3151_3723_F	PF05845.11	144.7	8e-44	144.5	9.3e-44
AG-894-C08_2_7_4804_5382_F	PF05845.11	169.7	1.7e-51	169.5	2e-51
AG-894-C14_5_45_39214_39768_R	PF05845.11	123.9	1.9e-37	123.7	2.2e-37
AG-894-D22_27_6_3499_4053_R	PF05845.11	124.4	1.3e-37	124.2	1.6e-37
AG-894-E05_3_92_97008_97577_R	PF05845.11	165.1	4.4e-50	164.9	5.1e-50
AG-894-E21_4_15_10387_10941_R	PF05845.11	119.5	4.3e-36	119.2	5.2e-36
AG-894-F10_18_12_11395_11652_F	PF05845.11	56.1	1.2e-16	56.0	1.3e-16
AG-894-F10_18_21_20330_20566_R	PF05845.11	67.6	3.6e-20	67.5	3.9e-20
AG-894-G23_10_13_8202_8756_F	PF05845.11	133.0	3.1e-40	132.8	3.7e-40
AG-894-G23_10_4_2142_2696_R	PF05845.11	133.0	3.1e-40	132.8	3.7e-40
AG-894-I22_1_244_247904_248476_F	PF05845.11	171.7	4.3e-52	171.5	4.8e-52
AG-894-K13_18_15_11171_11725_R	PF05845.11	134.7	9.4e-41	134.4	1.1e-40
AG-894-K22_5_58_50598_51152_R	PF05845.11	127.0	2.2e-38	126.7	2.6e-38
AG-894-L05_2_113_107489_108061_R	PF05845.11	142.8	3.1e-43	142.6	3.7e-43
AG-894-L17_1_76_73272_73826_F	PF05845.11	124.4	1.4e-37	124.1	1.6e-37
AG-894-M05_7_32_27256_27825_F	PF05845.11	147.6	1e-44	147.5	1.1e-44
AG-894-M09_27_8_5995_6561_R	PF05845.11	164.8	5.4e-50	164.6	6.2e-50
AG-894-M11_13_21_16459_17022_R	PF05845.11	143.1	2.5e-43	143.0	2.7e-43
AG-895-B04_20_2_926_1489_R	PF05845.11	144.6	8.8e-44	144.4	9.8e-44
AG-895-B13_19_8_5254_5826_F	PF05845.11	168.9	3.1e-51	168.7	3.6e-51
AG-895-B19_2_49_48582_49136_F	PF05845.11	124.4	1.4e-37	124.1	1.6e-37
AG-895-D04_7_73_63751_64323_R	PF05845.11	175.2	3.6e-53	175.0	4e-53
AG-895-E06_3_75_58846_59415_R	PF05845.11	142.9	2.9e-43	142.6	3.5e-43
AG-895-F06_18_23_18867_19436_F	PF05845.11	165.0	4.9e-50	164.8	5.7e-50
AG-895-F07_3_39_31735_32289_F	PF05845.11	135.5	5.5e-41	135.2	6.6e-41
AG-895-F09_1_71_80709_81287_F	PF05845.11	169.7	1.7e-51	169.5	2e-51
AG-895-F20_2_9_6425_6979_R	PF05845.11	135.6	4.9e-41	135.4	5.9e-41
AG-895-I03_21_9_8300_8872_F	PF05845.11	168.9	3.1e-51	168.7	3.6e-51
AG-895-I21_9_26_18394_18948_F	PF05845.11	133.2	2.7e-40	132.9	3.3e-40
AG-895-J17_5_83_65772_66326_R	PF05845.11	135.5	5.5e-41	135.2	6.6e-41
AG-895-J18_15_17_13655_14227_R	PF05845.11	142.7	3.4e-43	142.5	3.8e-43
AG-895-K19_10_16_14787_15359_R	PF05845.11	168.9	3e-51	168.7	3.5e-51
AG-895-K19_18_21_18799_19293_R	PF05845.11	149.9	2.1e-45	149.7	2.3e-45
AG-895-K23_6_61_57836_58399_R	PF05845.11	144.6	8.8e-44	144.4	9.8e-44
AG-895-L09_7_14_11550_12119_F	PF05845.11	147.6	1e-44	147.5	1.1e-44
AG-895-L18_6_38_36143_36715_F	PF05845.11	171.7	4.3e-52	171.5	4.8e-52
AG-895-O08_2_42_37681_38253_F	PF05845.11	178.9	2.6e-54	178.7	2.9e-54
AG-895-P05_8_44_43746_44315_F	PF05845.11	147.6	1e-44	147.5	1.1e-44
AG-895-P06_22_4_1977_2531_F	PF05845.11	131.8	7.4e-40	131.6	8.6e-40
AG-895-P14_1_164_154097_154666_R	PF05845.11	142.9	2.9e-43	142.6	3.5e-43
AG-896-A01_3_131_133053_133622_R	PF05845.11	147.9	8.3e-45	147.8	9.3e-45
AG-896-B07_3_26_18337_18891_R	PF05845.11	128.8	5.9e-39	128.6	6.8e-39
AG-896-B21_16_7_6028_6600_R	PF05845.11	175.2	3.6e-53	175.0	4e-53
AG-896-C07_10_1_3_542_R	PF05845.11	162.5	2.8e-49	162.4	3.1e-49
AG-896-C14_6_21_19809_20387_F	PF05845.11	169.2	2.5e-51	169.0	2.9e-51
AG-896-D10_26_3_1052_1624_F	PF05845.11	175.2	3.6e-53	175.0	4e-53
AG-896-D14_38_12_8983_9546_F	PF05845.11	144.6	8.5e-44	144.5	9.5e-44
AG-896-E15_4_39_31079_31633_F	PF05845.11	126.0	4.5e-38	125.8	5.2e-38
AG-896-G21_6_15_11010_11579_R	PF05845.11	168.7	3.6e-51	168.5	4.1e-51
AG-896-I04_1_16_12254_12808_F	PF05845.11	126.6	2.8e-38	126.4	3.2e-38
AG-896-I23_11_1_1_555_F	PF05845.11	145.4	4.8e-44	145.2	5.5e-44
AG-896-J04_7_87_81490_82077_R	PF05845.11	139.4	3.4e-42	139.2	4e-42
AG-896-K16_6_42_44291_44869_F	PF05845.11	169.2	2.5e-51	169.0	2.9e-51
AG-896-L18_10_14_10795_11367_R	PF05845.11	141.0	1.1e-42	140.7	1.3e-42
AG-896-M13_11_19_21149_21721_R	PF05845.11	175.2	3.6e-53	175.0	4e-53
AG-896-N20_1_81_68889_69458_R	PF05845.11	142.9	2.9e-43	142.6	3.5e-43
AG-896-O07_34_3_1925_2479_R	PF05845.11	133.2	2.7e-40	132.9	3.3e-40
AG-896-P05_3_26_24371_24943_F	PF05845.11	165.2	4.1e-50	165.1	4.6e-50
AG-896-P15_14_27_24869_25144_R	PF05845.11	82.0	1.3e-24	81.8	1.6e-24
AG-896-P19_6_15_11566_12120_R	PF05845.11	126.0	4.5e-38	125.8	5.2e-38
AG-897-B18_25_22_17305_17874_R	PF05845.11	142.9	2.9e-43	142.6	3.5e-43
AG-897-B18_25_8_5166_5735_F	PF05845.11	142.9	2.9e-43	142.6	3.5e-43
AG-897-B22_11_8_5185_5739_R	PF05845.11	128.6	7.1e-39	128.3	8.3e-39
AG-897-B23_13_22_21031_21567_R	PF05845.11	152.0	4.6e-46	151.8	5.3e-46
AG-897-D05_23_12_9088_9651_F	PF05845.11	142.1	5.1e-43	141.9	5.7e-43
AG-897-G20_3_137_140700_141269_R	PF05845.11	147.6	1e-44	147.5	1.1e-44
AG-897-G20_5_129_138978_139514_F	TIGR03292	111.1	1.6e-33	110.8	1.9e-33
AG-897-J23_11_20_14671_15225_R	PF05845.11	128.8	5.9e-39	128.6	6.8e-39
AG-897-J23_11_2_507_1061_F	PF05845.11	128.8	5.9e-39	128.6	6.8e-39
AG-897-K16_8_25_18751_19320_F	PF05845.11	143.5	1.9e-43	143.2	2.3e-43
AG-897-K20_3_20_17128_17697_R	PF05845.11	159.2	2.9e-48	159.0	3.3e-48
AG-897-P16_3_60_51809_52363_F	PF05845.11	133.9	1.6e-40	133.6	2e-40
AG-898-B05_10_6_3876_4430_R	PF05845.11	126.6	2.8e-38	126.4	3.2e-38
AG-898-B14_13_50_42203_42772_R	PF05845.11	145.1	6.2e-44	144.8	7.4e-44
AG-898-C07_2_85_69715_70269_R	PF05845.11	126.6	2.8e-38	126.4	3.4e-38
AG-898-D04_3_6_4235_4810_F	PF05845.11	163.0	1.9e-49	162.8	2.2e-49
AG-898-D17_1_10_6937_7500_F	PF05845.11	144.9	6.9e-44	144.8	7.7e-44
AG-898-G02_2_19_16897_17460_R	PF05845.11	142.8	3.2e-43	142.6	3.6e-43
AG-898-J17_1_202_220204_220773_R	PF05845.11	147.6	1e-44	147.5	1.1e-44
AG-898-J17_3_139_150703_151239_R	TIGR03292	111.1	1.6e-33	110.8	1.9e-33
AG-898-J22_4_23_18457_19020_R	PF05845.11	142.8	3.2e-43	142.6	3.6e-43
AG-898-K23_5_32_29741_30304_F	PF05845.11	141.4	8.4e-43	141.2	9.4e-43
AG-898-L02_10_30_29203_29826_R	PF05845.11	190.9	5.6e-58	190.7	6.4e-58
AG-898-M04_11_11_8708_9280_F	PF05845.11	142.3	4.5e-43	142.1	5e-43
AG-898-M13_5_27_28799_29368_F	PF05845.11	164.0	9.6e-50	163.8	1.1e-49
AG-898-M15_24_31_25548_26111_R	PF05845.11	143.1	2.4e-43	143.0	2.7e-43
AG-898-M18_27_4_2358_2930_R	PF05845.11	168.9	3.1e-51	168.7	3.6e-51
AG-898-N21_1_81_78011_78583_F	PF05845.11	171.7	4.3e-52	171.5	4.8e-52
AG-898-O08_44_4_2213_2767_F	PF05845.11	133.6	2.1e-40	133.3	2.5e-40
AG-898-O15_4_41_40168_40722_R	PF05845.11	128.9	5.6e-39	128.7	6.5e-39
AG-898-P07_3_14_9423_9977_R	PF05845.11	133.6	2.1e-40	133.3	2.5e-40
AG-899-A17_11_14_11167_11532_R	PF05845.11	90.6	3.2e-27	90.4	3.5e-27
AG-899-B02_3_141_138267_138830_F	PF05845.11	141.4	8.4e-43	141.2	9.4e-43
AG-899-B06_11_53_43927_44499_F	PF05845.11	175.2	3.6e-53	175.0	4e-53
AG-899-C03_2_60_57907_58470_R	PF05845.11	143.1	2.5e-43	143.0	2.7e-43
AG-899-C06_10_38_37531_38100_R	PF05845.11	147.6	1e-44	147.5	1.1e-44
AG-899-D16_37_6_3838_4392_F	PF05845.11	124.4	1.4e-37	124.1	1.6e-37
AG-899-D19_26_6_3455_4009_R	PF05845.11	128.9	5.6e-39	128.7	6.5e-39
AG-899-E11_5_77_64452_65021_R	PF05845.11	142.9	2.9e-43	142.6	3.5e-43
AG-899-F04_5_76_58007_58579_R	PF05845.11	140.9	1.2e-42	140.6	1.5e-42
AG-899-F06_1_73_80139_80717_R	PF05845.11	168.5	4.1e-51	168.3	4.6e-51
AG-899-I09_1_21_12565_13122_F	PF05845.11	140.4	1.7e-42	140.3	1.9e-42
AG-899-J06_4_68_61419_61982_R	PF05845.11	143.1	2.5e-43	143.0	2.7e-43
AG-899-K02_31_16_13833_14402_R	PF05845.11	147.6	1e-44	147.5	1.1e-44
AG-899-K02_4_102_111411_111947_F	TIGR03292	111.1	1.6e-33	110.8	1.9e-33
AG-899-K21_4_126_123048_123620_F	PF05845.11	171.7	4.3e-52	171.5	4.8e-52
AG-899-L04_1_114_106115_106684_R	PF05845.11	142.9	2.9e-43	142.6	3.5e-43
AG-899-M09_1_310_296762_297325_F	PF05845.11	143.1	2.5e-43	143.0	2.7e-43
AG-899-M15_13_25_22988_23551_F	PF05845.11	143.1	2.5e-43	143.0	2.7e-43
AG-899-M23_3_37_33569_34132_R	PF05845.11	143.3	2.2e-43	143.1	2.5e-43
AG-899-N21_2_80_80694_81248_F	PF05845.11	125.6	5.8e-38	125.4	6.7e-38
AG-899-O02_3_134_122815_123369_R	PF05845.11	133.2	2.7e-40	132.9	3.3e-40
AG-899-O16_1_92_88684_89238_R	PF05845.11	125.9	4.8e-38	125.6	5.7e-38
AG-899-O20_2_34_29804_30373_R	PF05845.11	142.9	2.9e-43	142.6	3.5e-43
AG-899-P02_19_2_91_645_R	PF05845.11	133.2	2.6e-40	133.0	3.2e-40
AG-899-P20_3_17_13104_13676_R	PF05845.11	164.6	6.3e-50	164.4	7.2e-50
AG-900-B07_15_19_17090_17653_F	PF05845.11	143.1	2.5e-43	143.0	2.7e-43
AG-900-D03_1_16_12278_12832_R	PF05845.11	131.8	7.4e-40	131.6	8.6e-40
AG-900-E19_2_7_5150_5704_F	PF05845.11	124.4	1.4e-37	124.1	1.6e-37
AG-900-I07_2_12_8841_9410_F	PF05845.11	143.8	1.5e-43	143.6	1.8e-43
AG-900-K07_15_16_14080_14649_F	PF05845.11	145.1	6.2e-44	144.8	7.4e-44
AG-900-K11_3_66_53308_53880_F	PF05845.11	175.2	3.6e-53	175.0	4e-53
AG-900-K14_4_121_113261_113815_F	PF05845.11	134.4	1.1e-40	134.2	1.4e-40
AG-900-K20_4_39_37886_38440_R	PF05845.11	135.5	5.5e-41	135.2	6.6e-41
AG-900-L08_12_14_10136_10690_R	PF05845.11	135.7	4.6e-41	135.4	5.6e-41
AG-900-M14_5_49_43676_44230_R	PF05845.11	131.1	1.2e-39	130.9	1.4e-39
AG-900-N04_24_9_6333_6887_F	PF05845.11	133.6	2.1e-40	133.3	2.5e-40
AG-900-O15_4_19_15682_16254_R	PF05845.11	175.1	3.9e-53	174.9	4.4e-53
AG-900-O17_5_60_65618_66172_F	PF05845.11	128.9	5.6e-39	128.7	6.5e-39
AG-900-P11_4_53_48358_48927_R	PF05845.11	142.9	2.9e-43	142.6	3.5e-43
AG-900-P21_16_11_8046_8600_F	PF05845.11	126.0	4.5e-38	125.8	5.2e-38
AG-901-A07_5_57_49697_50251_R	PF05845.11	124.4	1.4e-37	124.1	1.6e-37
AG-901-A18_21_9_6713_7267_R	PF05845.11	127.3	1.7e-38	127.1	2e-38
AG-901-C06_4_11_9306_9875_R	PF05845.11	176.8	1.2e-53	176.6	1.3e-53
AG-901-C08_6_37_34131_34685_F	PF05845.11	124.4	1.4e-37	124.2	1.6e-37
AG-901-D21_2_73_59688_60242_R	PF05845.11	135.5	5.5e-41	135.2	6.6e-41
AG-901-E23_2_277_279516_280088_F	PF05845.11	165.5	3.3e-50	165.4	3.7e-50
AG-901-G03_12_28_22066_22620_F	PF05845.11	133.2	2.7e-40	132.9	3.3e-40
AG-901-G05_1_119_103397_103951_R	PF05845.11	124.4	1.4e-37	124.1	1.6e-37
AG-901-G21_3_85_70569_71123_R	PF05845.11	135.5	5.5e-41	135.2	6.6e-41
AG-901-L04_27_4_2632_3186_R	PF05845.11	128.8	5.9e-39	128.6	6.8e-39
AG-901-L09_19_5_2984_3538_R	PF05845.11	126.4	3.4e-38	126.1	3.9e-38
AG-901-N09_8_15_10993_11547_R	PF05845.11	135.5	5.3e-41	135.3	6.2e-41
AG-901-O07_8_27_26771_27349_R	PF05845.11	169.7	1.7e-51	169.5	2e-51
AG-901-O20_3_30_25895_26449_F	PF05845.11	127.5	1.5e-38	127.3	1.8e-38
AG-903-C04_1_34_31408_31962_F	PF05845.11	127.9	1.1e-38	127.7	1.3e-38
AG-903-E20_11_20_18073_18645_F	PF05845.11	141.0	1.1e-42	140.7	1.4e-42
AG-903-F16_2_33_29958_30512_F	PF05845.11	128.8	5.9e-39	128.6	6.8e-39
AG-903-G07_5_16_12007_12561_R	PF05845.11	133.2	2.7e-40	132.9	3.3e-40
AG-903-G21_2_85_86642_87211_R	PF05845.11	159.2	2.9e-48	159.0	3.3e-48
AG-903-I13_10_6_4142_4696_F	PF05845.11	128.6	7.1e-39	128.4	8.3e-39
AG-903-K13_29_8_4946_5500_R	PF05845.11	132.3	5.1e-40	132.1	5.9e-40
AG-903-K22_6_42_36787_37341_R	PF05845.11	126.5	3e-38	126.3	3.5e-38
AG-903-L16_35_5_2740_3294_F	PF05845.11	124.4	1.4e-37	124.1	1.6e-37
AG-903-L18_24_1_3_503_F	PF05845.11	119.2	5.4e-36	119.0	6.1e-36
AG-903-M14_6_13_9895_10449_F	PF05845.11	126.4	3.4e-38	126.2	3.9e-38
AG-903-O22_10_20_16170_16724_F	PF05845.11	125.3	7.2e-38	125.0	8.6e-38
AG-903-P05_20_13_10589_11158_F	PF05845.11	143.8	1.5e-43	143.6	1.8e-43
AG-903-P13_21_21_17560_18129_R	PF05845.11	166.0	2.4e-50	165.8	2.7e-50
AG-903-P13_37_7_5769_6305_F	PF05845.11	102.8	5.7e-31	102.4	7.5e-31
AG-903-P18_5_53_49545_50114_R	PF05845.11	143.4	2e-43	143.2	2.4e-43
AG-904-A08_5_1_2_514_F	PF05845.11	126.3	3.5e-38	126.1	4e-38
AG-904-B14_17_11_8313_8867_F	PF05845.11	126.6	2.8e-38	126.4	3.2e-38
AG-904-C04_20_6_4635_5171_R	TIGR03292	111.1	1.6e-33	110.8	1.9e-33
AG-904-C11_6_53_49921_50484_F	PF05845.11	142.8	3.2e-43	142.6	3.6e-43
AG-904-C15_9_7_4431_5003_F	PF05845.11	142.7	3.4e-43	142.5	3.8e-43
AG-904-D18_11_24_16242_16796_F	PF05845.11	131.3	1e-39	131.0	1.2e-39
AG-904-E19_2_40_38359_38913_F	PF05845.11	128.4	8.1e-39	128.2	9.4e-39
AG-904-F08_10_18_15968_16537_F	PF05845.11	145.6	4.2e-44	145.4	4.9e-44
AG-904-F15_36_5_3439_3993_R	PF05845.11	129.7	3.3e-39	129.4	3.9e-39
AG-904-F17_1_352_308991_309545_R	PF05845.11	126.9	2.3e-38	126.7	2.6e-38
AG-904-G21_4_19_13671_14225_R	PF05845.11	126.6	2.8e-38	126.4	3.2e-38
AG-904-I16_37_5_3274_3828_R	PF05845.11	126.6	2.8e-38	126.4	3.2e-38
AG-904-K16_2_166_162337_162909_R	PF05845.11	171.7	4.3e-52	171.5	4.8e-52
AG-904-M20_39_1_2_343_R	PF05845.11	73.2	6.7e-22	73.0	7.8e-22
AG-904-N19_40_9_6393_6956_R	PF05845.11	143.1	2.5e-43	143.0	2.7e-43
AG-904-O05_29_15_12656_13225_F	PF05845.11	148.4	6e-45	148.2	6.6e-45
AG-904-O08_3_56_51605_52177_R	PF05845.11	141.0	1.1e-42	140.7	1.3e-42
AG-905-C17_5_20_14661_15248_R	PF05845.11	137.9	1e-41	137.6	1.2e-41
AG-905-D04_3_96_94948_95511_F	PF05845.11	139.6	2.9e-42	139.5	3.2e-42
AG-905-D16_4_39_31100_31654_F	PF05845.11	133.2	2.7e-40	132.9	3.3e-40
AG-905-D23_28_6_3796_3969_R	PF05845.11	41.1	4.7e-12	41.1	4.9e-12
AG-905-E11_14_14_9208_9762_R	PF05845.11	124.8	1e-37	124.6	1.2e-37
AG-905-F13_14_6_3626_4198_R	PF05845.11	141.0	1.1e-42	140.7	1.3e-42
AG-905-F19_8_3_592_1146_F	PF05845.11	126.0	4.3e-38	125.8	5e-38
AG-905-I20_10_16_13622_14194_R	PF05845.11	168.9	3e-51	168.7	3.5e-51
AG-905-J14_5_13_8988_9473_F	PF05845.11	103.8	2.7e-31	103.6	3.1e-31
AG-905-L17_3_103_91334_91888_F	PF05845.11	133.2	2.6e-40	133.0	3.2e-40
AG-905-N16_13_32_30205_30768_F	PF05845.11	144.5	9.3e-44	144.3	1e-43
AG-905-N19_7_11_8656_9228_F	PF05845.11	142.1	5e-43	142.0	5.6e-43
AG-905-N21_27_10_7452_8015_F	PF05845.11	142.6	3.5e-43	142.5	3.9e-43
AG-905-P14_8_33_31978_32550_R	PF05845.11	142.7	3.4e-43	142.5	3.8e-43
AG-905-P20_1_80_68085_68639_R	PF05845.11	128.8	5.9e-39	128.6	6.8e-39
AG-907-A10_22_10_6864_7418_F	PF05845.11	133.2	2.7e-40	132.9	3.3e-40
AG-907-C17_5_37_29840_30391_F	PF05845.11	133.5	2.3e-40	133.2	2.7e-40
AG-907-E10_8_9_7337_7909_R	PF05845.11	175.2	3.6e-53	175.0	4e-53
AG-907-E15_6_1_2_166_F	PF05845.11	40.4	7.5e-12	40.4	8e-12
AG-907-I09_9_1_1_531_F	PF05845.11	123.5	2.5e-37	123.4	2.7e-37
AG-907-K06_26_1_3_188_R	PF05845.11	47.8	4.1e-14	47.7	4.5e-14
AG-907-M14_4_29_26562_27128_F	PF05845.11	163.6	1.3e-49	163.4	1.5e-49
AG-907-N15_4_53_52220_52774_F	PF05845.11	128.8	5.9e-39	128.6	6.8e-39
AG-907-O16_4_184_162187_162741_R	PF05845.11	124.4	1.4e-37	124.1	1.6e-37
AG-907-P11_1_90_79004_79576_R	PF05845.11	178.7	3e-54	178.6	3.3e-54
AG-907-P16_1_79_65236_65790_R	PF05845.11	128.8	5.9e-39	128.6	6.8e-39
AG-908-B02_1_31_27911_28483_F	PF05845.11	174.0	8.6e-53	173.8	9.6e-53
AG-908-B03_28_8_6563_7129_R	PF05845.11	167.0	1.2e-50	166.8	1.4e-50
AG-908-D05_1_210_177399_177953_R	PF05845.11	126.6	2.8e-38	126.4	3.2e-38
AG-908-D17_4_91_89901_90455_F	PF05845.11	123.9	1.9e-37	123.7	2.2e-37
AG-908-F04_21_11_8057_8611_F	PF05845.11	135.5	5.5e-41	135.2	6.6e-41
AG-908-F18_10_35_30231_30785_R	PF05845.11	126.0	4.5e-38	125.8	5.2e-38
AG-908-G17_2_74_48423_48995_R	PF05845.11	171.7	4.3e-52	171.5	4.8e-52
AG-908-G18_1_19_17028_17600_R	PF05845.11	175.2	3.6e-53	175.0	4e-53
AG-908-I10_1_77_76507_77061_F	PF05845.11	123.9	1.9e-37	123.7	2.2e-37
AG-909-D03_5_2_366_920_F	PF05845.11	124.4	1.4e-37	124.1	1.6e-37
AG-909-D16_3_40_38925_39479_F	PF05845.11	126.8	2.5e-38	126.6	2.9e-38
AG-909-G06_11_27_22981_23535_F	PF05845.11	126.6	2.9e-38	126.3	3.5e-38
AG-909-G09_2_48_39983_40537_F	PF05845.11	133.2	2.7e-40	132.9	3.3e-40
AG-909-I06_6_6_3799_4353_F	PF05845.11	126.4	3.4e-38	126.1	3.9e-38
AG-909-K16_28_4_2640_3194_R	PF05845.11	130.3	2.1e-39	130.1	2.4e-39
AG-909-N06_8_27_23777_24331_F	PF05845.11	126.3	3.6e-38	126.1	4.2e-38
AG-909-O06_3_46_39723_40277_R	PF05845.11	128.8	5.9e-39	128.6	6.8e-39
AG-909-O11_3_88_87563_88135_F	PF05845.11	175.8	2.4e-53	175.6	2.7e-53
AG-909-O15_10_10_6972_7526_F	PF05845.11	133.2	2.7e-40	132.9	3.3e-40
AG-909-O18_14_14_10384_10938_R	PF05845.11	133.2	2.7e-40	132.9	3.3e-40
AG-909-P15_8_45_42143_42706_F	PF05845.11	142.8	3.2e-43	142.6	3.6e-43
AG-910-B21_2_218_251949_252521_R	PF05845.11	145.3	5.2e-44	145.1	6.1e-44
AG-910-C15_6_22_19536_20090_R	PF05845.11	133.2	2.7e-40	132.9	3.3e-40
AG-910-D07_3_38_35753_36307_F	PF05845.11	127.0	2.2e-38	126.7	2.6e-38
AG-910-D20_1_51_43295_43849_R	PF05845.11	133.2	2.7e-40	132.9	3.3e-40
AG-910-E04_24_4_2382_2936_R	PF05845.11	129.1	5e-39	128.9	5.8e-39
AG-910-E22_7_43_36650_37219_F	PF05845.11	146.1	3e-44	145.9	3.5e-44
AG-910-F07_3_67_60185_60739_F	PF05845.11	128.9	5.6e-39	128.7	6.5e-39
AG-910-I09_3_9_4968_5540_F	PF05845.11	171.7	4.3e-52	171.5	4.8e-52
AG-910-J03_7_30_22978_23532_F	PF05845.11	126.2	3.8e-38	126.0	4.3e-38
AG-910-J06_1_43_36895_37449_R	PF05845.11	135.5	5.5e-41	135.2	6.6e-41
AG-910-J22_9_21_15112_15666_R	PF05845.11	124.4	1.4e-37	124.2	1.6e-37
AG-910-K08_10_37_32054_32608_R	PF05845.11	126.6	2.8e-38	126.4	3.2e-38
AG-910-K09_6_11_8599_9168_F	PF05845.11	143.8	1.5e-43	143.6	1.8e-43
AG-910-L22_17_1_3_308_R	PF05845.11	67.0	5.5e-20	66.8	6.2e-20
AG-910-O03_1_123_114683_115237_F	PF05845.11	129.3	4.4e-39	129.1	5.1e-39
AG-910-O20_1_58_51505_52059_R	PF05845.11	129.1	5e-39	128.9	5.8e-39
AG-910-P13_5_36_33769_34341_F	PF05845.11	142.4	4.2e-43	142.1	5e-43
AG-911-A11_23_14_9619_10188_R	PF05845.11	165.7	3e-50	165.5	3.4e-50
AG-911-B02_5_28_24548_25102_F	PF05845.11	127.9	1.1e-38	127.7	1.3e-38
AG-911-B04_1_205_181634_182188_R	PF05845.11	128.8	5.9e-39	128.6	6.8e-39
AG-911-C13_1_31_23178_23732_R	PF05845.11	128.8	5.9e-39	128.6	6.8e-39
AG-911-D18_11_43_36396_36734_R	PF05845.11	91.5	1.6e-27	91.4	1.8e-27
AG-911-E14_2_17_12886_13440_F	PF05845.11	128.8	5.9e-39	128.6	6.8e-39
AG-911-E22_4_9_6756_7328_R	PF05845.11	171.7	4.3e-52	171.5	4.8e-52
AG-911-F16_42_6_3672_4244_R	PF05845.11	145.0	6.7e-44	144.8	7.7e-44
AG-911-I02_7_4_2544_3116_R	PF05845.11	171.7	4.3e-52	171.5	4.8e-52
AG-911-I14_31_5_3953_4525_F	PF05845.11	145.3	5.3e-44	145.1	6.2e-44
AG-911-I16_2_153_143685_144239_R	PF05845.11	133.2	2.7e-40	132.9	3.3e-40
AG-911-I18_4_69_63911_64474_R	PF05845.11	142.6	3.5e-43	142.5	3.9e-43
AG-911-J10_5_37_34646_35215_R	PF05845.11	142.9	2.9e-43	142.6	3.5e-43
AG-911-J17_9_65_65535_66113_R	PF05845.11	167.6	7.4e-51	167.5	8.4e-51
AG-911-K22_8_38_40920_41498_R	PF05845.11	169.7	1.7e-51	169.5	2e-51
AG-911-L03_3_3_1426_1992_F	PF05845.11	164.8	5.4e-50	164.6	6.2e-50
AG-911-L11_1_141_134649_135203_F	PF05845.11	129.3	4.2e-39	129.1	4.8e-39
AG-911-L18_1_75_73220_73774_F	PF05845.11	126.6	2.8e-38	126.4	3.2e-38
AG-911-M05_1_181_169125_169679_F	PF05845.11	126.1	4.2e-38	125.9	4.8e-38
AG-911-M08_2_120_116983_117546_F	PF05845.11	142.8	3.2e-43	142.6	3.6e-43
AG-911-M18_3_18_16280_16849_F	PF05845.11	142.9	2.9e-43	142.6	3.5e-43
AG-912-A09_2_17_11909_12463_R	PF05845.11	126.8	2.5e-38	126.6	2.9e-38
AG-912-B06_7_13_8519_9073_R	PF05845.11	128.8	5.9e-39	128.6	6.8e-39
AG-912-E20_3_27_18770_19324_F	PF05845.11	133.2	2.7e-40	132.9	3.3e-40
AG-912-F21_2_164_154432_154989_R	PF05845.11	141.0	1.1e-42	140.8	1.3e-42
AG-912-G03_6_12_7318_7890_F	PF05845.11	171.7	4.3e-52	171.5	4.8e-52
AG-912-G10_6_32_35172_35753_R	PF05845.11	169.7	1.8e-51	169.5	2e-51
AG-912-G22_1_323_280098_280652_R	PF05845.11	126.6	2.8e-38	126.4	3.2e-38
AG-912-I23_9_8_5165_5719_F	PF05845.11	134.4	1.2e-40	134.1	1.4e-40
AG-912-J22_11_21_15765_16319_R	PF05845.11	127.1	2e-38	126.9	2.4e-38
AG-912-K05_1_145_135135_135689_F	PF05845.11	128.8	5.9e-39	128.6	6.8e-39
AG-912-K17_31_14_8926_9504_F	PF05845.11	167.4	9e-51	167.2	1e-50
AG-912-L09_2_44_45281_45835_F	PF05845.11	128.8	5.9e-39	128.6	6.8e-39
AG-912-N08_5_55_44323_44877_F	PF05845.11	133.4	2.3e-40	133.2	2.8e-40
AG-913-A04_4_77_76554_77108_F	PF05845.11	127.9	1.1e-38	127.7	1.3e-38
AG-913-A16_9_3_1363_1920_R	PF05845.11	140.5	1.5e-42	140.4	1.7e-42
AG-913-A21_2_50_53202_53579_R	PF05845.11	111.0	1.8e-33	110.7	2.1e-33
AG-913-C03_2_113_97713_98267_R	PF05845.11	128.8	5.9e-39	128.6	6.8e-39
AG-913-D08_4_15_11206_11760_R	PF05845.11	132.3	5e-40	132.1	5.8e-40
AG-913-E02_14_18_14574_15128_R	PF05845.11	135.5	5.5e-41	135.2	6.6e-41
AG-913-E04_5_25_20547_21119_R	PF05845.11	142.7	3.4e-43	142.5	3.8e-43
AG-913-E15_15_4_2710_3264_R	PF05845.11	135.5	5.3e-41	135.2	6.4e-41
AG-913-K08_1_7_4187_4741_R	PF05845.11	128.8	5.9e-39	128.6	6.8e-39
AG-913-L10_29_6_4011_4583_F	PF05845.11	168.9	3e-51	168.7	3.5e-51
AG-913-M21_8_28_27105_27674_R	PF05845.11	165.0	4.9e-50	164.8	5.7e-50
AG-913-N07_25_3_752_1306_F	PF05845.11	135.5	5.5e-41	135.2	6.6e-41
AG-913-N19_4_39_38527_39081_F	PF05845.11	128.8	5.9e-39	128.6	6.8e-39
AG-913-O20_2_40_38221_38793_R	PF05845.11	113.2	3.7e-34	113.0	4.4e-34
AG-913-P10_29_1_43_597_F	PF05845.11	124.4	1.4e-37	124.1	1.6e-37
AG-913-P21_8_33_31565_32134_F	PF05845.11	142.9	2.9e-43	142.6	3.5e-43
AG-914-B16_2_70_61065_61619_F	PF05845.11	134.4	1.2e-40	134.1	1.4e-40
AG-914-C16_12_4_3140_3763_F	PF05845.11	188.1	3.9e-57	187.9	4.5e-57
AG-914-D20_3_39_33256_33810_R	PF05845.11	128.5	7.7e-39	128.3	8.9e-39
AG-914-E17_20_26_21015_21587_R	PF05845.11	142.7	3.4e-43	142.5	3.8e-43
AG-914-F14_6_51_41677_42249_R	PF05845.11	175.2	3.6e-53	175.0	4e-53
AG-914-F19_10_1_2_139_F	PF05845.11	28.7	2.9e-08	28.7	2.9e-08
AG-914-G18_4_90_76783_77337_R	PF05845.11	133.2	2.7e-40	132.9	3.3e-40
AG-914-G22_6_34_30795_31349_F	PF05845.11	128.8	5.9e-39	128.6	6.8e-39
AG-914-I15_9_14_10867_11421_R	PF05845.11	128.9	5.6e-39	128.7	6.5e-39
AG-914-J03_2_27_20953_21489_R	TIGR03292	110.5	2.3e-33	110.2	2.8e-33
AG-914-J10_4_79_80268_80837_R	PF05845.11	147.6	1e-44	147.5	1.1e-44
AG-914-M13_31_4_2158_2712_R	PF05845.11	124.4	1.4e-37	124.1	1.6e-37
AG-914-O08_8_16_15272_15829_R	PF05845.11	140.7	1.3e-42	140.6	1.5e-42
AG-914-P23_6_62_60736_61290_F	PF05845.11	128.7	6.6e-39	128.5	7.7e-39
AG-915-A21_2_32_30701_31279_F	PF05845.11	167.6	7.4e-51	167.5	8.4e-51
AG-915-E06_4_43_36783_37337_R	PF05845.11	127.9	1.1e-38	127.7	1.3e-38
AG-915-E09_17_14_11263_11832_F	PF05845.11	143.8	1.5e-43	143.6	1.8e-43
AG-915-E23_1_53_47051_47638_R	PF05845.11	141.2	9.3e-43	141.0	1.1e-42
AG-915-G06_1_115_83734_84306_R	PF05845.11	171.4	5.4e-52	171.2	6.1e-52
AG-915-G10_6_75_74879_75433_F	PF05845.11	128.1	1e-38	127.9	1.2e-38
AG-915-I10_2_164_158199_158771_F	PF05845.11	171.7	4.3e-52	171.5	4.8e-52
AG-915-K03_21_11_8205_8759_F	PF05845.11	126.6	2.9e-38	126.3	3.5e-38
AG-915-K07_2_31_27182_27736_F	PF05845.11	130.2	2.3e-39	130.0	2.6e-39
AG-915-M14_1_261_234029_234598_F	PF05845.11	142.9	2.9e-43	142.6	3.5e-43
AG-915-P01_3_102_83435_83989_R	PF05845.11	128.8	5.9e-39	128.6	6.8e-39
AG-916-A10_10_30_26026_26580_F	PF05845.11	129.1	5e-39	128.9	5.8e-39
AG-916-A18_3_64_56165_56737_R	PF05845.11	168.9	3e-51	168.7	3.5e-51
AG-916-B07_8_16_12221_12775_R	PF05845.11	134.7	9.4e-41	134.4	1.1e-40
AG-916-B15_8_48_46602_47156_F	PF05845.11	124.4	1.4e-37	124.1	1.6e-37
AG-916-D05_1_82_81961_82515_F	PF05845.11	128.8	5.9e-39	128.6	6.8e-39
AG-916-E11_5_56_51812_52375_F	PF05845.11	143.1	2.5e-43	143.0	2.7e-43
AG-916-F03_7_26_22300_22854_F	PF05845.11	128.4	8.1e-39	128.2	9.4e-39
AG-916-I16_7_20_13337_13891_F	PF05845.11	133.2	2.7e-40	132.9	3.3e-40
AG-916-J06_12_13_9166_9720_R	PF05845.11	128.8	5.9e-39	128.6	6.8e-39
AG-916-K23_37_3_1864_2418_R	PF05845.11	129.0	5.2e-39	128.8	6e-39
AG-916-L04_5_18_13156_13710_R	PF05845.11	126.3	3.6e-38	126.1	4.2e-38
AG-916-L17_14_9_6124_6696_F	PF05845.11	141.9	6e-43	141.6	7.2e-43
AG-916-M03_11_3_980_1543_F	PF05845.11	142.8	3.2e-43	142.6	3.6e-43
AG-916-M14_6_37_37153_37725_F	PF05845.11	171.4	5.3e-52	171.2	5.9e-52
AG-916-M15_1_23_15785_16339_R	PF05845.11	128.8	5.9e-39	128.6	6.8e-39
AG-916-N18_14_1_1_564_R	PF05845.11	143.1	2.5e-43	143.0	2.7e-43
AG-916-O10_2_93_81080_81634_R	PF05845.11	133.2	2.7e-40	132.9	3.3e-40
AG-916-O20_14_21_17396_17950_F	PF05845.11	124.4	1.4e-37	124.1	1.6e-37
AG-916-P17_8_46_45491_46045_F	PF05845.11	124.4	1.3e-37	124.2	1.6e-37
AG-917-A09_8_35_28217_28771_F	PF05845.11	128.9	5.6e-39	128.7	6.5e-39
AG-917-A23_2_5_3339_3893_R	PF05845.11	130.3	2.1e-39	130.1	2.4e-39
AG-917-B08_12_20_14760_15314_R	PF05845.11	127.9	1.1e-38	127.7	1.3e-38
AG-917-B23_3_10_5983_6537_F	PF05845.11	134.7	9.7e-41	134.4	1.1e-40
AG-917-C07_3_21_19316_19888_R	PF05845.11	179.3	2e-54	179.1	2.2e-54
AG-917-C08_3_4_2677_3231_R	PF05845.11	128.8	5.9e-39	128.6	6.8e-39
AG-917-C10_15_19_14072_14626_F	PF05845.11	124.4	1.4e-37	124.1	1.6e-37
AG-917-C11_19_8_5969_6523_F	PF05845.11	128.8	5.9e-39	128.6	6.8e-39
AG-917-C18_2_3_1297_1860_R	PF05845.11	143.1	2.5e-43	143.0	2.7e-43
AG-917-D08_4_31_26458_27027_F	PF05845.11	147.6	1e-44	147.5	1.1e-44
AG-917-E05_7_24_22990_23544_R	PF05845.11	129.1	4.8e-39	128.9	5.5e-39
AG-917-F17_6_1_1_543_F	PF05845.11	124.3	1.4e-37	124.1	1.6e-37
AG-917-F20_10_5_2467_3036_F	PF05845.11	164.0	9.6e-50	163.8	1.1e-49
AG-917-G04_3_104_86814_87383_R	PF05845.11	142.9	2.9e-43	142.6	3.5e-43
AG-917-G18_17_33_36018_36596_R	PF05845.11	169.7	1.7e-51	169.5	2e-51
AG-917-M22_2_31_25664_26218_R	PF05845.11	126.4	3.4e-38	126.1	4e-38
AG-917-N15_10_2_617_1171_R	PF05845.11	133.2	2.7e-40	132.9	3.3e-40
AG-917-O23_34_12_9318_9881_R	PF05845.11	143.2	2.4e-43	143.0	2.7e-43
AG-917-P07_1_223_194032_194586_R	PF05845.11	128.8	5.9e-39	128.6	6.8e-39
AG-918-A01_7_48_42371_42925_R	PF05845.11	126.3	3.6e-38	126.1	4.2e-38
AG-918-C09_20_12_9951_10523_R	PF05845.11	179.4	1.8e-54	179.3	2e-54
AG-918-C15_2_142_139908_140462_F	PF05845.11	121.8	8.8e-37	121.5	1e-36
AG-918-C19_43_9_6331_6894_R	PF05845.11	143.1	2.5e-43	143.0	2.7e-43
AG-918-D14_1_90_73491_74045_R	PF05845.11	127.0	2.1e-38	126.7	2.6e-38
AG-918-D16_4_18_14069_14623_R	PF05845.11	133.2	2.7e-40	132.9	3.3e-40
AG-918-E15_1_216_213673_214260_R	PF05845.11	134.6	1e-40	134.3	1.2e-40
AG-918-I11_36_6_3871_4443_R	PF05845.11	141.0	1.1e-42	140.7	1.3e-42
AG-918-I18_9_58_55188_55751_R	PF05845.11	143.1	2.5e-43	143.0	2.7e-43
AG-918-K09_7_18_14826_15380_F	PF05845.11	128.8	5.9e-39	128.6	6.8e-39
AG-918-L07_9_51_49618_50172_F	PF05845.11	127.9	1.1e-38	127.7	1.3e-38
AG-918-L21_20_10_6237_6791_F	PF05845.11	127.1	1.9e-38	126.9	2.3e-38
AG-918-M19_4_50_42147_42701_R	PF05845.11	126.6	2.8e-38	126.4	3.2e-38
AG-918-N05_1_139_120571_121125_R	PF05845.11	126.6	2.8e-38	126.4	3.2e-38
AG-918-P10_11_23_18478_19032_F	PF05845.11	124.4	1.4e-37	124.1	1.6e-37
AG-918-P13_17_17_14774_15337_F	PF05845.11	143.1	2.5e-43	143.0	2.7e-43
AG-919-B14_3_59_58383_58937_F	PF05845.11	129.3	4.2e-39	129.1	4.8e-39
AG-919-D14_27_11_7888_8457_R	PF05845.11	147.6	1e-44	147.5	1.1e-44
AG-919-E16_13_12_9617_10189_F	PF05845.11	142.7	3.4e-43	142.5	3.8e-43
AG-919-F15_1_13_9487_10041_F	PF05845.11	123.9	1.9e-37	123.7	2.2e-37
AG-919-F22_2_41_39805_40359_F	PF05845.11	129.2	4.4e-39	129.0	5.1e-39
AG-919-I04_16_10_7676_8248_F	PF05845.11	141.9	6e-43	141.6	7.2e-43
AG-919-I05_7_42_40953_41525_F	PF05845.11	143.2	2.3e-43	143.1	2.6e-43
AG-919-I11_6_29_25618_26172_F	PF05845.11	128.9	5.6e-39	128.7	6.5e-39
AG-919-I17_41_3_780_1352_F	PF05845.11	145.3	5.3e-44	145.1	6.2e-44
AG-919-I20_4_38_31246_31800_F	PF05845.11	129.1	4.8e-39	128.9	5.5e-39
AG-919-J02_17_1_1_261_F	PF05845.11	64.7	2.7e-19	64.6	3e-19
AG-919-J14_32_5_3442_3996_R	PF05845.11	126.6	2.8e-38	126.4	3.2e-38
AG-919-K06_10_6_3785_4339_R	PF05845.11	133.2	2.7e-40	132.9	3.3e-40
AG-919-K16_29_2_419_973_F	PF05845.11	126.1	4.1e-38	125.9	4.8e-38
AG-919-L06_1_17_12083_12637_R	PF05845.11	127.9	1.1e-38	127.7	1.3e-38
AG-919-O09_22_3_1183_1737_F	PF05845.11	123.9	1.9e-37	123.7	2.3e-37
AG-919-O13_9_34_29025_29579_R	PF05845.11	127.9	1.1e-38	127.7	1.3e-38
AG-919-P09_3_104_95738_96292_F	PF05845.11	133.2	2.7e-40	132.9	3.3e-40
AG-919-P14_2_50_42254_42808_R	PF05845.11	128.8	5.9e-39	128.6	6.8e-39
AG-920-B04_7_9_8207_8779_F	PF05845.11	143.2	2.3e-43	143.1	2.6e-43
AG-920-E03_9_51_45373_45936_R	PF05845.11	142.8	3.2e-43	142.6	3.6e-43
AG-920-I14_7_26_23002_23556_F	PF05845.11	126.5	3.1e-38	126.3	3.6e-38
AG-920-J03_12_15_9994_10548_F	PF05845.11	126.5	3.1e-38	126.3	3.6e-38
AG-920-J04_13_31_23940_24494_R	PF05845.11	130.0	2.6e-39	129.8	3e-39
AG-920-M15_14_11_7633_8187_R	PF05845.11	133.6	2.1e-40	133.3	2.5e-40
AG-920-N08_1_257_243210_243764_F	PF05845.11	126.8	2.5e-38	126.6	2.9e-38
AG-920-O11_2_78_64539_65093_R	PF05845.11	126.5	3e-38	126.3	3.5e-38
AG-920-P15_5_26_19127_19681_R	PF05845.11	128.4	8.3e-39	128.1	9.7e-39
AG-920-P23_11_13_8873_9427_F	PF05845.11	126.6	2.8e-38	126.4	3.2e-38
AH-287-C18_25_32_30755_31378_R	PF05845.11	190.6	6.9e-58	190.4	7.8e-58
AH-324-F23_4_26_23412_24035_F	PF05845.11	191.0	5.1e-58	190.8	5.8e-58
