AG-337-F21_58_7_4301_5215_R	PF06007.10	386.0	2.3e-117	385.8	2.7e-117
AG-359-A03_37_19_14951_15820_R	PF06007.10	472.7	8.6e-144	472.5	9.8e-144
AG-359-A03_66_10_7722_8636_R	PF06007.10	382.6	2.5e-116	382.3	3e-116
AG-359-C07_16_15_10197_11078_R	PF06007.10	467.4	3.5e-142	467.2	4.1e-142
AG-359-C09_4_32_26546_27427_F	PF06007.10	467.4	3.5e-142	467.2	4.1e-142
AG-359-E10_20_19_14497_15378_F	PF06007.10	468.2	2e-142	468.0	2.4e-142
AG-359-F18_4_101_69191_70021_R	PF06007.10	461.7	1.9e-140	461.6	2.1e-140
AG-359-J19_18_3_1010_1846_R	PF06007.10	467.2	4.1e-142	467.0	4.7e-142
AG-359-K08_1_24_20087_20968_F	PF06007.10	469.5	7.8e-143	469.3	9.1e-143
AG-359-K09_14_28_19766_20002_F	PF06007.10	106.6	3.6e-32	106.3	4.2e-32
AG-359-L07_7_16_13439_14269_F	PF06007.10	463.7	4.8e-141	463.5	5.3e-141
AG-359-L15_56_9_8260_9174_R	PF06007.10	385.5	3.2e-117	385.3	3.7e-117
AG-359-L15_61_3_1089_1958_R	PF06007.10	472.8	8e-144	472.6	9.2e-144
AG-359-L21_3_6_3191_4060_F	PF06007.10	480.2	4.5e-146	480.0	5.1e-146
AG-359-M21_5_51_44802_45683_R	PF06007.10	467.4	3.5e-142	467.2	4.1e-142
AG-359-N22_1_99_82324_83205_R	PF06007.10	467.3	3.9e-142	467.0	4.6e-142
AG-359-O10_2_145_122946_123824_F	PF06007.10	471.2	2.5e-143	471.0	2.9e-143
AG-360-C11_1_10_6791_7681_F	PF06007.10	465.7	1.1e-141	465.5	1.3e-141
AG-360-C15_2_12_9054_9935_F	PF06007.10	466.6	5.9e-142	466.4	6.9e-142
AG-360-C19_47_4_2168_2998_R	PF06007.10	463.5	5.4e-141	463.4	6e-141
AG-360-F21_14_1_2_490_R	PF06007.10	271.7	1.6e-82	271.6	1.8e-82
AG-360-F21_64_5_2232_2420_R	PF06007.10	59.1	1.1e-17	59.0	1.2e-17
AG-360-J22_27_3_1091_1939_R	PF06007.10	463.9	4e-141	463.7	4.7e-141
AG-360-K11_3_26_18779_19660_R	PF06007.10	469.8	6.6e-143	469.5	7.8e-143
AG-360-L18_11_1_2_424_F	PF06007.10	181.6	4.8e-55	181.4	5.5e-55
AG-360-N03_18_16_12385_13263_R	PF06007.10	472.2	1.2e-143	471.9	1.4e-143
AG-360-N23_7_12_8963_9844_F	PF06007.10	467.4	3.5e-142	467.2	4.1e-142
AG-360-O20_3_24_20234_21136_F	PF06007.10	475.3	1.3e-144	475.1	1.5e-144
AG-360-P05_3_16_14476_15357_R	PF06007.10	471.4	2.1e-143	471.2	2.4e-143
AG-365-D23_1_32_32607_33536_F	PF06007.10	481.1	2.3e-146	480.9	2.7e-146
AG-365-M19_26_16_14770_15675_R	PF06007.10	494.7	1.7e-150	494.5	2e-150
AG-365-O09_2_15_15160_16074_F	PF06007.10	394.7	5e-120	394.5	5.8e-120
AG-390-C11_5_5_2554_3495_F	PF06007.10	473.4	5.2e-144	473.2	6.1e-144
AG-390-F11_12_23_16035_16916_R	PF06007.10	467.4	3.5e-142	467.2	4.1e-142
AG-390-G08_20_16_13719_14582_F	PF06007.10	464.7	2.3e-141	464.5	2.6e-141
AG-390-L20_8_101_85160_86038_R	PF06007.10	472.2	1.2e-143	471.9	1.4e-143
AG-414-A01_8_15_12239_13075_R	PF06007.10	468.2	2e-142	468.0	2.3e-142
AG-414-B10_16_6_3275_4156_R	PF06007.10	469.5	7.8e-143	469.3	9.1e-143
AG-414-C04_46_2_960_1841_F	PF06007.10	469.8	6.4e-143	469.6	7.6e-143
AG-414-D10_11_29_25580_26461_F	PF06007.10	465.5	1.4e-141	465.3	1.6e-141
AG-414-I04_10_31_25060_25950_F	PF06007.10	465.7	1.1e-141	465.5	1.3e-141
AG-414-I19_5_40_34190_35071_R	PF06007.10	469.5	8.1e-143	469.3	9.5e-143
AG-414-K15_3_92_77487_78368_R	PF06007.10	469.5	8.1e-143	469.3	9.5e-143
AG-414-L09_6_42_39841_40722_F	PF06007.10	467.7	2.9e-142	467.5	3.3e-142
AG-414-L13_28_10_6932_7447_F	PF06007.10	261.7	1.8e-79	261.5	2.1e-79
AG-414-L13_37_1_3_173_F	PF06007.10	59.8	6.6e-18	59.7	7e-18
AG-414-M06_10_21_17206_18087_F	PF06007.10	469.8	6.6e-143	469.5	7.8e-143
AG-414-O09_6_48_41286_42167_R	PF06007.10	469.5	8.1e-143	469.3	9.5e-143
AG-414-O11_3_110_106986_107867_F	PF06007.10	467.4	3.5e-142	467.2	4.1e-142
AG-414-P19_9_21_17270_18151_F	PF06007.10	469.5	7.8e-143	469.3	9.1e-143
AG-426-B08_4_16_13266_14144_R	PF06007.10	472.2	1.2e-143	471.9	1.4e-143
AG-426-C16_7_9_6125_7006_R	PF06007.10	469.5	8.1e-143	469.3	9.5e-143
AG-426-D13_1_99_83147_84028_R	PF06007.10	469.5	8.1e-143	469.3	9.5e-143
AG-426-E04_25_5_2065_2946_R	PF06007.10	469.5	8.1e-143	469.3	9.5e-143
AG-426-E23_10_14_10104_10940_R	PF06007.10	467.6	3.1e-142	467.4	3.5e-142
AG-426-F11_10_21_17481_18362_F	PF06007.10	469.5	8.1e-143	469.3	9.5e-143
AG-426-F15_6_11_6486_7367_R	PF06007.10	469.5	7.8e-143	469.3	9.1e-143
AG-426-G06_34_13_14419_15342_R	PF06007.10	394.8	4.7e-120	394.6	5.4e-120
AG-426-I14_60_4_1875_2429_R	PF06007.10	285.4	1.1e-86	285.2	1.2e-86
AG-426-I14_64_1_2_172_R	PF06007.10	83.6	3.7e-25	83.4	4.1e-25
AG-426-I21_6_16_12624_13514_R	PF06007.10	465.7	1.1e-141	465.5	1.3e-141
AG-426-J11_4_17_29618_30454_R	PF06007.10	464.7	2.4e-141	464.4	2.8e-141
AG-426-N08_3_5_2722_3558_R	PF06007.10	467.2	4.1e-142	467.0	4.7e-142
AG-430-A20_3_62_53823_54713_F	PF06007.10	465.7	1.1e-141	465.5	1.3e-141
AG-430-B08_29_4_2180_3061_F	PF06007.10	467.4	3.5e-142	467.2	4.1e-142
AG-430-D11_4_16_10832_11668_F	PF06007.10	464.7	2.4e-141	464.4	2.8e-141
AG-430-E18_5_17_13826_14707_F	PF06007.10	469.5	8.1e-143	469.3	9.5e-143
AG-430-E18_5_6_3502_4383_R	PF06007.10	469.5	8.1e-143	469.3	9.5e-143
AG-430-E20_4_68_66164_67045_F	PF06007.10	467.4	3.5e-142	467.2	4.1e-142
AG-430-F09_22_15_12376_13239_F	PF06007.10	464.3	3.2e-141	464.1	3.6e-141
AG-430-F17_3_44_37144_38034_F	PF06007.10	465.7	1.1e-141	465.5	1.3e-141
AG-430-L03_6_3_911_1792_R	PF06007.10	469.8	6.4e-143	469.6	7.4e-143
AG-430-M22_73_4_1871_2749_F	PF06007.10	472.3	1.2e-143	472.0	1.3e-143
AG-430-N20_10_22_14943_15833_F	PF06007.10	465.7	1.1e-141	465.5	1.3e-141
AG-430-O05_15_6_3133_4014_F	PF06007.10	469.5	8.1e-143	469.3	9.5e-143
AG-430-O19_7_17_14038_14838_R	PF06007.10	443.4	7.3e-135	443.2	8.4e-135
AG-430-P03_18_11_7603_8493_F	PF06007.10	465.7	1.1e-141	465.5	1.3e-141
AG-430-P14_1_133_127695_128531_F	PF06007.10	466.0	9.1e-142	465.9	1e-141
AG-435-D20_36_12_9769_10692_R	PF06007.10	394.7	5.2e-120	394.5	6e-120
AG-435-M08_57_1_55_969_F	PF06007.10	397.1	9.5e-121	396.9	1.1e-120
AG-439-C07_8_16_12937_13782_R	PF06007.10	470.0	5.5e-143	469.8	6.3e-143
AG-447-C21_26_28_25536_26459_F	PF06007.10	488.3	1.4e-148	488.1	1.7e-148
AG-447-K02_13_30_29758_30681_R	PF06007.10	488.3	1.4e-148	488.1	1.7e-148
AG-457-O08_2_31_25891_26823_F	PF06007.10	489.1	8.7e-149	488.8	1e-148
AG-891-A04_30_2_921_1847_F	PF06007.10	384.8	5.2e-117	384.6	6e-117
AG-891-A05_6_71_68920_69801_F	PF06007.10	469.8	6.6e-143	469.5	7.8e-143
AG-891-A07_16_40_37399_38313_R	PF06007.10	385.8	2.7e-117	385.6	3.1e-117
AG-891-A14_1_90_95932_96888_F	PF06007.10	471.6	1.8e-143	471.4	2.1e-143
AG-891-A21_7_18_15567_16436_F	PF06007.10	479.6	6.7e-146	479.4	7.7e-146
AG-891-B11_5_26_20063_20899_F	PF06007.10	464.7	2.4e-141	464.4	2.8e-141
AG-891-D05_6_19_15217_16098_F	PF06007.10	467.8	2.6e-142	467.6	3.1e-142
AG-891-E08_18_17_11249_12079_F	PF06007.10	463.5	5.4e-141	463.4	6e-141
AG-891-F10_4_12_7288_8169_R	PF06007.10	468.7	1.4e-142	468.5	1.7e-142
AG-891-G02_23_4_2048_2929_F	PF06007.10	469.8	6.6e-143	469.5	7.8e-143
AG-891-G03_10_36_34374_35252_F	PF06007.10	472.2	1.2e-143	471.9	1.4e-143
AG-891-I13_2_82_66701_67582_R	PF06007.10	467.4	3.5e-142	467.2	4.1e-142
AG-891-J04_2_201_201065_201955_F	PF06007.10	465.7	1.1e-141	465.5	1.3e-141
AG-891-J06_4_142_129089_129937_F	PF06007.10	463.9	4e-141	463.7	4.7e-141
AG-891-J10_13_16_12550_13428_F	PF06007.10	472.2	1.2e-143	471.9	1.4e-143
AG-891-K05_6_12_10113_10949_F	PF06007.10	464.8	2.2e-141	464.6	2.5e-141
AG-891-K18_12_3_1041_1889_R	PF06007.10	464.4	2.8e-141	464.2	3.3e-141
AG-891-L23_18_14_11630_12544_F	PF06007.10	477.3	3.4e-145	477.1	4e-145
AG-891-N20_2_18_16444_17325_R	PF06007.10	471.4	2.1e-143	471.2	2.4e-143
AG-891-P17_1_36_31371_32207_F	PF06007.10	464.6	2.5e-141	464.4	2.9e-141
AG-891-P23_8_26_21055_21885_F	PF06007.10	463.5	5.4e-141	463.4	6e-141
AG-892-A04_16_19_15986_16867_F	PF06007.10	471.4	2.1e-143	471.2	2.4e-143
AG-892-B06_4_122_115595_116431_R	PF06007.10	463.2	6.5e-141	463.0	7.6e-141
AG-892-B19_5_27_22625_23566_F	PF06007.10	472.6	8.9e-144	472.4	1e-143
AG-892-C19_3_14_11152_12030_F	PF06007.10	472.2	1.2e-143	471.9	1.4e-143
AG-892-D19_2_38_35715_36647_F	PF06007.10	488.9	9.5e-149	488.7	1.1e-148
AG-892-E07_4_18_15158_16039_F	PF06007.10	471.3	2.3e-143	471.1	2.7e-143
AG-892-E08_3_180_167823_168704_F	PF06007.10	466.2	8e-142	466.0	9.4e-142
AG-892-F07_2_60_55948_56784_R	PF06007.10	467.4	3.5e-142	467.2	4e-142
AG-892-F19_13_15_11305_12168_F	PF06007.10	464.7	2.3e-141	464.5	2.6e-141
AG-892-F22_4_70_69116_69994_R	PF06007.10	472.2	1.2e-143	471.9	1.4e-143
AG-892-G03_2_28_25540_26370_F	PF06007.10	463.7	4.8e-141	463.5	5.3e-141
AG-892-G22_2_204_174339_175220_R	PF06007.10	469.5	8.1e-143	469.3	9.5e-143
AG-892-G23_59_1_3_818_R	PF06007.10	435.0	2.7e-132	434.8	3.1e-132
AG-892-I13_7_12_9282_10160_F	PF06007.10	472.2	1.2e-143	471.9	1.4e-143
AG-892-J06_35_3_1576_2412_F	PF06007.10	466.9	5.1e-142	466.7	5.8e-142
AG-892-J13_11_28_16287_17117_R	PF06007.10	463.5	5.4e-141	463.4	6e-141
AG-892-M03_7_28_25380_26216_F	PF06007.10	466.9	5.1e-142	466.7	5.8e-142
AG-892-M06_2_98_89222_90112_F	PF06007.10	465.7	1.1e-141	465.5	1.3e-141
AG-892-M17_5_15_14190_15068_R	PF06007.10	472.3	1.1e-143	472.1	1.3e-143
AG-892-N18_27_4_1875_2753_R	PF06007.10	472.2	1.2e-143	471.9	1.4e-143
AG-892-O07_19_14_14939_15817_R	PF06007.10	472.3	1.1e-143	472.1	1.3e-143
AG-892-O13_2_18_13343_14224_F	PF06007.10	467.3	3.8e-142	467.0	4.5e-142
AG-892-O16_1_74_67417_68301_R	PF06007.10	471.7	1.7e-143	471.5	2e-143
AG-892-P13_17_16_14767_15261_R	PF06007.10	242.9	9.8e-74	242.7	1.1e-73
AG-893-B07_4_31_24975_25865_F	PF06007.10	465.7	1.1e-141	465.5	1.3e-141
AG-893-C03_4_23_15130_16020_F	PF06007.10	465.7	1.1e-141	465.5	1.3e-141
AG-893-E11_12_7_4831_5667_R	PF06007.10	463.2	6.5e-141	463.0	7.6e-141
AG-893-E15_3_23_17539_18369_F	PF06007.10	463.5	5.4e-141	463.4	6e-141
AG-893-F05_3_92_79931_80767_F	PF06007.10	463.2	6.5e-141	463.0	7.6e-141
AG-893-G05_2_122_109282_110160_R	PF06007.10	472.2	1.2e-143	471.9	1.4e-143
AG-893-G16_5_92_93876_94832_F	PF06007.10	471.6	1.8e-143	471.4	2.1e-143
AG-893-J17_4_17_14619_15560_R	PF06007.10	473.4	5.2e-144	473.2	6.1e-144
AG-893-J20_32_7_4435_5316_F	PF06007.10	469.8	6.4e-143	469.6	7.6e-143
AG-893-K18_1_36_23056_23970_F	PF06007.10	479.4	7.7e-146	479.2	9e-146
AG-893-L04_4_81_66624_67514_R	PF06007.10	465.5	1.3e-141	465.3	1.5e-141
AG-893-L07_5_74_59421_60302_R	PF06007.10	469.5	8.1e-143	469.3	9.5e-143
AG-893-L10_41_4_2232_3110_F	PF06007.10	472.2	1.2e-143	471.9	1.4e-143
AG-893-M03_2_17_11985_12875_F	PF06007.10	465.7	1.1e-141	465.5	1.3e-141
AG-893-M17_7_54_52265_53095_F	PF06007.10	463.7	4.8e-141	463.5	5.3e-141
AG-893-M18_13_24_19369_20325_F	PF06007.10	473.8	3.9e-144	473.6	4.6e-144
AG-893-N10_16_20_17332_18201_R	PF06007.10	480.1	4.6e-146	479.9	5.2e-146
AG-893-N22_1_24_20146_21027_F	PF06007.10	467.4	3.5e-142	467.2	4.1e-142
AG-893-O20_36_8_6108_6986_R	PF06007.10	472.2	1.2e-143	471.9	1.4e-143
AG-893-P05_4_97_93594_94472_F	PF06007.10	471.9	1.5e-143	471.6	1.8e-143
AG-894-A10_5_35_28166_29047_R	PF06007.10	469.5	7.8e-143	469.3	9.1e-143
AG-894-A11_8_54_45141_45659_F	PF06007.10	263.6	4.7e-80	263.4	5.4e-80
AG-894-A16_1_290_253540_254418_F	PF06007.10	472.2	1.2e-143	471.9	1.4e-143
AG-894-B17_6_29_26730_27566_R	PF06007.10	467.4	3.5e-142	467.2	4e-142
AG-894-B22_51_7_4777_5646_F	PF06007.10	480.3	4e-146	480.1	4.6e-146
AG-894-C08_2_9_6495_7415_F	PF06007.10	479.7	6.2e-146	479.5	7.1e-146
AG-894-C14_5_43_37268_38149_R	PF06007.10	467.4	3.5e-142	467.2	4.1e-142
AG-894-D22_27_4_1553_2434_R	PF06007.10	469.5	7.8e-143	469.3	9.1e-143
AG-894-E05_3_90_95036_95932_R	PF06007.10	479.6	6.8e-146	479.3	8.1e-146
AG-894-E21_4_13_8441_9322_R	PF06007.10	467.3	3.8e-142	467.0	4.5e-142
AG-894-F10_18_19_18334_19227_R	PF06007.10	476.6	5.4e-145	476.4	6.3e-145
AG-894-F19_56_1_1_441_F	PF06007.10	211.2	4.4e-64	211.1	5e-64
AG-894-G23_10_15_9816_10706_F	PF06007.10	465.7	1.1e-141	465.5	1.3e-141
AG-894-G23_10_2_192_1082_R	PF06007.10	465.7	1.1e-141	465.5	1.3e-141
AG-894-I22_1_246_249560_250390_F	PF06007.10	463.5	5.4e-141	463.4	6e-141
AG-894-K13_18_13_9221_10111_R	PF06007.10	465.7	1.1e-141	465.5	1.3e-141
AG-894-K22_5_56_48652_49533_R	PF06007.10	469.8	6.6e-143	469.5	7.8e-143
AG-894-L05_2_111_105566_106435_R	PF06007.10	480.2	4.5e-146	480.0	5.1e-146
AG-894-L17_1_78_74891_75772_F	PF06007.10	469.5	8.1e-143	469.3	9.5e-143
AG-894-M05_7_34_28912_29775_F	PF06007.10	464.7	2.3e-141	464.5	2.6e-141
AG-894-M09_27_6_3957_4901_R	PF06007.10	469.4	8.9e-143	469.1	1e-142
AG-894-M11_13_19_14542_15378_R	PF06007.10	466.9	5.1e-142	466.7	5.8e-142
AG-894-M23_38_4_1809_2693_R	PF06007.10	467.4	3.6e-142	467.2	4.2e-142
AG-895-B04_57_4_2115_2906_R	PF06007.10	448.2	2.6e-136	448.0	2.9e-136
AG-895-B13_19_10_6929_7843_F	PF06007.10	479.4	7.7e-146	479.2	8.9e-146
AG-895-B19_2_51_50201_51082_F	PF06007.10	469.5	7.8e-143	469.3	9.1e-143
AG-895-D04_7_71_61830_62666_R	PF06007.10	464.7	2.4e-141	464.4	2.8e-141
AG-895-E06_3_73_56886_57764_R	PF06007.10	472.2	1.2e-143	471.9	1.4e-143
AG-895-F06_18_25_20512_21408_F	PF06007.10	479.5	7.1e-146	479.3	8.4e-146
AG-895-F07_3_41_33349_34239_F	PF06007.10	465.7	1.1e-141	465.5	1.3e-141
AG-895-F09_1_73_82400_83320_F	PF06007.10	479.7	6.2e-146	479.5	7.1e-146
AG-895-F20_2_7_4475_5365_R	PF06007.10	465.7	1.1e-141	465.5	1.3e-141
AG-895-I03_21_11_9975_10889_F	PF06007.10	479.4	7.7e-146	479.2	8.9e-146
AG-895-I21_9_28_20008_20898_F	PF06007.10	465.7	1.1e-141	465.5	1.3e-141
AG-895-J17_5_81_63822_64712_R	PF06007.10	465.7	1.1e-141	465.5	1.3e-141
AG-895-J18_15_15_11692_12573_R	PF06007.10	471.4	2.1e-143	471.2	2.4e-143
AG-895-K08_31_7_4697_5578_R	PF06007.10	471.4	2.1e-143	471.2	2.4e-143
AG-895-K19_10_14_12770_13684_R	PF06007.10	479.0	1e-145	478.7	1.2e-145
AG-895-K19_18_19_16802_17698_R	PF06007.10	475.4	1.3e-144	475.2	1.5e-144
AG-895-K23_6_59_55919_56755_R	PF06007.10	467.2	4.1e-142	467.0	4.7e-142
AG-895-L09_7_16_13206_14069_F	PF06007.10	464.7	2.3e-141	464.5	2.6e-141
AG-895-L18_6_40_37799_38629_F	PF06007.10	463.5	5.4e-141	463.4	6e-141
AG-895-O08_2_44_39338_40174_F	PF06007.10	464.9	2.1e-141	464.7	2.4e-141
AG-895-P05_8_46_45402_46265_F	PF06007.10	464.7	2.3e-141	464.5	2.6e-141
AG-895-P06_22_6_3596_4477_F	PF06007.10	469.5	7.8e-143	469.3	9.1e-143
AG-895-P14_1_162_152137_153015_R	PF06007.10	471.2	2.5e-143	471.0	2.9e-143
AG-895-P17_49_3_1384_2214_R	PF06007.10	463.5	5.4e-141	463.4	6e-141
AG-896-A01_3_129_131103_131966_R	PF06007.10	464.7	2.3e-141	464.5	2.6e-141
AG-896-A02_14_5_2071_2961_R	PF06007.10	465.7	1.1e-141	465.5	1.3e-141
AG-896-B07_3_24_16391_17272_R	PF06007.10	467.4	3.5e-142	467.2	4.1e-142
AG-896-B21_16_5_4107_4943_R	PF06007.10	464.7	2.3e-141	464.5	2.6e-141
AG-896-C14_6_23_21500_22420_F	PF06007.10	479.4	7.5e-146	479.2	8.6e-146
AG-896-D10_26_5_2709_3545_F	PF06007.10	464.7	2.4e-141	464.4	2.8e-141
AG-896-E15_4_41_32698_33579_F	PF06007.10	469.8	6.6e-143	469.5	7.8e-143
AG-896-G21_6_13_9041_9910_R	PF06007.10	472.8	8e-144	472.6	9.2e-144
AG-896-I04_1_18_13873_14754_F	PF06007.10	469.5	7.8e-143	469.3	9.1e-143
AG-896-I23_11_3_1609_2478_F	PF06007.10	480.2	4.5e-146	480.0	5.1e-146
AG-896-J04_7_85_79537_80385_R	PF06007.10	480.1	4.8e-146	479.9	5.5e-146
AG-896-J17_9_28_22427_23215_R	PF06007.10	433.6	7.2e-132	433.4	8.3e-132
AG-896-K16_6_44_45982_46902_F	PF06007.10	479.7	6.2e-146	479.5	7.1e-146
AG-896-L18_10_12_8832_9713_R	PF06007.10	471.4	2.1e-143	471.2	2.4e-143
AG-896-M13_11_17_19228_20064_R	PF06007.10	463.2	6.5e-141	463.0	7.6e-141
AG-896-N20_1_79_66929_67807_R	PF06007.10	472.2	1.2e-143	471.9	1.4e-143
AG-896-O07_34_1_2_865_R	PF06007.10	454.8	2.5e-138	454.6	2.8e-138
AG-896-P05_3_28_26027_26857_F	PF06007.10	463.7	4.8e-141	463.5	5.3e-141
AG-896-P15_14_25_22919_23782_R	PF06007.10	464.7	2.4e-141	464.5	2.7e-141
AG-896-P19_6_13_9620_10501_R	PF06007.10	469.8	6.6e-143	469.5	7.8e-143
AG-897-B18_25_10_6817_7572_F	PF06007.10	420.0	1e-127	419.8	1.1e-127
AG-897-B18_25_20_15345_16223_R	PF06007.10	472.2	1.2e-143	471.9	1.4e-143
AG-897-B22_11_6_3239_4120_R	PF06007.10	469.8	6.6e-143	469.5	7.8e-143
AG-897-B23_13_20_19098_19937_R	PF06007.10	445.6	1.6e-135	445.4	1.8e-135
AG-897-D05_23_14_10731_11567_F	PF06007.10	467.6	3.1e-142	467.4	3.5e-142
AG-897-G20_3_135_138750_139613_R	PF06007.10	464.7	2.3e-141	464.5	2.6e-141
AG-897-G20_5_131_140569_141483_F	PF06007.10	387.0	1.1e-117	386.8	1.3e-117
AG-897-J23_11_18_12725_13606_R	PF06007.10	467.4	3.5e-142	467.2	4.1e-142
AG-897-J23_11_4_2126_3007_F	PF06007.10	467.4	3.5e-142	467.2	4.1e-142
AG-897-K16_8_27_20402_21280_F	PF06007.10	471.6	1.8e-143	471.4	2.2e-143
AG-897-K20_3_18_15159_16052_R	PF06007.10	479.4	7.8e-146	479.1	9.2e-146
AG-898-B05_10_4_1930_2811_R	PF06007.10	469.5	7.8e-143	469.3	9.1e-143
AG-898-B14_13_48_40237_41121_R	PF06007.10	471.8	1.6e-143	471.5	1.9e-143
AG-898-C07_2_83_67769_68650_R	PF06007.10	467.8	2.6e-142	467.6	3e-142
AG-898-D04_3_8_5904_6743_F	PF06007.10	445.6	1.6e-135	445.4	1.8e-135
AG-898-D17_1_12_8581_9417_F	PF06007.10	467.2	4.1e-142	467.0	4.7e-142
AG-898-G02_2_17_14980_15816_R	PF06007.10	467.2	4.1e-142	467.0	4.7e-142
AG-898-J17_1_200_218254_219117_R	PF06007.10	464.7	2.3e-141	464.5	2.6e-141
AG-898-J17_3_137_148734_149648_R	PF06007.10	387.0	1.1e-117	386.8	1.3e-117
AG-898-J22_4_21_16540_17376_R	PF06007.10	467.2	4.1e-142	467.0	4.7e-142
AG-898-K23_5_34_31385_32221_F	PF06007.10	467.2	4.1e-142	467.0	4.7e-142
AG-898-L02_10_28_27142_28074_R	PF06007.10	487.5	2.6e-148	487.3	3e-148
AG-898-M04_11_13_10362_11243_F	PF06007.10	471.4	2.1e-143	471.2	2.4e-143
AG-898-M13_5_29_30449_31339_F	PF06007.10	472.5	9.8e-144	472.3	1.1e-143
AG-898-M15_24_29_23631_24467_R	PF06007.10	467.2	4.1e-142	467.0	4.7e-142
AG-898-M18_27_2_341_1255_R	PF06007.10	479.4	7.7e-146	479.2	8.9e-146
AG-898-N21_1_83_79667_80497_F	PF06007.10	463.5	5.4e-141	463.4	6e-141
AG-898-O08_10_1_63_953_F	PF06007.10	465.7	1.1e-141	465.5	1.3e-141
AG-898-O15_4_39_38222_39103_R	PF06007.10	469.5	8.1e-143	469.3	9.5e-143
AG-898-P07_3_12_7473_8363_R	PF06007.10	464.4	2.8e-141	464.2	3.2e-141
AG-899-A17_11_12_9207_10085_R	PF06007.10	472.2	1.2e-143	471.9	1.4e-143
AG-899-B02_3_143_139910_140746_F	PF06007.10	467.6	3.1e-142	467.4	3.5e-142
AG-899-B06_11_55_45584_46420_F	PF06007.10	464.1	3.5e-141	463.9	4.1e-141
AG-899-C03_2_58_55990_56826_R	PF06007.10	467.3	3.8e-142	467.1	4.3e-142
AG-899-C06_10_36_35581_36444_R	PF06007.10	464.7	2.3e-141	464.5	2.6e-141
AG-899-D16_37_8_5457_6338_F	PF06007.10	469.5	8.1e-143	469.3	9.5e-143
AG-899-D19_26_4_1509_2390_R	PF06007.10	469.5	8.1e-143	469.3	9.5e-143
AG-899-E11_5_75_62492_63370_R	PF06007.10	472.2	1.2e-143	471.9	1.4e-143
AG-899-F04_5_74_56044_56925_R	PF06007.10	471.4	2.1e-143	471.2	2.4e-143
AG-899-F06_1_71_78106_79026_R	PF06007.10	479.6	6.5e-146	479.4	7.5e-146
AG-899-I09_1_23_14195_15043_F	PF06007.10	463.9	4e-141	463.7	4.7e-141
AG-899-J06_4_66_59502_60338_R	PF06007.10	467.2	4.1e-142	467.0	4.7e-142
AG-899-K02_31_14_11883_12746_R	PF06007.10	464.7	2.3e-141	464.5	2.6e-141
AG-899-K02_4_104_113002_113916_F	PF06007.10	387.0	1.1e-117	386.8	1.3e-117
AG-899-K21_4_128_124704_125534_F	PF06007.10	463.1	7.2e-141	462.9	8e-141
AG-899-L04_1_112_104155_105033_R	PF06007.10	472.2	1.2e-143	471.9	1.4e-143
AG-899-L06_11_2_701_1537_F	PF06007.10	464.7	2.3e-141	464.5	2.6e-141
AG-899-M09_1_312_298406_299242_F	PF06007.10	467.2	4.1e-142	467.0	4.7e-142
AG-899-M15_13_27_24632_25468_F	PF06007.10	467.2	4.1e-142	467.0	4.7e-142
AG-899-M23_3_35_31652_32488_R	PF06007.10	467.2	4.1e-142	467.0	4.7e-142
AG-899-N21_2_82_82313_83194_F	PF06007.10	467.7	2.9e-142	467.5	3.3e-142
AG-899-O02_3_132_120865_121755_R	PF06007.10	465.7	1.1e-141	465.5	1.3e-141
AG-899-O16_1_90_86738_87619_R	PF06007.10	469.8	6.6e-143	469.5	7.8e-143
AG-899-O20_2_32_27844_28722_R	PF06007.10	471.9	1.5e-143	471.6	1.8e-143
AG-899-P02_28_2_770_1660_F	PF06007.10	465.7	1.1e-141	465.5	1.3e-141
AG-899-P20_3_15_11106_12002_R	PF06007.10	483.3	5.1e-147	483.0	6e-147
AG-900-B07_15_21_18734_19570_F	PF06007.10	466.9	5.1e-142	466.7	5.8e-142
AG-900-D03_1_14_10332_11213_R	PF06007.10	469.5	7.8e-143	469.3	9.1e-143
AG-900-E19_2_9_6769_7650_F	PF06007.10	469.5	8.1e-143	469.3	9.5e-143
AG-900-I07_2_14_10492_11370_F	PF06007.10	472.2	1.2e-143	471.9	1.4e-143
AG-900-K07_15_18_15731_16615_F	PF06007.10	471.8	1.6e-143	471.5	1.9e-143
AG-900-K11_3_68_54965_55801_F	PF06007.10	463.2	6.5e-141	463.0	7.6e-141
AG-900-K14_4_123_114875_115765_F	PF06007.10	465.7	1.1e-141	465.5	1.3e-141
AG-900-K20_4_37_35936_36826_R	PF06007.10	465.7	1.1e-141	465.5	1.3e-141
AG-900-L08_12_12_8186_9076_R	PF06007.10	465.7	1.1e-141	465.5	1.3e-141
AG-900-M14_5_47_41726_42616_R	PF06007.10	465.3	1.5e-141	465.1	1.7e-141
AG-900-N04_24_11_7947_8837_F	PF06007.10	465.7	1.1e-141	465.5	1.3e-141
AG-900-O15_4_17_13761_14597_R	PF06007.10	463.5	5.3e-141	463.3	6.2e-141
AG-900-O17_5_62_67237_68118_F	PF06007.10	469.5	8.1e-143	469.3	9.5e-143
AG-900-P11_4_51_46398_47276_R	PF06007.10	472.2	1.2e-143	471.9	1.4e-143
AG-900-P21_16_13_9665_10546_F	PF06007.10	467.1	4.3e-142	466.9	5e-142
AG-901-A07_5_55_47751_48632_R	PF06007.10	469.5	7.8e-143	469.3	9.1e-143
AG-901-A18_21_7_4767_5648_R	PF06007.10	469.0	1.2e-142	468.7	1.4e-142
AG-901-C06_4_9_7369_8211_R	PF06007.10	469.5	7.8e-143	469.3	9e-143
AG-901-D21_2_71_57738_58628_R	PF06007.10	465.7	1.1e-141	465.5	1.3e-141
AG-901-E10_19_2_552_1433_F	PF06007.10	467.4	3.5e-142	467.2	4.1e-142
AG-901-E23_2_279_281172_282002_F	PF06007.10	463.7	4.8e-141	463.5	5.3e-141
AG-901-G03_12_30_23680_24570_F	PF06007.10	465.7	1.1e-141	465.5	1.3e-141
AG-901-G05_1_117_101451_102332_R	PF06007.10	469.5	8.1e-143	469.3	9.5e-143
AG-901-G21_3_83_68619_69509_R	PF06007.10	465.7	1.1e-141	465.5	1.3e-141
AG-901-L04_27_2_686_1567_R	PF06007.10	468.2	2e-142	468.0	2.4e-142
AG-901-L09_19_3_1038_1919_R	PF06007.10	469.6	7.3e-143	469.4	8.6e-143
AG-901-N09_8_13_9043_9933_R	PF06007.10	465.7	1.1e-141	465.5	1.3e-141
AG-901-O07_8_25_24738_25658_R	PF06007.10	479.7	6.2e-146	479.5	7.1e-146
AG-901-O20_3_32_27514_28395_F	PF06007.10	467.4	3.5e-142	467.2	4.1e-142
AG-903-C04_1_36_33027_33908_F	PF06007.10	467.4	3.5e-142	467.2	4.1e-142
AG-903-E20_11_22_19727_20608_F	PF06007.10	471.4	2.1e-143	471.2	2.4e-143
AG-903-F16_2_35_31577_32458_F	PF06007.10	467.4	3.5e-142	467.2	4.1e-142
AG-903-G07_5_14_10057_10947_R	PF06007.10	465.7	1.2e-141	465.5	1.3e-141
AG-903-G21_2_83_84673_85566_R	PF06007.10	479.4	7.8e-146	479.1	9.2e-146
AG-903-I13_10_8_5761_6642_F	PF06007.10	469.0	1.2e-142	468.7	1.4e-142
AG-903-K13_29_6_3000_3881_R	PF06007.10	469.8	6.6e-143	469.5	7.8e-143
AG-903-K22_6_40_34841_35722_R	PF06007.10	467.4	3.5e-142	467.2	4.1e-142
AG-903-L16_35_7_4359_5240_F	PF06007.10	469.5	7.8e-143	469.3	9.1e-143
AG-903-L18_24_3_1568_2449_F	PF06007.10	467.4	3.5e-142	467.2	4.1e-142
AG-903-M14_6_15_11514_12395_F	PF06007.10	467.7	2.9e-142	467.5	3.3e-142
AG-903-O06_45_4_1563_2444_R	PF06007.10	468.0	2.3e-142	467.7	2.7e-142
AG-903-O22_10_22_17789_18670_F	PF06007.10	469.5	7.8e-143	469.3	9.1e-143
AG-903-P05_20_15_12240_13118_F	PF06007.10	472.2	1.2e-143	471.9	1.4e-143
AG-903-P13_21_19_15591_16460_R	PF06007.10	472.7	8.6e-144	472.5	9.8e-144
AG-903-P13_37_9_7384_8298_F	PF06007.10	383.0	1.9e-116	382.8	2.2e-116
AG-903-P18_5_51_47585_48463_R	PF06007.10	472.2	1.2e-143	471.9	1.4e-143
AG-904-A08_5_3_1579_2460_F	PF06007.10	467.4	3.5e-142	467.2	4.1e-142
AG-904-B14_4_1_1_876_F	PF06007.10	469.6	7.6e-143	469.4	8.9e-143
AG-904-C04_20_4_2666_3580_R	PF06007.10	387.0	1.1e-117	386.8	1.3e-117
AG-904-C04_5_35_34242_35105_R	PF06007.10	464.7	2.3e-141	464.5	2.6e-141
AG-904-C11_6_55_51565_52401_F	PF06007.10	466.0	9.3e-142	465.8	1.1e-141
AG-904-C15_9_9_6085_6966_F	PF06007.10	471.4	2.1e-143	471.2	2.4e-143
AG-904-D18_11_27_17855_18745_F	PF06007.10	466.4	7e-142	466.2	7.9e-142
AG-904-E19_2_42_39978_40859_F	PF06007.10	469.8	6.7e-143	469.5	7.8e-143
AG-904-F08_10_20_17619_18503_F	PF06007.10	472.4	1.1e-143	472.2	1.2e-143
AG-904-F15_36_3_1493_2374_R	PF06007.10	469.8	6.7e-143	469.5	7.8e-143
AG-904-F17_1_350_307045_307926_R	PF06007.10	467.4	3.5e-142	467.2	4.1e-142
AG-904-G21_4_17_11725_12606_R	PF06007.10	469.5	7.8e-143	469.3	9.1e-143
AG-904-I16_37_3_1328_2209_R	PF06007.10	469.5	7.8e-143	469.3	9.1e-143
AG-904-K16_2_164_160618_161253_R	PF06007.10	357.9	8.3e-109	357.8	9.2e-109
AG-904-M20_39_3_1418_2254_F	PF06007.10	466.0	9.1e-142	465.9	1e-141
AG-904-N19_40_7_4476_5312_R	PF06007.10	467.2	4.1e-142	467.0	4.7e-142
AG-904-O05_29_17_14312_15175_F	PF06007.10	464.7	2.3e-141	464.5	2.6e-141
AG-904-O08_3_54_49642_50523_R	PF06007.10	471.3	2.3e-143	471.1	2.7e-143
AG-905-C13_22_1_2_496_F	PF06007.10	245.7	1.3e-74	245.6	1.5e-74
AG-905-C17_5_18_12708_13556_R	PF06007.10	485.6	9.9e-148	485.4	1.2e-147
AG-905-D04_3_98_96591_97427_F	PF06007.10	467.5	3.3e-142	467.3	3.7e-142
AG-905-D16_4_41_32714_33604_F	PF06007.10	465.7	1.1e-141	465.5	1.3e-141
AG-905-D23_28_4_1850_2731_R	PF06007.10	469.8	6.6e-143	469.5	7.8e-143
AG-905-E11_14_12_7262_8143_R	PF06007.10	469.5	8.1e-143	469.3	9.5e-143
AG-905-F13_14_4_1663_2544_R	PF06007.10	471.4	2.1e-143	471.2	2.4e-143
AG-905-F19_8_5_2211_3092_F	PF06007.10	469.5	8.1e-143	469.3	9.5e-143
AG-905-I20_10_14_11605_12519_R	PF06007.10	477.3	3.4e-145	477.1	4e-145
AG-905-L17_3_105_92948_93838_F	PF06007.10	465.7	1.1e-141	465.5	1.3e-141
AG-905-N16_13_34_31848_32684_F	PF06007.10	467.5	3.3e-142	467.3	3.7e-142
AG-905-N19_7_13_10310_11191_F	PF06007.10	471.4	2.1e-143	471.2	2.4e-143
AG-905-N21_27_12_9096_9932_F	PF06007.10	467.2	4.1e-142	467.0	4.7e-142
AG-905-P14_8_31_30015_30896_R	PF06007.10	471.4	2.1e-143	471.2	2.4e-143
AG-905-P20_1_78_66139_67020_R	PF06007.10	467.4	3.5e-142	467.2	4.1e-142
AG-907-A10_22_12_8478_9368_F	PF06007.10	465.7	1.1e-141	465.5	1.3e-141
AG-907-C17_5_39_31451_32341_F	PF06007.10	465.7	1.1e-141	465.5	1.3e-141
AG-907-E10_8_7_5416_6252_R	PF06007.10	464.7	2.4e-141	464.4	2.8e-141
AG-907-E15_6_3_1231_2112_F	PF06007.10	468.2	2e-142	468.0	2.4e-142
AG-907-I09_9_3_1596_2477_F	PF06007.10	469.5	8.1e-143	469.3	9.5e-143
AG-907-K06_36_4_1603_2544_R	PF06007.10	473.3	5.5e-144	473.1	6.4e-144
AG-907-M14_4_31_28222_29166_F	PF06007.10	469.4	8.9e-143	469.1	1e-142
AG-907-N15_4_55_53839_54720_F	PF06007.10	467.4	3.5e-142	467.2	4.1e-142
AG-907-O16_4_182_160241_161122_R	PF06007.10	469.5	8.1e-143	469.3	9.5e-143
AG-907-P11_1_88_77083_77919_R	PF06007.10	465.2	1.6e-141	465.0	1.9e-141
AG-907-P16_1_77_63290_64171_R	PF06007.10	467.4	3.5e-142	467.2	4.1e-142
AG-908-B02_1_33_29568_30404_F	PF06007.10	463.8	4.3e-141	463.6	5.1e-141
AG-908-B03_28_6_4525_5469_R	PF06007.10	468.0	2.2e-142	467.8	2.6e-142
AG-908-D05_1_208_175453_176334_R	PF06007.10	469.5	7.8e-143	469.3	9.1e-143
AG-908-D15_26_4_3125_3238_R	PF06007.10	28.7	2e-08	28.5	2.2e-08
AG-908-D17_4_93_91520_92401_F	PF06007.10	467.4	3.5e-142	467.2	4.1e-142
AG-908-F18_10_33_28285_29166_R	PF06007.10	469.8	6.7e-143	469.5	7.8e-143
AG-908-G17_2_72_46509_47339_R	PF06007.10	463.5	5.4e-141	463.4	6e-141
AG-908-G18_1_17_15107_15943_R	PF06007.10	464.7	2.4e-141	464.4	2.8e-141
AG-908-I10_1_79_78126_79007_F	PF06007.10	467.4	3.5e-142	467.2	4.1e-142
AG-908-N22_27_4_1638_2294_R	PF06007.10	348.3	7.2e-106	348.1	8.1e-106
AG-909-D03_5_4_1985_2866_F	PF06007.10	469.5	7.8e-143	469.3	9.1e-143
AG-909-D16_3_42_40544_41425_F	PF06007.10	466.4	7.2e-142	466.2	8.4e-142
AG-909-G06_11_29_24600_25481_F	PF06007.10	469.0	1.2e-142	468.7	1.4e-142
AG-909-G09_2_50_41597_42487_F	PF06007.10	465.7	1.1e-141	465.5	1.3e-141
AG-909-I06_6_8_5418_6299_F	PF06007.10	469.6	7.3e-143	469.4	8.6e-143
AG-909-K16_28_2_694_1575_R	PF06007.10	469.2	1e-142	468.9	1.2e-142
AG-909-N06_8_29_25396_26277_F	PF06007.10	467.4	3.5e-142	467.2	4.1e-142
AG-909-O06_3_44_37777_38658_R	PF06007.10	467.4	3.5e-142	467.2	4.1e-142
AG-909-O11_3_90_89220_90056_F	PF06007.10	464.8	2.2e-141	464.6	2.5e-141
AG-909-O15_10_12_8586_9476_F	PF06007.10	465.7	1.1e-141	465.5	1.3e-141
AG-909-O18_14_12_8434_9324_R	PF06007.10	465.7	1.1e-141	465.5	1.3e-141
AG-909-P15_8_47_43787_44623_F	PF06007.10	466.0	9.1e-142	465.9	1e-141
AG-910-B21_2_216_250026_250895_R	PF06007.10	480.2	4.5e-146	480.0	5.1e-146
AG-910-C15_6_20_17586_18476_R	PF06007.10	465.7	1.1e-141	465.5	1.3e-141
AG-910-D07_3_40_37372_38253_F	PF06007.10	469.8	6.6e-143	469.5	7.8e-143
AG-910-D20_1_49_41345_42235_R	PF06007.10	465.7	1.1e-141	465.5	1.3e-141
AG-910-E04_24_2_436_1317_R	PF06007.10	467.4	3.5e-142	467.2	4.1e-142
AG-910-E22_7_45_38301_39185_F	PF06007.10	472.1	1.3e-143	471.9	1.5e-143
AG-910-F07_3_69_61804_62685_F	PF06007.10	469.5	8.1e-143	469.3	9.5e-143
AG-910-I09_3_11_6624_7454_F	PF06007.10	463.5	5.4e-141	463.4	6e-141
AG-910-J03_7_32_24597_25478_F	PF06007.10	469.8	6.4e-143	469.6	7.6e-143
AG-910-J06_1_41_34945_35835_R	PF06007.10	465.7	1.1e-141	465.5	1.3e-141
AG-910-J22_9_19_13166_14047_R	PF06007.10	469.5	8.1e-143	469.3	9.5e-143
AG-910-K08_10_35_30108_30989_R	PF06007.10	469.5	7.8e-143	469.3	9.1e-143
AG-910-K09_6_13_10250_11128_F	PF06007.10	472.2	1.2e-143	471.9	1.4e-143
AG-910-N21_9_67_62031_62867_R	PF06007.10	466.9	5.1e-142	466.7	5.8e-142
AG-910-O03_1_125_116302_117183_F	PF06007.10	467.4	3.5e-142	467.2	4.1e-142
AG-910-O20_1_56_49559_50440_R	PF06007.10	467.1	4.3e-142	466.9	5e-142
AG-910-P13_5_38_35423_36304_F	PF06007.10	471.4	2.1e-143	471.2	2.4e-143
AG-911-A11_23_12_7650_8519_R	PF06007.10	472.7	8.5e-144	472.5	9.8e-144
AG-911-B02_5_30_26167_27048_F	PF06007.10	467.4	3.5e-142	467.2	4.1e-142
AG-911-B04_1_203_179688_180569_R	PF06007.10	467.4	3.5e-142	467.2	4.1e-142
AG-911-C13_1_29_21232_22113_R	PF06007.10	468.2	2e-142	468.0	2.4e-142
AG-911-D18_11_41_34450_35331_R	PF06007.10	469.2	9.7e-143	469.0	1.1e-142
AG-911-E14_2_19_14505_15386_F	PF06007.10	467.4	3.5e-142	467.2	4.1e-142
AG-911-E22_4_7_4842_5672_R	PF06007.10	463.5	5.3e-141	463.4	6e-141
AG-911-F16_42_4_1749_2618_R	PF06007.10	480.2	4.5e-146	480.0	5.1e-146
AG-911-I02_7_2_630_1460_R	PF06007.10	463.5	5.4e-141	463.4	6e-141
AG-911-I14_31_7_5579_6448_F	PF06007.10	480.2	4.5e-146	480.0	5.1e-146
AG-911-I16_2_151_141735_142625_R	PF06007.10	465.7	1.1e-141	465.5	1.3e-141
AG-911-I18_4_67_61995_62831_R	PF06007.10	467.6	3.1e-142	467.4	3.5e-142
AG-911-J10_5_35_32686_33564_R	PF06007.10	472.2	1.2e-143	471.9	1.4e-143
AG-911-J17_9_63_63497_64453_R	PF06007.10	468.5	1.6e-142	468.3	1.8e-142
AG-911-K22_8_36_38887_39807_R	PF06007.10	479.7	6.2e-146	479.5	7.1e-146
AG-911-L03_3_5_3086_4030_F	PF06007.10	469.4	8.8e-143	469.1	1e-142
AG-911-L11_1_143_136268_137149_F	PF06007.10	469.8	6.7e-143	469.5	7.8e-143
AG-911-L14_13_2_528_1418_F	PF06007.10	465.7	1.1e-141	465.5	1.3e-141
AG-911-L18_1_77_74839_75720_F	PF06007.10	469.5	7.8e-143	469.3	9.1e-143
AG-911-M05_1_183_170744_171625_F	PF06007.10	467.4	3.5e-142	467.2	4.1e-142
AG-911-M08_2_122_118627_119463_F	PF06007.10	467.2	4.1e-142	467.0	4.7e-142
AG-911-M18_3_20_17931_18809_F	PF06007.10	470.3	4.6e-143	470.1	5.4e-143
AG-912-A09_2_15_9963_10844_R	PF06007.10	467.7	2.9e-142	467.5	3.3e-142
AG-912-B06_7_11_6573_7454_R	PF06007.10	467.4	3.5e-142	467.2	4.1e-142
AG-912-E20_3_29_20384_21274_F	PF06007.10	465.7	1.1e-141	465.5	1.3e-141
AG-912-F21_2_162_152511_153359_R	PF06007.10	464.4	2.8e-141	464.2	3.3e-141
AG-912-G03_6_14_8974_9804_F	PF06007.10	463.5	5.4e-141	463.4	6e-141
AG-912-G10_6_30_33139_34059_R	PF06007.10	479.7	6.2e-146	479.5	7.1e-146
AG-912-G22_1_321_278152_279033_R	PF06007.10	468.9	1.2e-142	468.7	1.4e-142
AG-912-I23_9_10_6779_7669_F	PF06007.10	465.7	1.1e-141	465.5	1.3e-141
AG-912-J22_11_19_13819_14700_R	PF06007.10	467.4	3.5e-142	467.2	4.1e-142
AG-912-K05_1_147_136754_137635_F	PF06007.10	468.2	2e-142	468.0	2.4e-142
AG-912-K17_49_2_514_1455_F	PF06007.10	473.3	5.5e-144	473.1	6.4e-144
AG-912-L09_2_46_46900_47781_F	PF06007.10	467.4	3.5e-142	467.2	4.1e-142
AG-912-N08_5_57_45937_46827_F	PF06007.10	465.7	1.1e-141	465.5	1.3e-141
AG-913-A04_4_79_78173_79054_F	PF06007.10	467.7	2.9e-142	467.5	3.3e-142
AG-913-A16_9_1_3_290_R	PF06007.10	168.8	3.7e-51	168.7	4.1e-51
AG-913-A21_2_48_51231_52121_R	PF06007.10	472.7	8.2e-144	472.5	9.6e-144
AG-913-C03_2_111_95767_96648_R	PF06007.10	467.4	3.5e-142	467.2	4.1e-142
AG-913-D08_4_13_9260_10141_R	PF06007.10	469.4	8.3e-143	469.2	9.8e-143
AG-913-E02_14_16_12624_13514_R	PF06007.10	465.7	1.1e-141	465.5	1.3e-141
AG-913-E04_5_23_18584_19465_R	PF06007.10	471.4	2.1e-143	471.2	2.4e-143
AG-913-E15_15_2_760_1650_R	PF06007.10	465.4	1.5e-141	465.2	1.7e-141
AG-913-K08_1_5_2241_3122_R	PF06007.10	467.0	4.7e-142	466.8	5.4e-142
AG-913-L10_29_8_5686_6600_F	PF06007.10	479.0	1e-145	478.7	1.2e-145
AG-913-M21_8_26_25133_26029_R	PF06007.10	479.5	7.1e-146	479.3	8.4e-146
AG-913-N07_23_4_1695_2585_R	PF06007.10	465.7	1.1e-141	465.5	1.3e-141
AG-913-N19_4_41_40146_41027_F	PF06007.10	467.4	3.5e-142	467.2	4.1e-142
AG-913-O20_2_38_36084_37022_R	PF06007.10	391.9	3.5e-119	391.6	4.5e-119
AG-913-P10_29_3_1662_2543_F	PF06007.10	469.5	8.1e-143	469.3	9.5e-143
AG-913-P21_8_35_33216_34094_F	PF06007.10	472.2	1.2e-143	471.9	1.4e-143
AG-914-B16_2_72_62679_63569_F	PF06007.10	465.7	1.1e-141	465.5	1.3e-141
AG-914-C16_12_6_4892_5824_F	PF06007.10	489.5	6.5e-149	489.3	7.5e-149
AG-914-D20_3_37_31310_32191_R	PF06007.10	467.4	3.5e-142	467.2	4.1e-142
AG-914-E17_20_24_19052_19933_R	PF06007.10	471.4	2.1e-143	471.2	2.4e-143
AG-914-F14_6_49_39756_40592_R	PF06007.10	464.7	2.4e-141	464.4	2.8e-141
AG-914-F19_10_3_1212_2060_F	PF06007.10	463.2	6.6e-141	463.0	7.7e-141
AG-914-G18_4_88_74833_75723_R	PF06007.10	464.9	2e-141	464.8	2.2e-141
AG-914-G22_6_36_32414_33295_F	PF06007.10	467.4	3.5e-142	467.2	4.1e-142
AG-914-I03_34_4_1731_2612_R	PF06007.10	469.8	6.6e-143	469.5	7.8e-143
AG-914-I06_34_4_2489_2731_R	PF06007.10	111.8	8.8e-34	111.7	9.6e-34
AG-914-I15_9_12_8921_9802_R	PF06007.10	469.5	8.1e-143	469.3	9.5e-143
AG-914-J03_2_25_18930_19856_R	PF06007.10	384.8	5.2e-117	384.6	6e-117
AG-914-J10_4_77_78318_79181_R	PF06007.10	464.7	2.3e-141	464.5	2.6e-141
AG-914-M13_31_2_212_1093_R	PF06007.10	469.5	8.1e-143	469.3	9.5e-143
AG-914-O08_8_14_13366_14199_R	PF06007.10	464.0	3.9e-141	463.8	4.4e-141
AG-914-O23_60_10_7554_7967_R	PF06007.10	129.1	4.7e-39	128.9	5.4e-39
AG-914-P23_6_64_62355_63236_F	PF06007.10	467.4	3.5e-142	467.2	4.1e-142
AG-915-A21_2_34_32361_33317_F	PF06007.10	468.5	1.6e-142	468.3	1.8e-142
AG-915-E06_4_41_34837_35718_R	PF06007.10	467.4	3.5e-142	467.2	4.1e-142
AG-915-E09_17_16_12914_13792_F	PF06007.10	472.2	1.2e-143	471.9	1.4e-143
AG-915-E23_1_51_45098_45946_R	PF06007.10	479.2	9.1e-146	479.0	1e-145
AG-915-G06_1_113_81820_82650_R	PF06007.10	463.5	5.4e-141	463.4	6e-141
AG-915-G10_6_77_76498_77379_F	PF06007.10	467.4	3.5e-142	467.2	4.1e-142
AG-915-I10_2_166_159855_160685_F	PF06007.10	463.5	5.4e-141	463.4	6e-141
AG-915-K03_21_13_9824_10705_F	PF06007.10	469.7	6.9e-143	469.5	8.1e-143
AG-915-K07_2_33_28801_29682_F	PF06007.10	468.8	1.3e-142	468.6	1.5e-142
AG-915-M14_1_263_235680_236558_F	PF06007.10	471.9	1.5e-143	471.6	1.8e-143
AG-915-P01_3_100_81489_82370_R	PF06007.10	467.4	3.5e-142	467.2	4.1e-142
AG-916-A10_10_32_27645_28526_F	PF06007.10	469.8	6.6e-143	469.5	7.8e-143
AG-916-A18_3_62_54148_55062_R	PF06007.10	479.4	7.7e-146	479.2	9e-146
AG-916-B07_8_14_10271_11161_R	PF06007.10	465.7	1.1e-141	465.5	1.3e-141
AG-916-B15_8_50_48221_49102_F	PF06007.10	469.5	8.1e-143	469.3	9.5e-143
AG-916-D05_1_84_83580_84461_F	PF06007.10	467.4	3.5e-142	467.2	4.1e-142
AG-916-E11_5_58_53456_54292_F	PF06007.10	467.2	4.1e-142	467.0	4.7e-142
AG-916-F03_7_28_23919_24800_F	PF06007.10	469.8	6.7e-143	469.5	7.8e-143
AG-916-I16_7_22_14951_15841_F	PF06007.10	465.7	1.1e-141	465.5	1.3e-141
AG-916-J06_12_11_7220_8101_R	PF06007.10	467.4	3.5e-142	467.2	4.1e-142
AG-916-K21_70_6_2890_3693_R	PF06007.10	458.0	2.6e-139	457.9	2.8e-139
AG-916-K23_37_1_2_799_R	PF06007.10	430.5	6.3e-131	430.3	7.2e-131
AG-916-L04_5_16_11210_12091_R	PF06007.10	467.4	3.5e-142	467.2	4.1e-142
AG-916-L17_14_11_7778_8659_F	PF06007.10	471.4	2.1e-143	471.2	2.4e-143
AG-916-M03_11_5_2624_3460_F	PF06007.10	467.2	4.1e-142	467.0	4.7e-142
AG-916-M06_29_4_1643_2524_R	PF06007.10	466.1	8.9e-142	465.9	1e-141
AG-916-M14_6_39_38809_39639_F	PF06007.10	461.7	1.9e-140	461.6	2.1e-140
AG-916-M15_1_20_13838_14248_R	PF06007.10	204.6	4.5e-62	204.5	5e-62
AG-916-M15_1_21_14391_14720_R	PF06007.10	156.8	1.7e-47	156.6	2e-47
AG-916-O10_2_91_79130_80020_R	PF06007.10	465.7	1.1e-141	465.5	1.3e-141
AG-916-O20_14_23_19015_19896_F	PF06007.10	469.5	8.1e-143	469.3	9.5e-143
AG-917-A09_8_37_29836_30717_F	PF06007.10	467.4	3.5e-142	467.2	4.1e-142
AG-917-A23_2_3_1393_2274_R	PF06007.10	469.2	1e-142	468.9	1.2e-142
AG-917-B08_12_18_12814_13695_R	PF06007.10	467.7	2.9e-142	467.5	3.3e-142
AG-917-B23_3_12_7597_8487_F	PF06007.10	465.7	1.1e-141	465.5	1.3e-141
AG-917-C07_3_19_17395_18231_R	PF06007.10	464.8	2.2e-141	464.6	2.6e-141
AG-917-C08_3_2_731_1612_R	PF06007.10	467.4	3.5e-142	467.2	4.1e-142
AG-917-C10_15_21_15691_16572_F	PF06007.10	469.5	8.1e-143	469.3	9.5e-143
AG-917-C11_19_10_7588_8469_F	PF06007.10	467.4	3.5e-142	467.2	4.1e-142
AG-917-C18_2_1_1_216_R	PF06007.10	125.3	7e-38	125.1	7.8e-38
AG-917-D08_4_33_28114_28977_F	PF06007.10	464.7	2.3e-141	464.5	2.6e-141
AG-917-E05_7_22_21044_21925_R	PF06007.10	469.5	8.1e-143	469.3	9.5e-143
AG-917-F17_6_3_1608_2489_F	PF06007.10	469.5	8.1e-143	469.3	9.5e-143
AG-917-F20_10_7_4117_5007_F	PF06007.10	472.5	9.8e-144	472.3	1.1e-143
AG-917-G04_3_102_84854_85732_R	PF06007.10	472.2	1.2e-143	471.9	1.4e-143
AG-917-G18_17_31_33985_34905_R	PF06007.10	479.7	6.2e-146	479.5	7.1e-146
AG-917-I17_14_2_998_1879_F	PF06007.10	467.4	3.5e-142	467.2	4.1e-142
AG-917-M22_2_29_23718_24599_R	PF06007.10	467.4	3.5e-142	467.2	4.1e-142
AG-917-N15_23_3_1549_2439_R	PF06007.10	465.7	1.1e-141	465.5	1.3e-141
AG-917-O23_34_10_7401_8237_R	PF06007.10	467.2	4.1e-142	467.0	4.7e-142
AG-917-P07_1_221_192086_192967_R	PF06007.10	467.4	3.5e-142	467.2	4.1e-142
AG-918-A01_7_46_40425_41306_R	PF06007.10	467.4	3.5e-142	467.2	4.1e-142
AG-918-C09_20_10_8030_8866_R	PF06007.10	464.6	2.4e-141	464.4	2.8e-141
AG-918-C15_2_144_141527_142408_F	PF06007.10	469.5	8.1e-143	469.3	9.5e-143
AG-918-C19_43_7_4414_5250_R	PF06007.10	466.9	5.1e-142	466.7	5.8e-142
AG-918-D14_1_88_71545_72426_R	PF06007.10	469.7	6.9e-143	469.5	8.1e-143
AG-918-D16_4_16_12119_13009_R	PF06007.10	465.7	1.1e-141	465.5	1.3e-141
AG-918-E15_1_214_211720_212568_R	PF06007.10	483.4	4.5e-147	483.2	5.3e-147
AG-918-I11_36_4_1908_2789_R	PF06007.10	471.4	2.1e-143	471.2	2.4e-143
AG-918-I18_9_56_53271_54107_R	PF06007.10	467.2	4.1e-142	467.0	4.7e-142
AG-918-K09_7_20_16445_17326_F	PF06007.10	467.4	3.5e-142	467.2	4.1e-142
AG-918-L07_9_53_51237_52118_F	PF06007.10	467.7	2.9e-142	467.5	3.3e-142
AG-918-L21_20_12_7856_8737_F	PF06007.10	467.5	3.4e-142	467.2	3.9e-142
AG-918-M19_4_48_40201_41082_R	PF06007.10	469.5	7.8e-143	469.3	9.1e-143
AG-918-N05_1_137_118625_119506_R	PF06007.10	469.5	7.8e-143	469.3	9.1e-143
AG-918-P10_11_25_20097_20978_F	PF06007.10	469.5	8.1e-143	469.3	9.5e-143
AG-919-B14_3_61_60002_60883_F	PF06007.10	469.8	6.6e-143	469.5	7.8e-143
AG-919-D14_27_9_5938_6801_R	PF06007.10	464.7	2.3e-141	464.5	2.6e-141
AG-919-E16_13_14_11271_12152_F	PF06007.10	471.4	2.1e-143	471.2	2.4e-143
AG-919-F15_1_15_11106_11987_F	PF06007.10	467.4	3.5e-142	467.2	4.1e-142
AG-919-F22_2_43_41424_42305_F	PF06007.10	467.4	3.5e-142	467.2	4.1e-142
AG-919-I04_16_12_9330_10211_F	PF06007.10	471.4	2.1e-143	471.2	2.4e-143
AG-919-I05_7_44_42607_43488_F	PF06007.10	471.4	2.1e-143	471.2	2.4e-143
AG-919-I11_6_31_27237_28118_F	PF06007.10	469.5	8.1e-143	469.3	9.5e-143
AG-919-I17_41_5_2406_3275_F	PF06007.10	480.2	4.5e-146	480.0	5.1e-146
AG-919-I20_4_40_32865_33746_F	PF06007.10	469.5	8.1e-143	469.3	9.5e-143
AG-919-J02_17_3_1343_2221_F	PF06007.10	472.2	1.2e-143	471.9	1.4e-143
AG-919-J14_32_3_1496_2377_R	PF06007.10	469.5	7.8e-143	469.3	9.1e-143
AG-919-K06_10_4_1835_2725_R	PF06007.10	465.7	1.1e-141	465.5	1.3e-141
AG-919-K16_29_4_2038_2919_F	PF06007.10	468.8	1.3e-142	468.6	1.5e-142
AG-919-L06_1_15_10137_11018_R	PF06007.10	467.7	2.9e-142	467.5	3.3e-142
AG-919-L13_49_12_12475_12999_R	PF06007.10	259.8	6.6e-79	259.7	7.4e-79
AG-919-O09_22_5_2802_3683_F	PF06007.10	467.0	4.6e-142	466.8	5.3e-142
AG-919-O13_9_32_27079_27960_R	PF06007.10	467.7	2.9e-142	467.5	3.3e-142
AG-919-P09_3_106_97352_98242_F	PF06007.10	465.7	1.1e-141	465.5	1.3e-141
AG-919-P14_2_48_40308_41189_R	PF06007.10	467.4	3.5e-142	467.2	4.1e-142
AG-920-B04_7_11_9861_10742_F	PF06007.10	471.4	2.1e-143	471.2	2.4e-143
AG-920-E03_9_49_43456_44292_R	PF06007.10	466.0	9.3e-142	465.8	1.1e-141
AG-920-I14_7_28_24621_25502_F	PF06007.10	467.4	3.5e-142	467.2	4.1e-142
AG-920-J03_12_17_11614_12495_F	PF06007.10	467.4	3.5e-142	467.2	4.1e-142
AG-920-J04_13_29_21994_22875_R	PF06007.10	467.4	3.5e-142	467.2	4.1e-142
AG-920-M15_14_9_5683_6573_R	PF06007.10	465.7	1.1e-141	465.5	1.3e-141
AG-920-N08_1_259_244829_245710_F	PF06007.10	466.4	7.2e-142	466.2	8.4e-142
AG-920-O11_2_76_62593_63474_R	PF06007.10	467.4	3.5e-142	467.2	4.1e-142
AG-920-P15_5_24_17181_18062_R	PF06007.10	467.4	3.5e-142	467.2	4.1e-142
AG-920-P23_11_15_10492_10842_F	PF06007.10	155.0	6e-47	154.8	7e-47
AG-920-P23_11_16_10962_11372_F	PF06007.10	204.6	4.5e-62	204.5	5e-62
AH-287-C18_25_30_28694_29626_R	PF06007.10	489.2	8e-149	489.0	9.3e-149
AH-324-F23_4_28_25164_26096_F	PF06007.10	486.6	4.9e-148	486.4	5.6e-148
